{
  "0": {
    "t_stat": -0.8880469388287222,
    "p_value": 0.3871394460716211
  },
  "1": {
    "t_stat": -0.08602889684979091,
    "p_value": 0.9325321264993842
  },
  "2": {
    "t_stat": -0.7805500500655715,
    "p_value": 0.44577777552323217
  },
  "3": {
    "t_stat": -0.015140279856221404,
    "p_value": 0.9881397177064049
  }
}