{
  "entropy_trace": [
    -0.0,
    0.17391711692221742,
    0.290629793328508,
    0.38792567937193734,
    0.43312311020240934,
    0.49385372369952063,
    0.5628977911449632,
    0.6270840510319262,
    0.6622595460438849,
    0.7035587015314071,
    0.7471781328795917,
    0.7762640017033954,
    0.8016291015856118,
    0.8175566363115494,
    0.8414646362081757,
    0.8595063876013986,
    0.8849272200994921,
    0.8977369399155668,
    0.9076140601356765,
    0.9159448069797607,
    0.918961058506293,
    0.9257724232145381,
    0.934068055375491,
    0.9418499821369986,
    0.94433082595598,
    0.9483407304604878,
    0.9529477519400049,
    0.9521953766259577,
    0.9551678918612524,
    0.9594423211075276,
    0.9558956318258475,
    0.9601333007496377,
    0.9679505356936393,
    0.9697686402763742,
    0.9715325521731815,
    0.9703626255019485,
    0.9709505944546686,
    0.9759723949639902,
    0.9785531675659291,
    0.9814538950336537,
    0.9841414105340351,
    0.9819165980553664,
    0.9849900098451574,
    0.9866165198488093,
    0.9888799605926126,
    0.9915697693063807,
    0.9899325174518772,
    0.9909324035683699,
    0.9906049558738163,
    0.9899325174518772,
    0.9912540071703689
  ],
  "flip_trace": [
    0,
    54,
    48,
    53,
    40,
    48,
    53,
    59,
    51,
    57,
    52,
    49,
    48,
    44,
    51,
    53,
    54,
    47,
    40,
    45,
    47,
    58,
    40,
    61,
    55,
    49,
    50,
    42,
    67,
    46,
    50,
    49,
    56,
    37,
    47,
    36,
    45,
    58,
    40,
    60,
    53,
    49,
    54,
    47,
    47,
    47,
    48,
    48,
    48,
    34,
    49
  ],
  "cumulative_landauer_energy": [
    0.0,
    7.203554806846277e-22,
    1.2074287042978842e-21,
    1.6161695699948144e-21,
    1.8072838649740146e-21,
    2.0649767483302757e-21,
    2.3590060700814142e-21,
    2.633587613664892e-21,
    2.784829703679195e-21,
    2.963109167523482e-21,
    3.152105923276688e-21,
    3.278605524844534e-21,
    3.389277223387235e-21,
    3.458960515354957e-21,
    3.563772373276672e-21,
    3.643014878590832e-21,
    3.754843502905246e-21,
    3.811285463239315e-21,
    3.854861526923293e-21,
    3.891650388695651e-21,
    3.904979261928278e-21,
    3.935089045377464e-21,
    3.9717662940820176e-21,
    4.006174856699709e-21,
    4.01714409557657e-21,
    4.034871331822915e-21,
    4.0552331437708985e-21,
    4.0552331437708985e-21,
    4.0683608851441674e-21,
    4.087229110712401e-21,
    4.087229110712401e-21,
    4.1059140796110805e-21,
    4.140361269752026e-21,
    4.148368405924914e-21,
    4.1561323891855044e-21,
    4.1561323891855044e-21,
    4.158717219981336e-21,
    4.180779894763779e-21,
    4.192111292121938e-21,
    4.204839862596197e-21,
    4.21662591409719e-21,
    4.21662591409719e-21,
    4.230088426699007e-21,
    4.237208894230863e-21,
    4.247111984033904e-21,
    4.2588739123110985e-21,
    4.2588739123110985e-21,
    4.263241355436046e-21,
    4.263241355436046e-21,
    4.263241355436046e-21,
    4.26900396321481e-21
  ],
  "adaptive_temperature_trace": [
    300.0,
    300.0,
    302.26853726689023,
    304.27782297208756,
    306.2641345522796,
    307.3346124572731,
    308.4473130117255,
    309.8460679787643,
    311.4219141437617,
    312.66326998616506,
    313.8275505291849,
    315.0096323396963,
    316.0215623936251,
    316.8814495572233,
    317.529362531691,
    318.1238434663232,
    318.62506030019,
    319.1384826810572,
    319.5467276236391,
    319.852044628,
    320.06825354827396,
    320.17706158475147,
    320.23144930046124,
    320.25514011773333,
    320.2534281304616,
    320.20176370486644,
    320.12006943768654,
    320.0187885385849,
    319.87672453209876,
    319.71988213349607,
    319.5579644989039,
    319.36114231693233,
    319.1665394971103,
    318.9885321718216,
    318.8044819317313,
    318.6161512441739,
    318.41567750388396,
    318.2111727807306,
    318.01708104395306,
    317.82599945079966,
    317.6391857464751,
    317.45625673912923,
    317.2649437041585,
    317.07973684674926,
    316.8971295470862,
    316.71880341316603,
    316.5457271644906,
    316.368647015902,
    316.1938178138794,
    316.0188467771699,
    315.84353365025373
  ]
}