{
  "0": {
    "t_stat": -0.740900939709849,
    "p_value": 0.47103866982822074
  },
  "1": {
    "t_stat": 1.0022399417776828,
    "p_value": 0.3321384437051049
  },
  "2": {
    "t_stat": -0.5803053333366606,
    "p_value": 0.5693394352968717
  },
  "3": {
    "t_stat": 0.2140614673845567,
    "p_value": 0.8331758785085621
  },
  "4": {
    "t_stat": 0.28624994150761135,
    "p_value": 0.7783437319327973
  },
  "5": {
    "t_stat": -0.3012306778200932,
    "p_value": 0.7667484248029146
  }
}