{
  "0": {
    "t_stat": -0.85211024151603,
    "p_value": 0.4054448613114878
  },
  "1": {
    "t_stat": 1.2846269069238259,
    "p_value": 0.2237531133540016
  },
  "2": {
    "t_stat": -0.7804134260827705,
    "p_value": 0.44756583410733786
  },
  "3": {
    "t_stat": 0.28486415123882636,
    "p_value": 0.7792414011782018
  },
  "4": {
    "t_stat": 1.0462609036719945,
    "p_value": 0.3100875774122825
  },
  "5": {
    "t_stat": 0.5606378486671605,
    "p_value": 0.5833326948529789
  }
}