Prime,Modulation,Peak Count
2,6.283185307179586,16
3,9.42477796076938,15
5,15.707963267948966,16
7,21.991148575128552,15
11,34.55751918948772,18
