{
    "0.5": {
        "Observed Probabilities": [
            0.5076,
            0.4924
        ],
        "Absolute Error": [
            0.007600000000000051,
            0.007599999999999996
        ],
        "RMS Error": 0.007600000000000023,
        "KL Divergence": 0.00011553334692616761,
        "Chi2 Statistic": 1.1250649837534614,
        "Chi2 p-value": 0.28883044008246994
    },
    "0.7": {
        "Observed Probabilities": [
            0.7113,
            0.2887
        ],
        "Absolute Error": [
            0.011300000000000088,
            0.011300000000000032
        ],
        "RMS Error": 0.01130000000000006,
        "KL Divergence": 0.00030855370894807346,
        "Chi2 Statistic": 3.0196225758240125,
        "Chi2 p-value": 0.08226260897875097
    },
    "0.8": {
        "Observed Probabilities": [
            0.8038,
            0.1962
        ],
        "Absolute Error": [
            0.0037999999999999146,
            0.0037999999999999423
        ],
        "RMS Error": 0.0037999999999999284,
        "KL Divergence": 4.556040561606942e-05,
        "Chi2 Statistic": 0.4308923298584253,
        "Chi2 p-value": 0.5115514201419096
    }
}