{
    "0.5": {
        "Mean Observed Probabilities": [
            0.50025,
            0.49974999999999997
        ],
        "Std Observed Probabilities": [
            0.005430147327651436,
            0.005430147327651447
        ],
        "Confidence Intervals": [
            [
                0.49045018130227724,
                0.5100498186977227
            ],
            [
                0.48995018130227724,
                0.5095498186977226
            ]
        ],
        "Mean Absolute Error": [
            0.004070000000000007,
            0.004070000000000007
        ],
        "Std Absolute Error": [
            0.0036033456675706238,
            0.003603345667570639
        ],
        "Mean RMS Error": 0.004070000000000007,
        "Std RMS Error": 0.0036033456675706307,
        "Mean KL Divergence": 5.91067032384681e-05,
        "Std KL Divergence": 7.218500977871821e-05,
        "Mean Chi2 Statistic": 0.57494253282183,
        "Std Chi2 Statistic": 0.7078849781912905,
        "Mean Chi2 p-value": 0.6235682531822059,
        "Std Chi2 p-value": 0.31713390554215026
    },
    "0.7": {
        "Mean Observed Probabilities": [
            0.7001700000000001,
            0.29983000000000004
        ],
        "Std Observed Probabilities": [
            0.005772356537844851,
            0.005772356537844832
        ],
        "Confidence Intervals": [
            [
                0.6911897715946208,
                0.7091502284053793
            ],
            [
                0.29084977159462083,
                0.30881022840537925
            ]
        ],
        "Mean Absolute Error": [
            0.004730000000000001,
            0.004729999999999989
        ],
        "Std Absolute Error": [
            0.003313019770541704,
            0.0033130197705416864
        ],
        "Mean RMS Error": 0.0047299999999999955,
        "Std RMS Error": 0.0033130197705416946,
        "Mean KL Divergence": 7.96693098132109e-05,
        "Std KL Divergence": 9.51245614881588e-05,
        "Mean Chi2 Statistic": 0.7736438713529917,
        "Std Chi2 Statistic": 0.9336891159255339,
        "Mean Chi2 p-value": 0.5302974026425582,
        "Std Chi2 p-value": 0.27761798286864764
    },
    "0.8": {
        "Mean Observed Probabilities": [
            0.79954,
            0.20046
        ],
        "Std Observed Probabilities": [
            0.003762499169435116,
            0.003762499169435122
        ],
        "Confidence Intervals": [
            [
                0.7916933902792807,
                0.8073866097207194
            ],
            [
                0.19261339027928057,
                0.20830660972071943
            ]
        ],
        "Mean Absolute Error": [
            0.0031400000000000204,
            0.003140000000000015
        ],
        "Std Absolute Error": [
            0.0021232993194554213,
            0.0021232993194554386
        ],
        "Mean RMS Error": 0.0031400000000000178,
        "Std RMS Error": 0.00212329931945543,
        "Mean KL Divergence": 4.4876727028892244e-05,
        "Std KL Divergence": 5.159978561153943e-05,
        "Mean Chi2 Statistic": 0.4294835957553137,
        "Std Chi2 Statistic": 0.503487744802908,
        "Mean Chi2 p-value": 0.6176023471039134,
        "Std Chi2 p-value": 0.2379193850346772
    }
}