{
  "0": {
    "t_stat": 0.687771684011301,
    "p_value": 0.5003685110027547
  },
  "1": {
    "t_stat": -0.612410006217817,
    "p_value": 0.5516091658450214
  },
  "2": {
    "t_stat": -0.49691234325407013,
    "p_value": 0.6257728132900706
  },
  "3": {
    "t_stat": 0.6728676582089124,
    "p_value": 0.5103040028153683
  },
  "4": {
    "t_stat": -0.47936644127895806,
    "p_value": 0.6375190453402177
  }
}