{
  "0": {
    "t_stat": 1.7516641980425594,
    "p_value": 0.09772738346190454
  },
  "1": {
    "t_stat": 0.3846709429223417,
    "p_value": 0.7050151370372897
  },
  "2": {
    "t_stat": 0.4517663230346779,
    "p_value": 0.6569994972601735
  },
  "3": {
    "t_stat": -0.5632389278342324,
    "p_value": 0.5812405747398887
  },
  "4": {
    "t_stat": 1.071229404476857,
    "p_value": 0.2982204304490463
  }
}