{
  "0": {
    "t_stat": 0.11400054178422854,
    "p_value": 0.9105022390960711
  },
  "1": {
    "t_stat": 0.8581295967293567,
    "p_value": 0.40225383360534295
  },
  "2": {
    "t_stat": -0.1495554880129205,
    "p_value": 0.8828601676676409
  },
  "3": {
    "t_stat": -1.2874738036815885,
    "p_value": 0.2146610998301265
  },
  "4": {
    "t_stat": 1.5625372468613228,
    "p_value": 0.13719390994995342
  }
}