test_id,geometry,reynolds,velocity,pressure_gradient,expected_regime,hash,simulation_time,entropy_time,total_time,velocity_stats,tree_nodes,tree_depth,navigation_path,path_length,velocity_field_shape,success
2179,channel,2464.285714285714,0.5,-0.25,transition,eee996277560baebc5bba776d7fc39eeba6bab287968fa97ef204efd4c18343a,0.0,0.0,0.0,"{'mean': -0.029256356969529614, 'std': 0.9833217427687496, 'min': -3.6484128252147836, 'max': 3.1788536793675353, 'skewness': -0.04588912403417841, 'kurtosis': 0.09801182439059009}",3,1,"[0, 2]",2,"(32, 32)",True
3439,cavity,1500.0,1.5,-0.25,laminar,f48d286fc5c37e6d91e65b4c581c543511c6f2aa8f1aea7ef0133b00480f04d3,0.0010221004486083984,0.0,0.0010221004486083984,"{'mean': -0.029256356969529614, 'std': 0.9833217427687496, 'min': -3.6484128252147836, 'max': 3.1788536793675353, 'skewness': -0.04588912403417841, 'kurtosis': 0.09801182439059009}",3,1,"[0, 2]",2,"(32, 32)",True
2719,channel,17409.116166580472,2.0,-0.25,turbulent,b73fbcee8d31878af710b3c1253fd10aa9f23a6c116a767421fe126a7714d31f,0.0,0.0,0.0,"{'mean': -0.029256356969529614, 'std': 0.9833217427687496, 'min': -3.6484128252147836, 'max': 3.1788536793675353, 'skewness': -0.04588912403417841, 'kurtosis': 0.09801182439059009}",3,1,"[0, 2]",2,"(32, 32)",True
2609,channel,10892.693033225416,1.0,-0.25,turbulent,d5ecac6554fe395a1cd235cd3ff510802a2900c3c70a19713d85a6c3b48a0359,0.0,0.0,0.0,"{'mean': -0.029256356969529614, 'std': 0.9833217427687496, 'min': -3.6484128252147836, 'max': 3.1788536793675353, 'skewness': -0.04588912403417841, 'kurtosis': 0.09801182439059009}",3,1,"[0, 2]",2,"(32, 32)",True
2539,channel,7663.09432393553,1.5,-0.25,turbulent,273173fcbbfec79c55335ef27ebd933fca3fe4605c127b83ac6fa65bb28e34fa,0.0,0.0,0.0,"{'mean': -0.029256356969529614, 'std': 0.9833217427687496, 'min': -3.6484128252147836, 'max': 3.1788536793675353, 'skewness': -0.04588912403417841, 'kurtosis': 0.09801182439059009}",3,1,"[0, 2]",2,"(32, 32)",True
1361,pipe,31284.451574100145,1.5,-0.1,turbulent,53178ba8f7aba5ebb7d94305e474917ab3d183767bd095e30d986843abe74db3,0.0,0.0,0.0,"{'mean': -0.029256356969529614, 'std': 0.9833217427687496, 'min': -3.6484128252147836, 'max': 3.1788536793675353, 'skewness': -0.04588912403417841, 'kurtosis': 0.09801182439059009}",3,1,"[0, 2]",2,"(32, 32)",True
3142,cavity,558.9473684210526,2.0,-0.15,laminar,9cc2a866d4c4ee1fc5e4abbaf550294688dce3730a2f4ccb6d9f9467d9d6f7f9,0.0,0.0,0.0,"{'mean': 0.6451612903225806, 'std': 0.31691168593614655, 'min': 0.0, 'max': 0.9989594172736732, 'skewness': -0.6304339420761846, 'kurtosis': -0.882180438157667}",3,1,"[0, 1]",2,"(32, 32)",True
2623,channel,10892.693033225416,2.5,-0.2,turbulent,a107de6316a996489161af977ffa6147f922db785525dee7e8e031a8c71b4f2f,0.0,0.0009958744049072266,0.0009958744049072266,"{'mean': -0.029256356969529614, 'std': 0.9833217427687496, 'min': -3.6484128252147836, 'max': 3.1788536793675353, 'skewness': -0.04588912403417841, 'kurtosis': 0.09801182439059009}",3,1,"[0, 2]",2,"(32, 32)",True
2733,channel,19574.338205844306,1.0,-0.2,turbulent,3774062e06ae89c3447383e8a2e96ffeb653e9986f878202af67a59bc0a0e529,0.0,0.0,0.0,"{'mean': -0.029256356969529614, 'std': 0.9833217427687496, 'min': -3.6484128252147836, 'max': 3.1788536793675353, 'skewness': -0.04588912403417841, 'kurtosis': 0.09801182439059009}",3,1,"[0, 2]",2,"(32, 32)",True
3138,cavity,558.9473684210526,1.5,-0.2,laminar,f8cdddfde9b9cb47ad13beb29ecdeb74870b007e6acdaed8400af34d5eb1b90c,0.0,0.0,0.0,"{'mean': 0.6451612903225806, 'std': 0.31691168593614655, 'min': 0.0, 'max': 0.9989594172736732, 'skewness': -0.6304339420761846, 'kurtosis': -0.882180438157667}",3,1,"[0, 1]",2,"(32, 32)",True
774,pipe,2678.5714285714284,2.5,-0.25,turbulent,992bcb0fa3c6929ed0b033f0f08f95588febde21594da124f80924769362c765,0.0,0.0,0.0,"{'mean': -0.029256356969529614, 'std': 0.9833217427687496, 'min': -3.6484128252147836, 'max': 3.1788536793675353, 'skewness': -0.04588912403417841, 'kurtosis': 0.09801182439059009}",3,1,"[0, 2]",2,"(32, 32)",True
3012,cavity,166.8421052631579,1.5,-0.15,laminar,13e136ef4bde2a61e44348958ff72fae0686e2f840fd624d77aa925bb115e252,0.0,0.0,0.0,"{'mean': 0.6451612903225806, 'std': 0.31691168593614655, 'min': 0.0, 'max': 0.9989594172736732, 'skewness': -0.6304339420761846, 'kurtosis': -0.882180438157667}",3,1,"[0, 1]",2,"(32, 32)",True
4162,cavity,15483.400895311179,1.5,-0.15,turbulent,b502c274ed96907f7e38666f62424ddc88022c7363e96006d773032795008fb6,0.0,0.0,0.0,"{'mean': -0.029256356969529614, 'std': 0.9833217427687496, 'min': -3.6484128252147836, 'max': 3.1788536793675353, 'skewness': -0.04588912403417841, 'kurtosis': 0.09801182439059009}",3,1,"[0, 2]",2,"(32, 32)",True
3232,cavity,872.6315789473684,1.0,-0.15,laminar,e94a3fd55e02458798b04ef70e282fc7c858baeadac80337d64581553c6c5bc1,0.0011615753173828125,0.0,0.0011615753173828125,"{'mean': -0.029256356969529614, 'std': 0.9833217427687496, 'min': -3.6484128252147836, 'max': 3.1788536793675353, 'skewness': -0.04588912403417841, 'kurtosis': 0.09801182439059009}",3,1,"[0, 2]",2,"(32, 32)",True
1854,channel,1186.3157894736842,0.5,-0.25,laminar,807d78f49a3343e222a02e2765f5d5afdaae3b06c59582816f2aade805d15803,0.0,0.0,0.0,"{'mean': -0.029256356969529614, 'std': 0.9833217427687496, 'min': -3.6484128252147836, 'max': 3.1788536793675353, 'skewness': -0.04588912403417841, 'kurtosis': 0.09801182439059009}",3,1,"[0, 2]",2,"(32, 32)",True
3473,cavity,1607.142857142857,2.5,-0.2,transition,1e905e4fb1d7dceac3d198d96d7eecbe26861bb46d099c8b0b0e8e0ab03e9714,0.0,0.0,0.0,"{'mean': -0.029256356969529614, 'std': 0.9833217427687496, 'min': -3.6484128252147836, 'max': 3.1788536793675353, 'skewness': -0.04588912403417841, 'kurtosis': 0.09801182439059009}",3,1,"[0, 2]",2,"(32, 32)",True
2448,channel,4794.714065698457,2.5,-0.2,turbulent,622c107b94b11d41dbf37a51b1bf42e2130892dd0ed39c9038dc794a996dacf3,0.0,0.0,0.0,"{'mean': -0.029256356969529614, 'std': 0.9833217427687496, 'min': -3.6484128252147836, 'max': 3.1788536793675353, 'skewness': -0.04588912403417841, 'kurtosis': 0.09801182439059009}",3,1,"[0, 2]",2,"(32, 32)",True
1331,pipe,27823.91138509389,1.0,-0.1,turbulent,eb1260535bf5c90eda60d23d57fffe7220d819c17ec60efb58806fb25eadc27e,0.0,0.0,0.0,"{'mean': -0.029256356969529614, 'std': 0.9833217427687496, 'min': -3.6484128252147836, 'max': 3.1788536793675353, 'skewness': -0.04588912403417841, 'kurtosis': 0.09801182439059009}",3,1,"[0, 2]",2,"(32, 32)",True
871,pipe,3000.0000000000014,2.5,-0.1,turbulent,5369bee20f5c0c78b53b27ba7b79204b3e7405faf5d0cd43854f0c5c98bedadc,0.0,0.0,0.0,"{'mean': 0.6451612903225806, 'std': 0.31691168593614655, 'min': 0.0, 'max': 0.9989594172736732, 'skewness': -0.6304339420761846, 'kurtosis': -0.882180438157667}",3,1,"[0, 1]",2,"(32, 32)",True
3457,cavity,1607.142857142857,1.0,-0.15,transition,8e9b1c937d3daa8cf297ee46a8c8641ce40734ed6bf41ef6c422c45eff3314ec,0.0009963512420654297,0.0,0.0009963512420654297,"{'mean': -0.029256356969529614, 'std': 0.9833217427687496, 'min': -3.6484128252147836, 'max': 3.1788536793675353, 'skewness': -0.04588912403417841, 'kurtosis': 0.09801182439059009}",3,1,"[0, 2]",2,"(32, 32)",True
1157,pipe,12247.448713915892,1.0,-0.15,turbulent,6236113515968e526f223102a0b9a639ca96993e644339d4dbeb72e326391582,0.0,0.0,0.0,"{'mean': -0.029256356969529614, 'std': 0.9833217427687496, 'min': -3.6484128252147836, 'max': 3.1788536793675353, 'skewness': -0.04588912403417841, 'kurtosis': 0.09801182439059009}",3,1,"[0, 2]",2,"(32, 32)",True
2031,channel,1821.4285714285716,1.0,-0.1,transition,20be6a6faadc46aacba6265d98fa37e9372a18d44797e3711668e8451c1d78bd,0.0,0.0,0.0,"{'mean': 0.6451612903225806, 'std': 0.31691168593614655, 'min': 0.0, 'max': 0.9989594172736732, 'skewness': -0.6304339420761846, 'kurtosis': -0.882180438157667}",3,1,"[0, 1]",2,"(32, 32)",True
2751,channel,22008.85516131499,0.5,-0.1,turbulent,8f742882240065021fa6f530276bf25f52a9d2107c13506638994b1aadbaa16f,0.0,0.0,0.0,"{'mean': -0.029256356969529614, 'std': 0.9833217427687496, 'min': -3.6484128252147836, 'max': 3.1788536793675353, 'skewness': -0.04588912403417841, 'kurtosis': 0.09801182439059009}",3,1,"[0, 2]",2,"(32, 32)",True
4397,cavity,44469.233093619056,2.5,-0.15,turbulent,0ee05b044cda0c43aff3cc8bcaadab86d62b0da82dc316b423f2c68b3947bb01,0.0,0.0,0.0,"{'mean': -0.029256356969529614, 'std': 0.9833217427687496, 'min': -3.6484128252147836, 'max': 3.1788536793675353, 'skewness': -0.04588912403417841, 'kurtosis': 0.09801182439059009}",3,1,"[0, 2]",2,"(32, 32)",True
2201,channel,2571.4285714285716,0.5,-0.1,turbulent,181bb263ed4285359c286426dd99c128b26d7f058c3450927455ff281758533d,0.0,0.0,0.0,"{'mean': -0.029256356969529614, 'std': 0.9833217427687496, 'min': -3.6484128252147836, 'max': 3.1788536793675353, 'skewness': -0.04588912403417841, 'kurtosis': 0.09801182439059009}",3,1,"[0, 2]",2,"(32, 32)",True
1317,pipe,24746.16001919883,2.0,-0.15,turbulent,b3db55599c785c11538a8e432f38403b832a06cad107d3b2bee52e87ea98ccc3,0.0009860992431640625,0.0,0.0009860992431640625,"{'mean': 0.6451612903225806, 'std': 0.31691168593614655, 'min': 0.0, 'max': 0.9989594172736732, 'skewness': -0.6304339420761846, 'kurtosis': -0.882180438157667}",3,1,"[0, 1]",2,"(32, 32)",True
987,pipe,5391.046496804163,1.5,-0.15,turbulent,f3534cc8e8bc3dd06246ea7ffc0a374fc165bfb2e68f49be8e9a8660898a66e0,0.0,0.0,0.0,"{'mean': -0.029256356969529614, 'std': 0.9833217427687496, 'min': -3.6484128252147836, 'max': 3.1788536793675353, 'skewness': -0.04588912403417841, 'kurtosis': 0.09801182439059009}",3,1,"[0, 2]",2,"(32, 32)",True
3212,cavity,794.2105263157895,1.5,-0.15,laminar,3071f07439df156407acd0999d0da1c01220c2ebb758058c6a48e1e81395328d,0.0,0.0,0.0,"{'mean': -0.029256356969529614, 'std': 0.9833217427687496, 'min': -3.6484128252147836, 'max': 3.1788536793675353, 'skewness': -0.04588912403417841, 'kurtosis': 0.09801182439059009}",3,1,"[0, 2]",2,"(32, 32)",True
4241,cavity,22008.85516131499,2.0,-0.1,turbulent,bc27bb64f874e2b4a2c8d496ab2111650c962376365b6467edb3cbd10c73264a,0.0,0.0,0.0,"{'mean': -0.029256356969529614, 'std': 0.9833217427687496, 'min': -3.6484128252147836, 'max': 3.1788536793675353, 'skewness': -0.04588912403417841, 'kurtosis': 0.09801182439059009}",3,1,"[0, 2]",2,"(32, 32)",True
3795,cavity,3000.0,2.5,-0.05,turbulent,a6afdd6388074d610383f1a323fef1a26c4ec68f2ff6d8fda1c05d10e29e0d0c,0.0,0.0,0.0,"{'mean': -0.029256356969529614, 'std': 0.9833217427687496, 'min': -3.6484128252147836, 'max': 3.1788536793675353, 'skewness': -0.04588912403417841, 'kurtosis': 0.09801182439059009}",3,1,"[0, 2]",2,"(32, 32)",True
2460,channel,5391.046496804163,1.5,-0.05,turbulent,27ca8003712a18d72527b8c60b8bd21bc3a29792e5b3f59141d25a0e312ca074,0.0,0.0,0.0,"{'mean': -0.029256356969529614, 'std': 0.9833217427687496, 'min': -3.6484128252147836, 'max': 3.1788536793675353, 'skewness': -0.04588912403417841, 'kurtosis': 0.09801182439059009}",3,1,"[0, 2]",2,"(32, 32)",True
2586,channel,9687.79411023482,1.5,-0.1,turbulent,9ccabf36ed1c3026f93248e5cc994f134babee2250b4c0c93e891e23b6060b07,0.0,0.0009984970092773438,0.0009984970092773438,"{'mean': -0.029256356969529614, 'std': 0.9833217427687496, 'min': -3.6484128252147836, 'max': 3.1788536793675353, 'skewness': -0.04588912403417841, 'kurtosis': 0.09801182439059009}",3,1,"[0, 2]",2,"(32, 32)",True
3329,cavity,1186.3157894736842,0.5,-0.25,laminar,3f23adf0d98fe32b14b66e8f7ddec2905b89afee008d16024877d3b7719dee03,0.0,0.0,0.0,"{'mean': -0.029256356969529614, 'std': 0.9833217427687496, 'min': -3.6484128252147836, 'max': 3.1788536793675353, 'skewness': -0.04588912403417841, 'kurtosis': 0.09801182439059009}",3,1,"[0, 2]",2,"(32, 32)",True
2573,channel,8616.175489020434,2.5,-0.2,turbulent,1eced1029acd9401827fdeae654622494afff161c62ed0180e1b0572a29ec410,0.0,0.0,0.0,"{'mean': -0.029256356969529614, 'std': 0.9833217427687496, 'min': -3.6484128252147836, 'max': 3.1788536793675353, 'skewness': -0.04588912403417841, 'kurtosis': 0.09801182439059009}",3,1,"[0, 2]",2,"(32, 32)",True
3832,cavity,3373.118661259842,1.0,-0.15,turbulent,e56b6a4956d7535794fc3f13aae0bb338d3066b8d6aef98bc5731df45ce4e331,0.0,0.0,0.0,"{'mean': -0.029256356969529614, 'std': 0.9833217427687496, 'min': -3.6484128252147836, 'max': 3.1788536793675353, 'skewness': -0.04588912403417841, 'kurtosis': 0.09801182439059009}",3,1,"[0, 2]",2,"(32, 32)",True
1466,pipe,49999.99999999999,2.0,-0.1,turbulent,074275a18adba651b810dbebf268420e8129a29dd2de1dea44fa40139ba217a7,0.0,0.0,0.0,"{'mean': -0.029256356969529614, 'std': 0.9833217427687496, 'min': -3.6484128252147836, 'max': 3.1788536793675353, 'skewness': -0.04588912403417841, 'kurtosis': 0.09801182439059009}",3,1,"[0, 2]",2,"(32, 32)",True
917,pipe,3792.643167646458,2.0,-0.15,turbulent,c6f169069c20d35e09642444516318afb78c2c73d0b1a1ff5ad0474e623542d5,0.0010023117065429688,0.0,0.0010023117065429688,"{'mean': -0.029256356969529614, 'std': 0.9833217427687496, 'min': -3.6484128252147836, 'max': 3.1788536793675353, 'skewness': -0.04588912403417841, 'kurtosis': 0.09801182439059009}",3,1,"[0, 2]",2,"(32, 32)",True
1439,pipe,44469.233093619056,1.5,-0.25,turbulent,1fac29df9551176d87dff80e66fcefebe5b5a527cb72256fcc808362b2eb45bf,0.0,0.0,0.0,"{'mean': 0.6451612903225806, 'std': 0.31691168593614655, 'min': 0.0, 'max': 0.9989594172736732, 'skewness': -0.6304339420761846, 'kurtosis': -0.882180438157667}",3,1,"[0, 1]",2,"(32, 32)",True
1758,channel,872.6315789473684,1.0,-0.2,laminar,97396e3d8724c03f837b714125e0598060bd342e43595169f3c43e48e0f5c5c4,0.0,0.0,0.0,"{'mean': -0.029256356969529614, 'std': 0.9833217427687496, 'min': -3.6484128252147836, 'max': 3.1788536793675353, 'skewness': -0.04588912403417841, 'kurtosis': 0.09801182439059009}",3,1,"[0, 2]",2,"(32, 32)",True
1796,channel,951.0526315789473,2.5,-0.1,laminar,83f9e87ac1da556297ba09bc7cf8a7c7b6d0498da0a538c788609447f5fd4b73,0.0,0.0,0.0,"{'mean': 0.6451612903225806, 'std': 0.31691168593614655, 'min': 0.0, 'max': 0.9989594172736732, 'skewness': -0.6304339420761846, 'kurtosis': -0.882180438157667}",3,1,"[0, 1]",2,"(32, 32)",True
3897,cavity,4264.3451480959675,2.5,-0.15,turbulent,932b996012f6763d54485b9bfdc533f92a68c325e445436b8272a1cc86622461,0.0,0.0,0.0,"{'mean': 0.6451612903225806, 'std': 0.31691168593614655, 'min': 0.0, 'max': 0.9989594172736732, 'skewness': -0.6304339420761846, 'kurtosis': -0.882180438157667}",3,1,"[0, 1]",2,"(32, 32)",True
1736,channel,794.2105263157895,1.5,-0.1,laminar,9be3ce976d5c7cd9251f728543c1d2c42f7cf51968c275d99f2cd38662bde9f8,0.0,0.0,0.0,"{'mean': -0.029256356969529614, 'std': 0.9833217427687496, 'min': -3.6484128252147836, 'max': 3.1788536793675353, 'skewness': -0.04588912403417841, 'kurtosis': 0.09801182439059009}",3,1,"[0, 2]",2,"(32, 32)",True
4195,cavity,17409.116166580472,2.5,-0.05,turbulent,e4ea6b39207c4c30629fe095e119ca36b18e168473a576ac3436271e747d3dbe,0.0,0.0,0.0,"{'mean': -0.029256356969529614, 'std': 0.9833217427687496, 'min': -3.6484128252147836, 'max': 3.1788536793675353, 'skewness': -0.04588912403417841, 'kurtosis': 0.09801182439059009}",3,1,"[0, 2]",2,"(32, 32)",True
3776,cavity,3000.0,0.5,-0.1,turbulent,a7f3748198565a1ef05d7f67bfcee0c3c3756ea3765dbe0af86e16f95da6a1b1,0.0,0.0,0.0,"{'mean': -0.029256356969529614, 'std': 0.9833217427687496, 'min': -3.6484128252147836, 'max': 3.1788536793675353, 'skewness': -0.04588912403417841, 'kurtosis': 0.09801182439059009}",3,1,"[0, 2]",2,"(32, 32)",True
1073,pipe,7663.09432393553,2.5,-0.2,turbulent,96f904378d0a8133386725cfd8862c052070885e98635d59849c2168de8a7398,0.0,0.0,0.0,"{'mean': -0.029256356969529614, 'std': 0.9833217427687496, 'min': -3.6484128252147836, 'max': 3.1788536793675353, 'skewness': -0.04588912403417841, 'kurtosis': 0.09801182439059009}",3,1,"[0, 2]",2,"(32, 32)",True
1983,channel,1607.142857142857,1.0,-0.2,transition,da10ac2f3be8f0d2d342fd7167b0080e79e391ea2db0b814c57ccb68e8b07bcc,0.0,0.0,0.0,"{'mean': -0.029256356969529614, 'std': 0.9833217427687496, 'min': -3.6484128252147836, 'max': 3.1788536793675353, 'skewness': -0.04588912403417841, 'kurtosis': 0.09801182439059009}",3,1,"[0, 2]",2,"(32, 32)",True
2313,channel,3000.0,1.5,-0.2,turbulent,3d466a285b134bdb10751527315808f836cad3d26f13ca39c534cc90b305819f,0.0,0.0,0.0,"{'mean': -0.029256356969529614, 'std': 0.9833217427687496, 'min': -3.6484128252147836, 'max': 3.1788536793675353, 'skewness': -0.04588912403417841, 'kurtosis': 0.09801182439059009}",3,1,"[0, 2]",2,"(32, 32)",True
2384,channel,3792.643167646458,1.0,-0.25,turbulent,107f52f2a4e4646644a0f258abe510a6e3c354214503bf9941a290a6ac154b55,0.0,0.0,0.0,"{'mean': -0.029256356969529614, 'std': 0.9833217427687496, 'min': -3.6484128252147836, 'max': 3.1788536793675353, 'skewness': -0.04588912403417841, 'kurtosis': 0.09801182439059009}",3,1,"[0, 2]",2,"(32, 32)",True
2178,channel,2464.285714285714,0.5,-0.2,transition,88b313915c047abec1fdcc4e5ae78aa549cc3a2fb1174e862462e0ea9d33c615,0.0,0.0009992122650146484,0.0009992122650146484,"{'mean': -0.029256356969529614, 'std': 0.9833217427687496, 'min': -3.6484128252147836, 'max': 3.1788536793675353, 'skewness': -0.04588912403417841, 'kurtosis': 0.09801182439059009}",3,1,"[0, 2]",2,"(32, 32)",True
4151,cavity,15483.400895311179,0.5,-0.1,turbulent,a36611a539c5aea71ec506874613222d685f8da5aaae72d4c3c15d0ab52e1ebc,0.0,0.0,0.0,"{'mean': -0.029256356969529614, 'std': 0.9833217427687496, 'min': -3.6484128252147836, 'max': 3.1788536793675353, 'skewness': -0.04588912403417841, 'kurtosis': 0.09801182439059009}",3,1,"[0, 2]",2,"(32, 32)",True
4058,cavity,9687.79411023482,1.0,-0.2,turbulent,4b8bbd5f6b6aa974d8bb5e8de4be851805b7141ed33a4d735df5cc30f2927a07,0.0,0.0,0.0,"{'mean': -0.029256356969529614, 'std': 0.9833217427687496, 'min': -3.6484128252147836, 'max': 3.1788536793675353, 'skewness': -0.04588912403417841, 'kurtosis': 0.09801182439059009}",3,1,"[0, 2]",2,"(32, 32)",True
1909,channel,1343.157894736842,1.0,-0.25,laminar,adc58ff8f11077fcaaa9569a0c0fc0e71c7a7c5e86a68bac8f7f63023878145f,0.0,0.0,0.0,"{'mean': 0.6451612903225806, 'std': 0.31691168593614655, 'min': 0.0, 'max': 0.9989594172736732, 'skewness': -0.6304339420761846, 'kurtosis': -0.882180438157667}",3,1,"[0, 1]",2,"(32, 32)",True
748,pipe,2571.4285714285716,2.5,-0.2,turbulent,a4298c6ce6cccfd053a20860fa6bfd3e2dcb8520c027641715e086cfa60d3070,0.0,0.0,0.0,"{'mean': -0.029256356969529614, 'std': 0.9833217427687496, 'min': -3.6484128252147836, 'max': 3.1788536793675353, 'skewness': -0.04588912403417841, 'kurtosis': 0.09801182439059009}",3,1,"[0, 2]",2,"(32, 32)",True
738,pipe,2571.4285714285716,1.5,-0.2,turbulent,9016538b82b3ac2ea0879dbbb6b953e8ee62f286c5d0547599e8d2df7cd8d895,0.0,0.0,0.0,"{'mean': 0.6451612903225806, 'std': 0.31691168593614655, 'min': 0.0, 'max': 0.9989594172736732, 'skewness': -0.6304339420761846, 'kurtosis': -0.882180438157667}",3,1,"[0, 1]",2,"(32, 32)",True
2534,channel,7663.09432393553,1.0,-0.25,turbulent,c9eaa5cff97af044f2553773d7a09c0bfdf6406d95ffc121d6643f2423f817ab,0.0,0.0,0.0,"{'mean': -0.029256356969529614, 'std': 0.9833217427687496, 'min': -3.6484128252147836, 'max': 3.1788536793675353, 'skewness': -0.04588912403417841, 'kurtosis': 0.09801182439059009}",3,1,"[0, 2]",2,"(32, 32)",True
344,pipe,1029.4736842105262,2.0,-0.25,laminar,7fc3ddb647c4aab9004f05e88cc518cc256f71edadbd20901170eadd650de7f6,0.0,0.0,0.0,"{'mean': -0.029256356969529614, 'std': 0.9833217427687496, 'min': -3.6484128252147836, 'max': 3.1788536793675353, 'skewness': -0.04588912403417841, 'kurtosis': 0.09801182439059009}",3,1,"[0, 2]",2,"(32, 32)",True
3489,cavity,1714.2857142857142,1.5,-0.25,transition,4bbfc7e5065f7ed49b48ed9f6c39133d6a4c708ef7dbfd479d8f00dcc103e8f1,0.0,0.0,0.0,"{'mean': 0.6451612903225806, 'std': 0.31691168593614655, 'min': 0.0, 'max': 0.9989594172736732, 'skewness': -0.6304339420761846, 'kurtosis': -0.882180438157667}",3,1,"[0, 1]",2,"(32, 32)",True
1883,channel,1264.7368421052631,1.0,-0.2,laminar,5ee58913bfa9859eca87d9de02e4b3b0198db1013756815dff3f8488349e9866,0.0,0.0,0.0,"{'mean': -0.029256356969529614, 'std': 0.9833217427687496, 'min': -3.6484128252147836, 'max': 3.1788536793675353, 'skewness': -0.04588912403417841, 'kurtosis': 0.09801182439059009}",3,1,"[0, 2]",2,"(32, 32)",True
3245,cavity,872.6315789473684,2.5,-0.05,laminar,eaa10ea6292198e2349c8651a824945b0050d34a2ca2526fe75d49a81a2167eb,0.0,0.0,0.0,"{'mean': -0.029256356969529614, 'std': 0.9833217427687496, 'min': -3.6484128252147836, 'max': 3.1788536793675353, 'skewness': -0.04588912403417841, 'kurtosis': 0.09801182439059009}",3,1,"[0, 2]",2,"(32, 32)",True
2264,channel,2785.714285714286,1.5,-0.25,turbulent,8d9b7fd1d995012388470d80dee616d5493c7dd7f85401947894ddffda166b98,0.0,0.0,0.0,"{'mean': -0.029256356969529614, 'std': 0.9833217427687496, 'min': -3.6484128252147836, 'max': 3.1788536793675353, 'skewness': -0.04588912403417841, 'kurtosis': 0.09801182439059009}",3,1,"[0, 2]",2,"(32, 32)",True
627,pipe,2142.857142857143,0.5,-0.15,transition,cdedba4ab0811758ae5958bd01386eceb1acb438ef7a515be34fa217842d0e20,0.0,0.0,0.0,"{'mean': 0.6451612903225806, 'std': 0.31691168593614655, 'min': 0.0, 'max': 0.9989594172736732, 'skewness': -0.6304339420761846, 'kurtosis': -0.882180438157667}",3,1,"[0, 1]",2,"(32, 32)",True
2606,channel,10892.693033225416,1.0,-0.1,turbulent,00f021af621bec58ed14ab3d1b0f0463f5b88c4d5b4554ab6bbfe783183931d0,0.0,0.0,0.0,"{'mean': -0.029256356969529614, 'std': 0.9833217427687496, 'min': -3.6484128252147836, 'max': 3.1788536793675353, 'skewness': -0.04588912403417841, 'kurtosis': 0.09801182439059009}",3,1,"[0, 2]",2,"(32, 32)",True
2152,channel,2357.142857142857,0.5,-0.15,transition,66dbac9d137195d45b741c7d2ab680ce461b79c109456d93fe88554527e806e9,0.0,0.0,0.0,"{'mean': -0.029256356969529614, 'std': 0.9833217427687496, 'min': -3.6484128252147836, 'max': 3.1788536793675353, 'skewness': -0.04588912403417841, 'kurtosis': 0.09801182439059009}",3,1,"[0, 2]",2,"(32, 32)",True
1173,pipe,12247.448713915892,2.5,-0.2,turbulent,5f297d599da0bb6e63739786b6c62a29c5cbf7354101f32bdcceb15b9ce928dc,0.0,0.0,0.0,"{'mean': 0.6451612903225806, 'std': 0.31691168593614655, 'min': 0.0, 'max': 0.9989594172736732, 'skewness': -0.6304339420761846, 'kurtosis': -0.882180438157667}",3,1,"[0, 1]",2,"(32, 32)",True
3824,cavity,3000.0000000000014,2.5,-0.25,turbulent,52829aebfb9d9926ad383adaadb3b3490a622522bfa75bd0e827d2650a416d05,0.0,0.0,0.0,"{'mean': -0.029256356969529614, 'std': 0.9833217427687496, 'min': -3.6484128252147836, 'max': 3.1788536793675353, 'skewness': -0.04588912403417841, 'kurtosis': 0.09801182439059009}",3,1,"[0, 2]",2,"(32, 32)",True
1686,channel,637.3684210526316,1.5,-0.1,laminar,45c83db279b95a89ffe5a854102356212e1c6dc9b74969e1b86620fb432b653d,0.0,0.0,0.0,"{'mean': -0.029256356969529614, 'std': 0.9833217427687496, 'min': -3.6484128252147836, 'max': 3.1788536793675353, 'skewness': -0.04588912403417841, 'kurtosis': 0.09801182439059009}",3,1,"[0, 2]",2,"(32, 32)",True
2367,channel,3373.118661259842,2.0,-0.15,turbulent,0476a62b64aa356a781c2999e9b259ca3122978a9565fb2fe9fabec490a156cd,0.0,0.0,0.0,"{'mean': -0.029256356969529614, 'std': 0.9833217427687496, 'min': -3.6484128252147836, 'max': 3.1788536793675353, 'skewness': -0.04588912403417841, 'kurtosis': 0.09801182439059009}",3,1,"[0, 2]",2,"(32, 32)",True
741,pipe,2571.4285714285716,2.0,-0.1,turbulent,e971a7353653e97a833cabab8dc1a4b136e3c0829d85fde4b367d55ff3c2b778,0.0,0.0,0.0,"{'mean': 0.6451612903225806, 'std': 0.31691168593614655, 'min': 0.0, 'max': 0.9989594172736732, 'skewness': -0.6304339420761846, 'kurtosis': -0.882180438157667}",3,1,"[0, 1]",2,"(32, 32)",True
3536,cavity,1928.5714285714284,1.5,-0.1,transition,ad4b8ddd7df7b49899d258bffe699635e1c2113850b1a089ffd851c8ac8b8b00,0.0,0.0,0.0,"{'mean': -0.029256356969529614, 'std': 0.9833217427687496, 'min': -3.6484128252147836, 'max': 3.1788536793675353, 'skewness': -0.04588912403417841, 'kurtosis': 0.09801182439059009}",3,1,"[0, 2]",2,"(32, 32)",True
3814,cavity,3000.0000000000014,1.5,-0.25,turbulent,7fac9de4ad26a29426ccc6595e1508596c1848a268ae7d7f8017a760a8de94ca,0.0,0.0010364055633544922,0.0010364055633544922,"{'mean': -0.029256356969529614, 'std': 0.9833217427687496, 'min': -3.6484128252147836, 'max': 3.1788536793675353, 'skewness': -0.04588912403417841, 'kurtosis': 0.09801182439059009}",3,1,"[0, 2]",2,"(32, 32)",True
3580,cavity,2142.857142857143,1.0,-0.05,transition,279133f09fe9a5df1a19dd94afc0ab68de023881615560a53433a7b2a7093835,0.0,0.0,0.0,"{'mean': -0.029256356969529614, 'std': 0.9833217427687496, 'min': -3.6484128252147836, 'max': 3.1788536793675353, 'skewness': -0.04588912403417841, 'kurtosis': 0.09801182439059009}",3,1,"[0, 2]",2,"(32, 32)",True
307,pipe,951.0526315789473,1.0,-0.15,laminar,eeda0cb23be1bf697b9066b03f53651773e851911289f39f757d78dcccc79d19,0.0,0.0,0.0,"{'mean': -0.029256356969529614, 'std': 0.9833217427687496, 'min': -3.6484128252147836, 'max': 3.1788536793675353, 'skewness': -0.04588912403417841, 'kurtosis': 0.09801182439059009}",3,1,"[0, 2]",2,"(32, 32)",True
1175,pipe,13770.69926991083,0.5,-0.05,turbulent,742bca2258be6cd5ce641eb5cd4da1c2c0ae9833770894499ce3cabc42051695,0.0,0.0,0.0,"{'mean': -0.029256356969529614, 'std': 0.9833217427687496, 'min': -3.6484128252147836, 'max': 3.1788536793675353, 'skewness': -0.04588912403417841, 'kurtosis': 0.09801182439059009}",3,1,"[0, 2]",2,"(32, 32)",True
1453,pipe,49999.99999999999,0.5,-0.2,turbulent,34b818760cf9d5102373b63c359ab42c635f4fccad4ab7f17e9dc5345dab3376,0.0,0.0,0.0,"{'mean': -0.029256356969529614, 'std': 0.9833217427687496, 'min': -3.6484128252147836, 'max': 3.1788536793675353, 'skewness': -0.04588912403417841, 'kurtosis': 0.09801182439059009}",3,1,"[0, 2]",2,"(32, 32)",True
1105,pipe,9687.79411023482,1.0,-0.05,turbulent,44d92e9df6ba0a7fb876101021efcd1096d0fdfb3a885bc1c59fc091a1c7c725,0.0,0.0,0.0,"{'mean': -0.029256356969529614, 'std': 0.9833217427687496, 'min': -3.6484128252147836, 'max': 3.1788536793675353, 'skewness': -0.04588912403417841, 'kurtosis': 0.09801182439059009}",3,1,"[0, 2]",2,"(32, 32)",True
1898,channel,1264.7368421052631,2.5,-0.2,laminar,7252cbaecd41460ab237727b6d288e16687f8a2e1117208b889cbfb3ce1896ff,0.0,0.0,0.0,"{'mean': 0.6451612903225806, 'std': 0.31691168593614655, 'min': 0.0, 'max': 0.9989594172736732, 'skewness': -0.6304339420761846, 'kurtosis': -0.882180438157667}",3,1,"[0, 1]",2,"(32, 32)",True
1318,pipe,24746.16001919883,2.0,-0.2,turbulent,4436e3baca5f3fc897b9b4339babe16ef3ddc6593d2ae038c0cd9a3e703718bd,0.0,0.0,0.0,"{'mean': 0.6451612903225806, 'std': 0.31691168593614655, 'min': 0.0, 'max': 0.9989594172736732, 'skewness': -0.6304339420761846, 'kurtosis': -0.882180438157667}",3,1,"[0, 1]",2,"(32, 32)",True
1822,channel,1029.4736842105262,2.5,-0.15,laminar,2cd180ef42eaea5e1149b52a2fee1067d9627bd506544c88f9c4e3404da2598d,0.0,0.0,0.0,"{'mean': -0.029256356969529614, 'std': 0.9833217427687496, 'min': -3.6484128252147836, 'max': 3.1788536793675353, 'skewness': -0.04588912403417841, 'kurtosis': 0.09801182439059009}",3,1,"[0, 2]",2,"(32, 32)",True
1780,channel,951.0526315789473,1.0,-0.05,laminar,2c308104b74bcda0e39f8e53e2694f4ee91bb2b41890563928e5ecd3720738af,0.0,0.0,0.0,"{'mean': 0.6451612903225806, 'std': 0.31691168593614655, 'min': 0.0, 'max': 0.9989594172736732, 'skewness': -0.6304339420761846, 'kurtosis': -0.882180438157667}",3,1,"[0, 1]",2,"(32, 32)",True
3083,cavity,402.10526315789474,1.0,-0.2,laminar,517ab1c75a469d9f9f618142163b26eb75f278908b0528b62b1903d90b9c2021,0.0,0.0,0.0,"{'mean': -0.029256356969529614, 'std': 0.9833217427687496, 'min': -3.6484128252147836, 'max': 3.1788536793675353, 'skewness': -0.04588912403417841, 'kurtosis': 0.09801182439059009}",3,1,"[0, 2]",2,"(32, 32)",True
353,pipe,1107.8947368421052,0.5,-0.2,laminar,93fd495bc026fd17dbd6fddd0fe822dc1260bedb3b19a77133b2433b66eb17ba,0.0,0.0,0.0,"{'mean': 0.6451612903225806, 'std': 0.31691168593614655, 'min': 0.0, 'max': 0.9989594172736732, 'skewness': -0.6304339420761846, 'kurtosis': -0.882180438157667}",3,1,"[0, 1]",2,"(32, 32)",True
1586,channel,323.6842105263158,1.5,-0.1,laminar,218310f8cdd378201ad81e7132908552b925a8e0c4d22aa1c4c0060fd5f95e84,0.0010187625885009766,0.0,0.0010187625885009766,"{'mean': -0.029256356969529614, 'std': 0.9833217427687496, 'min': -3.6484128252147836, 'max': 3.1788536793675353, 'skewness': -0.04588912403417841, 'kurtosis': 0.09801182439059009}",3,1,"[0, 2]",2,"(32, 32)",True
4405,cavity,49999.99999999999,1.0,-0.05,turbulent,be1f10009d6db792ee08789ffc94ee8412a2e24b6cbb5aacef30ce9008b12050,0.0,0.0,0.0,"{'mean': 0.6451612903225806, 'std': 0.31691168593614655, 'min': 0.0, 'max': 0.9989594172736732, 'skewness': -0.6304339420761846, 'kurtosis': -0.882180438157667}",3,1,"[0, 1]",2,"(32, 32)",True
256,pipe,794.2105263157895,1.0,-0.1,laminar,51155999e6e82581c7c174576cdbc2f41a222170c2d544d389017b3b232c05ad,0.0,0.0,0.0,"{'mean': -0.029256356969529614, 'std': 0.9833217427687496, 'min': -3.6484128252147836, 'max': 3.1788536793675353, 'skewness': -0.04588912403417841, 'kurtosis': 0.09801182439059009}",3,1,"[0, 2]",2,"(32, 32)",True
3022,cavity,166.8421052631579,2.5,-0.15,laminar,fa8e519948143321251944f593350d3a3340921fb9c5feb844955d1171bfba48,0.0,0.0,0.0,"{'mean': -0.029256356969529614, 'std': 0.9833217427687496, 'min': -3.6484128252147836, 'max': 3.1788536793675353, 'skewness': -0.04588912403417841, 'kurtosis': 0.09801182439059009}",3,1,"[0, 2]",2,"(32, 32)",True
230,pipe,715.7894736842105,1.0,-0.05,laminar,9c3dfda68345710e5f0a1cdeba94769f66ec4559f65efe453291c8ed46ead68d,0.0,0.0,0.0,"{'mean': -0.029256356969529614, 'std': 0.9833217427687496, 'min': -3.6484128252147836, 'max': 3.1788536793675353, 'skewness': -0.04588912403417841, 'kurtosis': 0.09801182439059009}",3,1,"[0, 2]",2,"(32, 32)",True
2213,channel,2571.4285714285716,1.5,-0.2,turbulent,92208ade2047e933b746107336461e438ab92d8704db602a59747cb5ee0e4375,0.0,0.0,0.0,"{'mean': -0.029256356969529614, 'std': 0.9833217427687496, 'min': -3.6484128252147836, 'max': 3.1788536793675353, 'skewness': -0.04588912403417841, 'kurtosis': 0.09801182439059009}",3,1,"[0, 2]",2,"(32, 32)",True
3185,cavity,715.7894736842105,1.5,-0.05,laminar,a06cab726b7779ba0141ab14cf69b518646ca24979ae7befa56fc5406d3e9dcb,0.0,0.0009839534759521484,0.0009839534759521484,"{'mean': -0.029256356969529614, 'std': 0.9833217427687496, 'min': -3.6484128252147836, 'max': 3.1788536793675353, 'skewness': -0.04588912403417841, 'kurtosis': 0.09801182439059009}",3,1,"[0, 2]",2,"(32, 32)",True
1385,pipe,35175.3891372923,1.5,-0.05,turbulent,f11ad8aa3f825616f92cb378ded59758c6428c8e359012bc60308d67fb75e8f8,0.0,0.0,0.0,"{'mean': 0.6451612903225806, 'std': 0.31691168593614655, 'min': 0.0, 'max': 0.9989594172736732, 'skewness': -0.6304339420761846, 'kurtosis': -0.882180438157667}",3,1,"[0, 1]",2,"(32, 32)",True
592,pipe,1928.5714285714284,2.0,-0.15,transition,2f5a1d9de4e2d93c6028d73055e1e849a64711c8fea11a69cb4236d0b71bb79c,0.0,0.0,0.0,"{'mean': -0.029256356969529614, 'std': 0.9833217427687496, 'min': -3.6484128252147836, 'max': 3.1788536793675353, 'skewness': -0.04588912403417841, 'kurtosis': 0.09801182439059009}",3,1,"[0, 2]",2,"(32, 32)",True
3446,cavity,1500.0,2.5,-0.1,laminar,7ee8e3638064f4283e475f85d771f7930b8d817626ea0a5b9df2d48e685b89dc,0.0,0.0,0.0,"{'mean': -0.029256356969529614, 'std': 0.9833217427687496, 'min': -3.6484128252147836, 'max': 3.1788536793675353, 'skewness': -0.04588912403417841, 'kurtosis': 0.09801182439059009}",3,1,"[0, 2]",2,"(32, 32)",True
3667,cavity,2464.285714285714,2.0,-0.15,transition,1c41c90b4aa77d7eec81b2514a84fafda3b362e8e53f202dcb153384d1357574,0.0,0.0,0.0,"{'mean': -0.029256356969529614, 'std': 0.9833217427687496, 'min': -3.6484128252147836, 'max': 3.1788536793675353, 'skewness': -0.04588912403417841, 'kurtosis': 0.09801182439059009}",3,1,"[0, 2]",2,"(32, 32)",True
2276,channel,2892.857142857143,0.5,-0.1,turbulent,00cf01faf46367c1c13fde60c5d85ce74c06ac863ef9367c183bb3a4d4506455,0.0,0.0,0.0,"{'mean': -0.029256356969529614, 'std': 0.9833217427687496, 'min': -3.6484128252147836, 'max': 3.1788536793675353, 'skewness': -0.04588912403417841, 'kurtosis': 0.09801182439059009}",3,1,"[0, 2]",2,"(32, 32)",True
2888,channel,39550.25383869249,1.5,-0.2,turbulent,d769743b3f69ab04c3167d0ae92430232bbea83515ed5bed47bab7cdd565dcfe,0.0,0.0009987354278564453,0.0009987354278564453,"{'mean': -0.029256356969529614, 'std': 0.9833217427687496, 'min': -3.6484128252147836, 'max': 3.1788536793675353, 'skewness': -0.04588912403417841, 'kurtosis': 0.09801182439059009}",3,1,"[0, 2]",2,"(32, 32)",True
3985,cavity,6815.438554189565,1.5,-0.05,turbulent,b1b61dcdabe1c15abf84f6cbce476fea16a0ecda2ca736890c5d968dea220a13,0.0,0.0,0.0,"{'mean': -0.029256356969529614, 'std': 0.9833217427687496, 'min': -3.6484128252147836, 'max': 3.1788536793675353, 'skewness': -0.04588912403417841, 'kurtosis': 0.09801182439059009}",3,1,"[0, 2]",2,"(32, 32)",True
65,pipe,166.8421052631579,2.0,-0.05,laminar,470eac1ee71c026d123c30e0f069cb8246fa31c47d3e1de7eefc4ef32748a381,0.0,0.0,0.0,"{'mean': -0.029256356969529614, 'std': 0.9833217427687496, 'min': -3.6484128252147836, 'max': 3.1788536793675353, 'skewness': -0.04588912403417841, 'kurtosis': 0.09801182439059009}",3,1,"[0, 2]",2,"(32, 32)",True
995,pipe,5391.046496804163,2.5,-0.05,turbulent,92a8f19f3f954589c3c84538b95c7d1b42bf7e3d03abbc907fd5e4ce5cb85f5e,0.0,0.0,0.0,"{'mean': 0.6451612903225806, 'std': 0.31691168593614655, 'min': 0.0, 'max': 0.9989594172736732, 'skewness': -0.6304339420761846, 'kurtosis': -0.882180438157667}",3,1,"[0, 1]",2,"(32, 32)",True
1266,pipe,19574.338205844306,2.0,-0.1,turbulent,d25d95da671e80c840af388c276c89b4588c3b9593cb2ba25dd1133fc0cf1214,0.0,0.0,0.0,"{'mean': -0.029256356969529614, 'std': 0.9833217427687496, 'min': -3.6484128252147836, 'max': 3.1788536793675353, 'skewness': -0.04588912403417841, 'kurtosis': 0.09801182439059009}",3,1,"[0, 2]",2,"(32, 32)",True
1378,pipe,35175.3891372923,0.5,-0.2,turbulent,0aa4f143b3e53acf81941a138da377b54ca443753d9eef3ca96644f916735193,0.0,0.0,0.0,"{'mean': -0.029256356969529614, 'std': 0.9833217427687496, 'min': -3.6484128252147836, 'max': 3.1788536793675353, 'skewness': -0.04588912403417841, 'kurtosis': 0.09801182439059009}",3,1,"[0, 2]",2,"(32, 32)",True
4120,cavity,12247.448713915892,2.5,-0.05,turbulent,0a56c76ca485e167ac1dff6901a487ba0434cead0b782c475fa4714c571a6157,0.0,0.0,0.0,"{'mean': -0.029256356969529614, 'std': 0.9833217427687496, 'min': -3.6484128252147836, 'max': 3.1788536793675353, 'skewness': -0.04588912403417841, 'kurtosis': 0.09801182439059009}",3,1,"[0, 2]",2,"(32, 32)",True
4381,cavity,44469.233093619056,1.0,-0.1,turbulent,9203ea2a091dae44a9fb5b1b3ea77034138272f11859c3ff9e3cd8e2fc91317f,0.0,0.0,0.0,"{'mean': -0.029256356969529614, 'std': 0.9833217427687496, 'min': -3.6484128252147836, 'max': 3.1788536793675353, 'skewness': -0.04588912403417841, 'kurtosis': 0.09801182439059009}",3,1,"[0, 2]",2,"(32, 32)",True
1864,channel,1186.3157894736842,1.5,-0.25,laminar,476ea208b8ad607f2ec1f946778a454102668b8d1ef5d25e1d4bc4181f86ebf7,0.0,0.0,0.0,"{'mean': 0.6451612903225806, 'std': 0.31691168593614655, 'min': 0.0, 'max': 0.9989594172736732, 'skewness': -0.6304339420761846, 'kurtosis': -0.882180438157667}",3,1,"[0, 1]",2,"(32, 32)",True
2015,channel,1714.2857142857142,2.0,-0.05,transition,9ae6349980ffc09b92a6e90b12508f276fee9fec1d49fc7c3662222e348cc0a3,0.0,0.0,0.0,"{'mean': -0.029256356969529614, 'std': 0.9833217427687496, 'min': -3.6484128252147836, 'max': 3.1788536793675353, 'skewness': -0.04588912403417841, 'kurtosis': 0.09801182439059009}",3,1,"[0, 2]",2,"(32, 32)",True
885,pipe,3373.118661259842,1.5,-0.05,turbulent,03321b9c4651451ca814afa9a177ff5d993126d57615d61634004307076d213a,0.0,0.0009996891021728516,0.0009996891021728516,"{'mean': -0.029256356969529614, 'std': 0.9833217427687496, 'min': -3.6484128252147836, 'max': 3.1788536793675353, 'skewness': -0.04588912403417841, 'kurtosis': 0.09801182439059009}",3,1,"[0, 2]",2,"(32, 32)",True
1145,pipe,10892.693033225416,2.5,-0.05,turbulent,12646e6de39551f8993bc1be549e2857d1da6a35a10ecb4428ee8bcb5cfdce94,0.0,0.0,0.0,"{'mean': -0.029256356969529614, 'std': 0.9833217427687496, 'min': -3.6484128252147836, 'max': 3.1788536793675353, 'skewness': -0.04588912403417841, 'kurtosis': 0.09801182439059009}",3,1,"[0, 2]",2,"(32, 32)",True
2431,channel,4794.714065698457,1.0,-0.1,turbulent,9411c1bcdca85743f1a91a1ead86dc2bda0c08dc3b54353cd672d352ac62ed7b,0.0,0.0,0.0,"{'mean': -0.029256356969529614, 'std': 0.9833217427687496, 'min': -3.6484128252147836, 'max': 3.1788536793675353, 'skewness': -0.04588912403417841, 'kurtosis': 0.09801182439059009}",3,1,"[0, 2]",2,"(32, 32)",True
2578,channel,9687.79411023482,0.5,-0.2,turbulent,68a00c6b90a63fd39f7dbe9efc4157b81f21c0e1acd67a00d4685eb1144498ec,0.0,0.0,0.0,"{'mean': -0.029256356969529614, 'std': 0.9833217427687496, 'min': -3.6484128252147836, 'max': 3.1788536793675353, 'skewness': -0.04588912403417841, 'kurtosis': 0.09801182439059009}",3,1,"[0, 2]",2,"(32, 32)",True
2194,channel,2464.285714285714,2.0,-0.25,transition,6d55d9bf962f5a8cd407df809e752f4ec424b9ccd903f35518bcd3ff8c16618a,0.0,0.0,0.0,"{'mean': -0.029256356969529614, 'std': 0.9833217427687496, 'min': -3.6484128252147836, 'max': 3.1788536793675353, 'skewness': -0.04588912403417841, 'kurtosis': 0.09801182439059009}",3,1,"[0, 2]",2,"(32, 32)",True
817,pipe,2892.857142857143,2.0,-0.15,turbulent,d2ef6dcb9e1c0ffd94a84dc89d406c015bd93d50beaa59263138d00109a96b8f,0.0,0.0,0.0,"{'mean': -0.029256356969529614, 'std': 0.9833217427687496, 'min': -3.6484128252147836, 'max': 3.1788536793675353, 'skewness': -0.04588912403417841, 'kurtosis': 0.09801182439059009}",3,1,"[0, 2]",2,"(32, 32)",True
2353,channel,3373.118661259842,0.5,-0.2,turbulent,69277a444050ffb0ebe46221970df2b56d597f39894873680399983cec0de9bc,0.0,0.0,0.0,"{'mean': -0.029256356969529614, 'std': 0.9833217427687496, 'min': -3.6484128252147836, 'max': 3.1788536793675353, 'skewness': -0.04588912403417841, 'kurtosis': 0.09801182439059009}",3,1,"[0, 2]",2,"(32, 32)",True
3559,cavity,2035.7142857142858,1.0,-0.25,transition,17fa5c371a6c4b34adefabf39404374862dabaee5889d43ae9d97ca899e24249,0.0,0.0,0.0,"{'mean': 0.6451612903225806, 'std': 0.31691168593614655, 'min': 0.0, 'max': 0.9989594172736732, 'skewness': -0.6304339420761846, 'kurtosis': -0.882180438157667}",3,1,"[0, 1]",2,"(32, 32)",True
4341,cavity,35175.3891372923,2.0,-0.1,turbulent,5eba9ae254a51292263a4776de0b428df2f2a3121b34b22eccfd8479d2f9adb9,0.0,0.0,0.0,"{'mean': 0.6451612903225806, 'std': 0.31691168593614655, 'min': 0.0, 'max': 0.9989594172736732, 'skewness': -0.6304339420761846, 'kurtosis': -0.882180438157667}",3,1,"[0, 1]",2,"(32, 32)",True
4001,cavity,7663.09432393553,0.5,-0.1,turbulent,01cdff6c5b568e23bd1a9737fc4d650a9ebb46de90f6864063cf0828fa1edb8a,0.0,0.0,0.0,"{'mean': -0.029256356969529614, 'std': 0.9833217427687496, 'min': -3.6484128252147836, 'max': 3.1788536793675353, 'skewness': -0.04588912403417841, 'kurtosis': 0.09801182439059009}",3,1,"[0, 2]",2,"(32, 32)",True
481,pipe,1500.0,1.0,-0.1,laminar,c553058cd0941cc7ab648ee45b4b2930d638d81a1114dd7a7616ecdaadbdfa14,0.0,0.0,0.0,"{'mean': -0.029256356969529614, 'std': 0.9833217427687496, 'min': -3.6484128252147836, 'max': 3.1788536793675353, 'skewness': -0.04588912403417841, 'kurtosis': 0.09801182439059009}",3,1,"[0, 2]",2,"(32, 32)",True
2075,channel,2035.7142857142858,0.5,-0.05,transition,b783c11584ccd3d01a7a7ee786459ed91371e475523f5d1567dc955e3aae6d5b,0.0,0.0,0.0,"{'mean': -0.029256356969529614, 'std': 0.9833217427687496, 'min': -3.6484128252147836, 'max': 3.1788536793675353, 'skewness': -0.04588912403417841, 'kurtosis': 0.09801182439059009}",3,1,"[0, 2]",2,"(32, 32)",True
2741,channel,19574.338205844306,2.0,-0.1,turbulent,7ed4883a5198d6cfddefc13e0ec9a69b7a94991294c9eacccd86ee0fa3ab0b32,0.0,0.0,0.0,"{'mean': 0.6451612903225806, 'std': 0.31691168593614655, 'min': 0.0, 'max': 0.9989594172736732, 'skewness': -0.6304339420761846, 'kurtosis': -0.882180438157667}",3,1,"[0, 1]",2,"(32, 32)",True
2723,channel,17409.116166580472,2.5,-0.2,turbulent,690b6d86a522bd419cdfbab62716b35e3dc035f463f13bb9428d2c6a6e5e4333,0.0,0.0,0.0,"{'mean': -0.029256356969529614, 'std': 0.9833217427687496, 'min': -3.6484128252147836, 'max': 3.1788536793675353, 'skewness': -0.04588912403417841, 'kurtosis': 0.09801182439059009}",3,1,"[0, 2]",2,"(32, 32)",True
129,pipe,402.10526315789474,0.5,-0.25,laminar,45c87ecb599dddaa1cd33e3f5399b70ea62b31386f00d2866e5c994fb5a8c440,0.0,0.0,0.0,"{'mean': -0.029256356969529614, 'std': 0.9833217427687496, 'min': -3.6484128252147836, 'max': 3.1788536793675353, 'skewness': -0.04588912403417841, 'kurtosis': 0.09801182439059009}",3,1,"[0, 2]",2,"(32, 32)",True
2127,channel,2250.0,0.5,-0.15,transition,08b0733cf86fdf5ec354c66553f2c6f4c0339898856085028ccfd2fecd352b7d,0.0,0.0,0.0,"{'mean': -0.029256356969529614, 'std': 0.9833217427687496, 'min': -3.6484128252147836, 'max': 3.1788536793675353, 'skewness': -0.04588912403417841, 'kurtosis': 0.09801182439059009}",3,1,"[0, 2]",2,"(32, 32)",True
3730,cavity,2785.714285714286,1.0,-0.05,turbulent,daaf1cd57d43038572199e30c180952066e6bc3ef571d44b839568bcceaf4d0d,0.0,0.0,0.0,"{'mean': -0.029256356969529614, 'std': 0.9833217427687496, 'min': -3.6484128252147836, 'max': 3.1788536793675353, 'skewness': -0.04588912403417841, 'kurtosis': 0.09801182439059009}",3,1,"[0, 2]",2,"(32, 32)",True
2885,channel,39550.25383869249,1.5,-0.05,turbulent,a679d6a84dfb5d6644c1e91ae3840e12041929db59339eb52f9c4f7164b743e5,0.0,0.0,0.0,"{'mean': 0.6451612903225806, 'std': 0.31691168593614655, 'min': 0.0, 'max': 0.9989594172736732, 'skewness': -0.6304339420761846, 'kurtosis': -0.882180438157667}",3,1,"[0, 1]",2,"(32, 32)",True
2915,channel,44469.233093619056,2.0,-0.05,turbulent,98721b5da916ffaa873aeda50c24ff1ba20b809998935d70743e9c058b9e9df2,0.0,0.0,0.0,"{'mean': -0.029256356969529614, 'std': 0.9833217427687496, 'min': -3.6484128252147836, 'max': 3.1788536793675353, 'skewness': -0.04588912403417841, 'kurtosis': 0.09801182439059009}",3,1,"[0, 2]",2,"(32, 32)",True
671,pipe,2250.0,2.5,-0.1,transition,83db93ac7c2e650dfe6df054639666bc8db615ad8b4f5084bf207bc70ce2a330,0.0010154247283935547,0.0,0.0010154247283935547,"{'mean': -0.029256356969529614, 'std': 0.9833217427687496, 'min': -3.6484128252147836, 'max': 3.1788536793675353, 'skewness': -0.04588912403417841, 'kurtosis': 0.09801182439059009}",3,1,"[0, 2]",2,"(32, 32)",True
0,pipe,10.0,0.5,-0.05,laminar,aedda1bf8684d16c9a9286e7bd9a6e9fa50bae125784f308097f81b182944edd,0.0,0.0,0.0,"{'mean': 0.6451612903225806, 'std': 0.31691168593614655, 'min': 0.0, 'max': 0.9989594172736732, 'skewness': -0.6304339420761846, 'kurtosis': -0.882180438157667}",3,1,"[0, 1]",2,"(32, 32)",True
3513,cavity,1821.4285714285716,1.5,-0.2,transition,88816e6e6b18993df51e283cc1a50aecd06d00f82062e859b6f1f7e8c2e96f92,0.0,0.0,0.0,"{'mean': -0.029256356969529614, 'std': 0.9833217427687496, 'min': -3.6484128252147836, 'max': 3.1788536793675353, 'skewness': -0.04588912403417841, 'kurtosis': 0.09801182439059009}",3,1,"[0, 2]",2,"(32, 32)",True
159,pipe,480.52631578947364,1.0,-0.25,laminar,77904f96f58001022ee9166cf93fe0d06570cf469da17f0482e581887feacebb,0.0,0.0,0.0,"{'mean': -0.029256356969529614, 'std': 0.9833217427687496, 'min': -3.6484128252147836, 'max': 3.1788536793675353, 'skewness': -0.04588912403417841, 'kurtosis': 0.09801182439059009}",3,1,"[0, 2]",2,"(32, 32)",True
2923,channel,44469.233093619056,2.5,-0.2,turbulent,23d5c2a1653e163527ffa8c5ea4e7d21fe2bcff9748a4782d0e129badb50062d,0.0,0.0,0.0,"{'mean': 0.6451612903225806, 'std': 0.31691168593614655, 'min': 0.0, 'max': 0.9989594172736732, 'skewness': -0.6304339420761846, 'kurtosis': -0.882180438157667}",3,1,"[0, 1]",2,"(32, 32)",True
631,pipe,2142.857142857143,1.0,-0.1,transition,9a5e9eea89600908c4eb524ab5463ea6f6ace1a3675c9c1cb0a3913d97a797e9,0.0,0.0,0.0,"{'mean': -0.029256356969529614, 'std': 0.9833217427687496, 'min': -3.6484128252147836, 'max': 3.1788536793675353, 'skewness': -0.04588912403417841, 'kurtosis': 0.09801182439059009}",3,1,"[0, 2]",2,"(32, 32)",True
2596,channel,9687.79411023482,2.5,-0.1,turbulent,3e3112f06f27b63df1aa3cae379d58848961ce15ff62900dfd432c53dd67e1b5,0.0,0.0,0.0,"{'mean': 0.6451612903225806, 'std': 0.31691168593614655, 'min': 0.0, 'max': 0.9989594172736732, 'skewness': -0.6304339420761846, 'kurtosis': -0.882180438157667}",3,1,"[0, 1]",2,"(32, 32)",True
1060,pipe,7663.09432393553,1.5,-0.05,turbulent,9df9ca72909f058bdd26c467379b6b8fee11fd5220cacf665f8c73d513c32bed,0.0,0.0,0.0,"{'mean': -0.029256356969529614, 'std': 0.9833217427687496, 'min': -3.6484128252147836, 'max': 3.1788536793675353, 'skewness': -0.04588912403417841, 'kurtosis': 0.09801182439059009}",3,1,"[0, 2]",2,"(32, 32)",True
843,pipe,3000.0,2.0,-0.2,turbulent,af038f70d293c112179c912cf103b07ec9ce7d889e48c1b36924a4caadf0eb76,0.0,0.0,0.0,"{'mean': -0.029256356969529614, 'std': 0.9833217427687496, 'min': -3.6484128252147836, 'max': 3.1788536793675353, 'skewness': -0.04588912403417841, 'kurtosis': 0.09801182439059009}",3,1,"[0, 2]",2,"(32, 32)",True
479,pipe,1500.0,0.5,-0.25,laminar,a0e1d7e6f29cc764a4adf444e867303d7286f8ab909861b26538395eace1acde,0.0,0.0,0.0,"{'mean': -0.029256356969529614, 'std': 0.9833217427687496, 'min': -3.6484128252147836, 'max': 3.1788536793675353, 'skewness': -0.04588912403417841, 'kurtosis': 0.09801182439059009}",3,1,"[0, 2]",2,"(32, 32)",True
1838,channel,1107.8947368421052,1.5,-0.2,laminar,9208e3fe1ca6b56352401d3981f8b0016bd07053f341da68715271d7f8e82478,0.0010044574737548828,0.0,0.0010044574737548828,"{'mean': -0.029256356969529614, 'std': 0.9833217427687496, 'min': -3.6484128252147836, 'max': 3.1788536793675353, 'skewness': -0.04588912403417841, 'kurtosis': 0.09801182439059009}",3,1,"[0, 2]",2,"(32, 32)",True
4344,cavity,35175.3891372923,2.0,-0.25,turbulent,60a0a9a38233df4759d6b294819175db3ecc027ca1ad1c128ece30ad604462ea,0.0,0.0,0.0,"{'mean': -0.029256356969529614, 'std': 0.9833217427687496, 'min': -3.6484128252147836, 'max': 3.1788536793675353, 'skewness': -0.04588912403417841, 'kurtosis': 0.09801182439059009}",3,1,"[0, 2]",2,"(32, 32)",True
2619,channel,10892.693033225416,2.0,-0.25,turbulent,e74efdfc5b5f8184e7ac404dc8b7c63bf917defe539737c3edff468a0367e686,0.0,0.0,0.0,"{'mean': -0.029256356969529614, 'std': 0.9833217427687496, 'min': -3.6484128252147836, 'max': 3.1788536793675353, 'skewness': -0.04588912403417841, 'kurtosis': 0.09801182439059009}",3,1,"[0, 2]",2,"(32, 32)",True
3510,cavity,1821.4285714285716,1.5,-0.05,transition,228bf05268529e3950560c5e7eec813340914834585fc473f8ebfa9d961e11e2,0.0,0.0,0.0,"{'mean': 0.6451612903225806, 'std': 0.31691168593614655, 'min': 0.0, 'max': 0.9989594172736732, 'skewness': -0.6304339420761846, 'kurtosis': -0.882180438157667}",3,1,"[0, 1]",2,"(32, 32)",True
3053,cavity,323.6842105263158,0.5,-0.2,laminar,78c59706df48c1623bd66a7b982c0d14a5dce7fc24816063e83bb00172445a6a,0.0,0.0,0.0,"{'mean': 0.6451612903225806, 'std': 0.31691168593614655, 'min': 0.0, 'max': 0.9989594172736732, 'skewness': -0.6304339420761846, 'kurtosis': -0.882180438157667}",3,1,"[0, 1]",2,"(32, 32)",True
2160,channel,2357.142857142857,1.5,-0.05,transition,3ef8e1229f1a8e887fbb3983f2e6768ede2b08fc7f5a64ebb032698d86b5b4a9,0.0009965896606445312,0.0,0.0009965896606445312,"{'mean': -0.029256356969529614, 'std': 0.9833217427687496, 'min': -3.6484128252147836, 'max': 3.1788536793675353, 'skewness': -0.04588912403417841, 'kurtosis': 0.09801182439059009}",3,1,"[0, 2]",2,"(32, 32)",True
2797,channel,24746.16001919883,2.5,-0.15,turbulent,8abe679730a8c29fd2b508773e69c2b33f76acb4a9abcd4e9f0fd9a82df54933,0.0,0.0,0.0,"{'mean': -0.029256356969529614, 'std': 0.9833217427687496, 'min': -3.6484128252147836, 'max': 3.1788536793675353, 'skewness': -0.04588912403417841, 'kurtosis': 0.09801182439059009}",3,1,"[0, 2]",2,"(32, 32)",True
1878,channel,1264.7368421052631,0.5,-0.2,laminar,6079a2190c4510851500528ab2bcce24010a97b0520c78004da1598b377c1215,0.0,0.0,0.0,"{'mean': -0.029256356969529614, 'std': 0.9833217427687496, 'min': -3.6484128252147836, 'max': 3.1788536793675353, 'skewness': -0.04588912403417841, 'kurtosis': 0.09801182439059009}",3,1,"[0, 2]",2,"(32, 32)",True
1002,pipe,6061.546514029872,0.5,-0.15,turbulent,ff8cb2077d6d5ca891f0daf98f39a3679320a25e8b634319350bc86173b9e4df,0.0,0.0,0.0,"{'mean': -0.029256356969529614, 'std': 0.9833217427687496, 'min': -3.6484128252147836, 'max': 3.1788536793675353, 'skewness': -0.04588912403417841, 'kurtosis': 0.09801182439059009}",3,1,"[0, 2]",2,"(32, 32)",True
2792,channel,24746.16001919883,2.0,-0.15,turbulent,7ba7a109e257586873754adc97a92577c5eb68b8c365a32debf59b75c495e2d5,0.0,0.0,0.0,"{'mean': 0.6451612903225806, 'std': 0.31691168593614655, 'min': 0.0, 'max': 0.9989594172736732, 'skewness': -0.6304339420761846, 'kurtosis': -0.882180438157667}",3,1,"[0, 1]",2,"(32, 32)",True
173,pipe,480.52631578947364,2.5,-0.2,laminar,ed43b83f2f19bd32932328e50d9fcd4debc71883aac2ced09a211ec0ac24d17a,0.0,0.0,0.0,"{'mean': -0.029256356969529614, 'std': 0.9833217427687496, 'min': -3.6484128252147836, 'max': 3.1788536793675353, 'skewness': -0.04588912403417841, 'kurtosis': 0.09801182439059009}",3,1,"[0, 2]",2,"(32, 32)",True
3932,cavity,5391.046496804163,1.0,-0.15,turbulent,cc0ac2d866c4f9e34e885debafde03f824d90d5e79091c950de184d8dbebe831,0.0,0.0,0.0,"{'mean': -0.029256356969529614, 'std': 0.9833217427687496, 'min': -3.6484128252147836, 'max': 3.1788536793675353, 'skewness': -0.04588912403417841, 'kurtosis': 0.09801182439059009}",3,1,"[0, 2]",2,"(32, 32)",True
1412,pipe,39550.25383869249,1.5,-0.15,turbulent,5e94036387f4b1f3643f13747a821b032fa75791e153bddbc6b7ac321e65b648,0.0,0.0,0.0,"{'mean': -0.029256356969529614, 'std': 0.9833217427687496, 'min': -3.6484128252147836, 'max': 3.1788536793675353, 'skewness': -0.04588912403417841, 'kurtosis': 0.09801182439059009}",3,1,"[0, 2]",2,"(32, 32)",True
4019,cavity,7663.09432393553,2.0,-0.25,turbulent,1de4ce1d199e5dfcd484cdf8c0a9576c33d42a742e7e6f205c7d22e25295e26f,0.0,0.0,0.0,"{'mean': -0.029256356969529614, 'std': 0.9833217427687496, 'min': -3.6484128252147836, 'max': 3.1788536793675353, 'skewness': -0.04588912403417841, 'kurtosis': 0.09801182439059009}",3,1,"[0, 2]",2,"(32, 32)",True
623,pipe,2035.7142857142858,2.5,-0.2,transition,24eb562ad8e2c291fe0cee488becfaec5525d1681188ec83f373b8a595ee834d,0.0,0.0,0.0,"{'mean': -0.029256356969529614, 'std': 0.9833217427687496, 'min': -3.6484128252147836, 'max': 3.1788536793675353, 'skewness': -0.04588912403417841, 'kurtosis': 0.09801182439059009}",3,1,"[0, 2]",2,"(32, 32)",True
1305,pipe,24746.16001919883,1.0,-0.05,turbulent,5f82625ccb39bf2c7bd710e0e7073d2cc34167755176e32d374bbbb469783ed8,0.0,0.0,0.0,"{'mean': -0.029256356969529614, 'std': 0.9833217427687496, 'min': -3.6484128252147836, 'max': 3.1788536793675353, 'skewness': -0.04588912403417841, 'kurtosis': 0.09801182439059009}",3,1,"[0, 2]",2,"(32, 32)",True
2543,channel,7663.09432393553,2.0,-0.2,turbulent,963f7fe17fcfc8b41ebdb043c8a98cddc1eb34d58ff834b2f9edef7ae9cc04b8,0.0,0.0,0.0,"{'mean': -0.029256356969529614, 'std': 0.9833217427687496, 'min': -3.6484128252147836, 'max': 3.1788536793675353, 'skewness': -0.04588912403417841, 'kurtosis': 0.09801182439059009}",3,1,"[0, 2]",2,"(32, 32)",True
2952,cavity,10.0,0.5,-0.15,laminar,11ecf49c7c718b22cbfe5eb62fcd00c5179676541f170c7aa9c76debfbedd2ea,0.0,0.0,0.0,"{'mean': -0.029256356969529614, 'std': 0.9833217427687496, 'min': -3.6484128252147836, 'max': 3.1788536793675353, 'skewness': -0.04588912403417841, 'kurtosis': 0.09801182439059009}",3,1,"[0, 2]",2,"(32, 32)",True
2401,channel,4264.3451480959675,0.5,-0.1,turbulent,9dc13bf7340413f2a4c2e6507cdbc9d0caa8ddd3c45f637833f0fd11a1d255c8,0.0,0.0,0.0,"{'mean': 0.6451612903225806, 'std': 0.31691168593614655, 'min': 0.0, 'max': 0.9989594172736732, 'skewness': -0.6304339420761846, 'kurtosis': -0.882180438157667}",3,1,"[0, 1]",2,"(32, 32)",True
2037,channel,1821.4285714285716,1.5,-0.15,transition,15e4212ce21da3ffd61e9ab90c83b94d82425dee13441e19689c0041c4618d2f,0.0,0.0,0.0,"{'mean': 0.6451612903225806, 'std': 0.31691168593614655, 'min': 0.0, 'max': 0.9989594172736732, 'skewness': -0.6304339420761846, 'kurtosis': -0.882180438157667}",3,1,"[0, 1]",2,"(32, 32)",True
3686,cavity,2571.4285714285716,1.5,-0.1,turbulent,136e5761d5e9835851de90e0657f2038ca56f750e5a64c95d472bbf48e61059e,0.0,0.0,0.0,"{'mean': -0.029256356969529614, 'std': 0.9833217427687496, 'min': -3.6484128252147836, 'max': 3.1788536793675353, 'skewness': -0.04588912403417841, 'kurtosis': 0.09801182439059009}",3,1,"[0, 2]",2,"(32, 32)",True
2666,channel,13770.69926991083,2.0,-0.1,turbulent,d53eaa87df40c6886d1ade23ae674aa7cdd947258af0a300cf499abd79fd5f4e,0.0,0.0,0.0,"{'mean': 0.6451612903225806, 'std': 0.31691168593614655, 'min': 0.0, 'max': 0.9989594172736732, 'skewness': -0.6304339420761846, 'kurtosis': -0.882180438157667}",3,1,"[0, 1]",2,"(32, 32)",True
2688,channel,15483.400895311179,1.5,-0.2,turbulent,c55df0cee60346ff900026ebafaecf1d84552e507e2af81cfcab923c31b54a53,0.0,0.0,0.0,"{'mean': -0.029256356969529614, 'std': 0.9833217427687496, 'min': -3.6484128252147836, 'max': 3.1788536793675353, 'skewness': -0.04588912403417841, 'kurtosis': 0.09801182439059009}",3,1,"[0, 2]",2,"(32, 32)",True
1519,channel,88.42105263157895,2.0,-0.25,laminar,b67c88ee1a808c495e6a4c8962b6dbbc3cea0832b3e7cc669c8a6ccba7d96d85,0.0012230873107910156,0.0,0.0012230873107910156,"{'mean': -0.029256356969529614, 'std': 0.9833217427687496, 'min': -3.6484128252147836, 'max': 3.1788536793675353, 'skewness': -0.04588912403417841, 'kurtosis': 0.09801182439059009}",3,1,"[0, 2]",2,"(32, 32)",True
378,pipe,1186.3157894736842,0.5,-0.2,laminar,de59d3cae625f7af312378e055a913cb52a309289b6759c53546dbf2cc434914,0.0,0.0,0.0,"{'mean': -0.029256356969529614, 'std': 0.9833217427687496, 'min': -3.6484128252147836, 'max': 3.1788536793675353, 'skewness': -0.04588912403417841, 'kurtosis': 0.09801182439059009}",3,1,"[0, 2]",2,"(32, 32)",True
608,pipe,2035.7142857142858,1.0,-0.2,transition,34cf308ae6495c053bcfe6f214a0d251d59c47dd4a198685d96d46c9cb9c564b,0.0,0.0,0.0,"{'mean': -0.029256356969529614, 'std': 0.9833217427687496, 'min': -3.6484128252147836, 'max': 3.1788536793675353, 'skewness': -0.04588912403417841, 'kurtosis': 0.09801182439059009}",3,1,"[0, 2]",2,"(32, 32)",True
2164,channel,2357.142857142857,1.5,-0.25,transition,95794a8ca8d6c514a58bde23a0f082c95c0b184e2b17ff46c3890e689ef5d4f0,0.0,0.0,0.0,"{'mean': -0.029256356969529614, 'std': 0.9833217427687496, 'min': -3.6484128252147836, 'max': 3.1788536793675353, 'skewness': -0.04588912403417841, 'kurtosis': 0.09801182439059009}",3,1,"[0, 2]",2,"(32, 32)",True
1506,channel,88.42105263157895,1.0,-0.1,laminar,82bec42502c9da4c8214d6193f0232792250c6639b0a2494233e279de72514f5,0.0,0.0,0.0,"{'mean': -0.029256356969529614, 'std': 0.9833217427687496, 'min': -3.6484128252147836, 'max': 3.1788536793675353, 'skewness': -0.04588912403417841, 'kurtosis': 0.09801182439059009}",3,1,"[0, 2]",2,"(32, 32)",True
2654,channel,13770.69926991083,0.5,-0.25,turbulent,b345d78db5cdb74c6fe0f5c57b66e9fded1ec493a2ec2fc5aeeeef3a6fdaf077,0.0,0.0,0.0,"{'mean': 0.6451612903225806, 'std': 0.31691168593614655, 'min': 0.0, 'max': 0.9989594172736732, 'skewness': -0.6304339420761846, 'kurtosis': -0.882180438157667}",3,1,"[0, 1]",2,"(32, 32)",True
4047,cavity,8616.175489020434,2.5,-0.15,turbulent,b30987f1c1b92faa0f4fc17dc2b6fcb04b9fa45a01ef1da2bf6faa8ddbb58f07,0.0,0.0,0.0,"{'mean': -0.029256356969529614, 'std': 0.9833217427687496, 'min': -3.6484128252147836, 'max': 3.1788536793675353, 'skewness': -0.04588912403417841, 'kurtosis': 0.09801182439059009}",3,1,"[0, 2]",2,"(32, 32)",True
3707,cavity,2678.5714285714284,1.0,-0.15,turbulent,a84741deb3cd7ab0770f733d619b47c63ed3755b9a6ac65fc52b189cfaea88bc,0.0,0.0,0.0,"{'mean': 0.6451612903225806, 'std': 0.31691168593614655, 'min': 0.0, 'max': 0.9989594172736732, 'skewness': -0.6304339420761846, 'kurtosis': -0.882180438157667}",3,1,"[0, 1]",2,"(32, 32)",True
2348,channel,3000.0000000000014,2.5,-0.2,turbulent,7a7350f6cf8f223b300ac44d38bf93b9d6bdad2e23dd3b27aa72cfbe28945a1b,0.0,0.0,0.0,"{'mean': -0.029256356969529614, 'std': 0.9833217427687496, 'min': -3.6484128252147836, 'max': 3.1788536793675353, 'skewness': -0.04588912403417841, 'kurtosis': 0.09801182439059009}",3,1,"[0, 2]",2,"(32, 32)",True
219,pipe,637.3684210526316,2.0,-0.25,laminar,87e9f7cb808b92484709d38a63e709b62f2c7b6142b8fd39cb039a1bb469ae36,0.0010006427764892578,0.0,0.0010006427764892578,"{'mean': -0.029256356969529614, 'std': 0.9833217427687496, 'min': -3.6484128252147836, 'max': 3.1788536793675353, 'skewness': -0.04588912403417841, 'kurtosis': 0.09801182439059009}",3,1,"[0, 2]",2,"(32, 32)",True
238,pipe,715.7894736842105,1.5,-0.2,laminar,710113f509cf23c401a42f5ec459e48222b3196cc6fe49d05eb2309448fe216d,0.0,0.0,0.0,"{'mean': 0.6451612903225806, 'std': 0.31691168593614655, 'min': 0.0, 'max': 0.9989594172736732, 'skewness': -0.6304339420761846, 'kurtosis': -0.882180438157667}",3,1,"[0, 1]",2,"(32, 32)",True
2748,channel,19574.338205844306,2.5,-0.2,turbulent,939681a790f75c64b0c56128ff0c0760d4cff315f29b6c876c40232923d86487,0.0,0.0,0.0,"{'mean': -0.029256356969529614, 'std': 0.9833217427687496, 'min': -3.6484128252147836, 'max': 3.1788536793675353, 'skewness': -0.04588912403417841, 'kurtosis': 0.09801182439059009}",3,1,"[0, 2]",2,"(32, 32)",True
480,pipe,1500.0,1.0,-0.05,laminar,e15d358383f9cf6caa396dfe08bf963e084872c4969e6c2e732533a5a636696f,0.0,0.0,0.0,"{'mean': 0.6451612903225806, 'std': 0.31691168593614655, 'min': 0.0, 'max': 0.9989594172736732, 'skewness': -0.6304339420761846, 'kurtosis': -0.882180438157667}",3,1,"[0, 1]",2,"(32, 32)",True
410,pipe,1264.7368421052631,1.5,-0.05,laminar,c3d98bb3b64271c2996d97945955f7a8750f7704f4a6820bcd31d8ecd03e7998,0.0,0.0,0.0,"{'mean': -0.029256356969529614, 'std': 0.9833217427687496, 'min': -3.6484128252147836, 'max': 3.1788536793675353, 'skewness': -0.04588912403417841, 'kurtosis': 0.09801182439059009}",3,1,"[0, 2]",2,"(32, 32)",True
2940,channel,49999.99999999999,2.0,-0.05,turbulent,6342a7d38e6a6b90b8285ff827959be3caa484410cd66b7c47961c238627bf5a,0.0,0.0,0.0,"{'mean': -0.029256356969529614, 'std': 0.9833217427687496, 'min': -3.6484128252147836, 'max': 3.1788536793675353, 'skewness': -0.04588912403417841, 'kurtosis': 0.09801182439059009}",3,1,"[0, 2]",2,"(32, 32)",True
3414,cavity,1421.578947368421,1.5,-0.25,laminar,c36b8d029bdc16a142096c4095b525dbebe4a758cb94c305b0002fef39f8deca,0.0,0.0,0.0,"{'mean': -0.029256356969529614, 'std': 0.9833217427687496, 'min': -3.6484128252147836, 'max': 3.1788536793675353, 'skewness': -0.04588912403417841, 'kurtosis': 0.09801182439059009}",3,1,"[0, 2]",2,"(32, 32)",True
1478,channel,10.0,0.5,-0.2,laminar,f91db1992cef02aa880d81d4afc5db8c78e11649817d6328e0e64b98856e3563,0.0,0.0,0.0,"{'mean': 0.6451612903225806, 'std': 0.31691168593614655, 'min': 0.0, 'max': 0.9989594172736732, 'skewness': -0.6304339420761846, 'kurtosis': -0.882180438157667}",3,1,"[0, 1]",2,"(32, 32)",True
220,pipe,637.3684210526316,2.5,-0.05,laminar,274b8b0fe1a374a6cbe5beb8dfd5d19774531d7a5636b11137ca7da73a62ef03,0.0,0.0,0.0,"{'mean': -0.029256356969529614, 'std': 0.9833217427687496, 'min': -3.6484128252147836, 'max': 3.1788536793675353, 'skewness': -0.04588912403417841, 'kurtosis': 0.09801182439059009}",3,1,"[0, 2]",2,"(32, 32)",True
749,pipe,2571.4285714285716,2.5,-0.25,turbulent,ef3e446643bfa0d8d932e4663290c4c7ebc6494653de3a50bacc8bd9ef562c62,0.0,0.0,0.0,"{'mean': 0.6451612903225806, 'std': 0.31691168593614655, 'min': 0.0, 'max': 0.9989594172736732, 'skewness': -0.6304339420761846, 'kurtosis': -0.882180438157667}",3,1,"[0, 1]",2,"(32, 32)",True
1752,channel,872.6315789473684,0.5,-0.15,laminar,04f516fd0e556246d667943a818b7f5fef7fedc8fa543bc579a15c92fbd7d876,0.0,0.0,0.0,"{'mean': -0.029256356969529614, 'std': 0.9833217427687496, 'min': -3.6484128252147836, 'max': 3.1788536793675353, 'skewness': -0.04588912403417841, 'kurtosis': 0.09801182439059009}",3,1,"[0, 2]",2,"(32, 32)",True
3756,cavity,2892.857142857143,1.0,-0.1,turbulent,072b8c87392c42d81d79434bdfcbd18bbb843fdc8dd8bc0d80aabe91b948fb0c,0.0,0.0,0.0,"{'mean': -0.029256356969529614, 'std': 0.9833217427687496, 'min': -3.6484128252147836, 'max': 3.1788536793675353, 'skewness': -0.04588912403417841, 'kurtosis': 0.09801182439059009}",3,1,"[0, 2]",2,"(32, 32)",True
1493,channel,10.0,2.0,-0.2,laminar,a73bbf7d59d73fc2960748915288f821742eadfcd002ef4c5b6f39f4b35eabaf,0.0,0.0,0.0,"{'mean': -0.029256356969529614, 'std': 0.9833217427687496, 'min': -3.6484128252147836, 'max': 3.1788536793675353, 'skewness': -0.04588912403417841, 'kurtosis': 0.09801182439059009}",3,1,"[0, 2]",2,"(32, 32)",True
1426,pipe,44469.233093619056,0.5,-0.1,turbulent,14e1f733faca9c8ebd78bce0b16d004e60e8f725a11ff930da9d37e1dce03a63,0.0,0.0,0.0,"{'mean': -0.029256356969529614, 'std': 0.9833217427687496, 'min': -3.6484128252147836, 'max': 3.1788536793675353, 'skewness': -0.04588912403417841, 'kurtosis': 0.09801182439059009}",3,1,"[0, 2]",2,"(32, 32)",True
3073,cavity,323.6842105263158,2.5,-0.2,laminar,3d62a47c3f38fb05b81d789a5fe6e5a838ec56cfcae045db8eb522d0383efb1a,0.0,0.0,0.0,"{'mean': 0.6451612903225806, 'std': 0.31691168593614655, 'min': 0.0, 'max': 0.9989594172736732, 'skewness': -0.6304339420761846, 'kurtosis': -0.882180438157667}",3,1,"[0, 1]",2,"(32, 32)",True
665,pipe,2250.0,2.0,-0.05,transition,27dea574bb4a4d6cffd5943217864bc4a6e6a116bd04b160a724b232ddb0116c,0.0,0.0,0.0,"{'mean': -0.029256356969529614, 'std': 0.9833217427687496, 'min': -3.6484128252147836, 'max': 3.1788536793675353, 'skewness': -0.04588912403417841, 'kurtosis': 0.09801182439059009}",3,1,"[0, 2]",2,"(32, 32)",True
4312,cavity,31284.451574100145,1.5,-0.15,turbulent,2ce57955b2b382cdd97c2814808f13d01701e3e2d2702088fe76f5d7dd628305,0.0,0.0,0.0,"{'mean': -0.029256356969529614, 'std': 0.9833217427687496, 'min': -3.6484128252147836, 'max': 3.1788536793675353, 'skewness': -0.04588912403417841, 'kurtosis': 0.09801182439059009}",3,1,"[0, 2]",2,"(32, 32)",True
125,pipe,402.10526315789474,0.5,-0.05,laminar,b404b2e9308879629ab56fbf32e9afe4162a4d62d5493e4e408e17738130b003,0.0,0.0,0.0,"{'mean': -0.029256356969529614, 'std': 0.9833217427687496, 'min': -3.6484128252147836, 'max': 3.1788536793675353, 'skewness': -0.04588912403417841, 'kurtosis': 0.09801182439059009}",3,1,"[0, 2]",2,"(32, 32)",True
3880,cavity,4264.3451480959675,1.0,-0.05,turbulent,daa01a726e4b4371389029d031e2d717842311de88fbaf5b611052036d89cd0d,0.0,0.0,0.0,"{'mean': -0.029256356969529614, 'std': 0.9833217427687496, 'min': -3.6484128252147836, 'max': 3.1788536793675353, 'skewness': -0.04588912403417841, 'kurtosis': 0.09801182439059009}",3,1,"[0, 2]",2,"(32, 32)",True
2510,channel,6815.438554189565,1.5,-0.05,turbulent,cee4d4c3300c5cc5874d68aa9e549aa73bc08e82f1a53961cb3eab33ce9523fb,0.0,0.0,0.0,"{'mean': -0.029256356969529614, 'std': 0.9833217427687496, 'min': -3.6484128252147836, 'max': 3.1788536793675353, 'skewness': -0.04588912403417841, 'kurtosis': 0.09801182439059009}",3,1,"[0, 2]",2,"(32, 32)",True
4240,cavity,22008.85516131499,2.0,-0.05,turbulent,f49adbcc8cce859c5d0cacd7c3722b70dad026aab6eed56b53a08b494a2c939a,0.0,0.0,0.0,"{'mean': -0.029256356969529614, 'std': 0.9833217427687496, 'min': -3.6484128252147836, 'max': 3.1788536793675353, 'skewness': -0.04588912403417841, 'kurtosis': 0.09801182439059009}",3,1,"[0, 2]",2,"(32, 32)",True
1293,pipe,22008.85516131499,2.0,-0.2,turbulent,e307f5eb35b9e536f0a97653c1acf934c4c92bcd636373dceb32f87a51945b3f,0.0,0.0,0.0,"{'mean': -0.029256356969529614, 'std': 0.9833217427687496, 'min': -3.6484128252147836, 'max': 3.1788536793675353, 'skewness': -0.04588912403417841, 'kurtosis': 0.09801182439059009}",3,1,"[0, 2]",2,"(32, 32)",True
764,pipe,2678.5714285714284,1.5,-0.25,turbulent,9097ccb597155c94151bc0ded0f52255bbb12c380dc8e57bc988bc67e2147d47,0.0,0.0,0.0,"{'mean': -0.029256356969529614, 'std': 0.9833217427687496, 'min': -3.6484128252147836, 'max': 3.1788536793675353, 'skewness': -0.04588912403417841, 'kurtosis': 0.09801182439059009}",3,1,"[0, 2]",2,"(32, 32)",True
4141,cavity,13770.69926991083,2.0,-0.1,turbulent,a3a43b5af3ad47daf03e7730b61eb755076f2bb13a5b2255cfb8aedde21ccb2f,0.0,0.0,0.0,"{'mean': 0.6451612903225806, 'std': 0.31691168593614655, 'min': 0.0, 'max': 0.9989594172736732, 'skewness': -0.6304339420761846, 'kurtosis': -0.882180438157667}",3,1,"[0, 1]",2,"(32, 32)",True
618,pipe,2035.7142857142858,2.0,-0.2,transition,e632a570e6c0fd3ec655825cae7a51bfda113a78bc42c76716974a5d7d81047f,0.0,0.0,0.0,"{'mean': -0.029256356969529614, 'std': 0.9833217427687496, 'min': -3.6484128252147836, 'max': 3.1788536793675353, 'skewness': -0.04588912403417841, 'kurtosis': 0.09801182439059009}",3,1,"[0, 2]",2,"(32, 32)",True
1296,pipe,22008.85516131499,2.5,-0.1,turbulent,8265a3d61857b3da719665c39d80e2ce75c28eb867a91733159a72af621f8d60,0.0,0.0,0.0,"{'mean': 0.6451612903225806, 'std': 0.31691168593614655, 'min': 0.0, 'max': 0.9989594172736732, 'skewness': -0.6304339420761846, 'kurtosis': -0.882180438157667}",3,1,"[0, 1]",2,"(32, 32)",True
375,pipe,1186.3157894736842,0.5,-0.05,laminar,444a6c74c3aa3b6560ce299d5e2c068aee63dfadeed5480b418e86bc30a69ebc,0.0,0.0,0.0,"{'mean': -0.029256356969529614, 'std': 0.9833217427687496, 'min': -3.6484128252147836, 'max': 3.1788536793675353, 'skewness': -0.04588912403417841, 'kurtosis': 0.09801182439059009}",3,1,"[0, 2]",2,"(32, 32)",True
229,pipe,715.7894736842105,0.5,-0.25,laminar,0e0e12fc0ee8b7f80d341c831362981d90a962be5183c3442631016651d81ba5,0.0,0.0,0.0,"{'mean': -0.029256356969529614, 'std': 0.9833217427687496, 'min': -3.6484128252147836, 'max': 3.1788536793675353, 'skewness': -0.04588912403417841, 'kurtosis': 0.09801182439059009}",3,1,"[0, 2]",2,"(32, 32)",True
2893,channel,39550.25383869249,2.0,-0.2,turbulent,bf00e915a251980cddef66f11ea48fd2f766e1fa5050ccea555eafe8892c283e,0.0,0.0,0.0,"{'mean': -0.029256356969529614, 'std': 0.9833217427687496, 'min': -3.6484128252147836, 'max': 3.1788536793675353, 'skewness': -0.04588912403417841, 'kurtosis': 0.09801182439059009}",3,1,"[0, 2]",2,"(32, 32)",True
3961,cavity,6061.546514029872,1.5,-0.1,turbulent,be0c9ddb6929983ffd17e3a10201915205352f7008a91cbd581ce4044cb34c77,0.0,0.0,0.0,"{'mean': 0.6451612903225806, 'std': 0.31691168593614655, 'min': 0.0, 'max': 0.9989594172736732, 'skewness': -0.6304339420761846, 'kurtosis': -0.882180438157667}",3,1,"[0, 1]",2,"(32, 32)",True
2184,channel,2464.285714285714,1.0,-0.25,transition,a5a1b00543322c812d3f054026c711bf7bc814fe6d863b77bb5ef075e24323c7,0.0,0.0,0.0,"{'mean': 0.6451612903225806, 'std': 0.31691168593614655, 'min': 0.0, 'max': 0.9989594172736732, 'skewness': -0.6304339420761846, 'kurtosis': -0.882180438157667}",3,1,"[0, 1]",2,"(32, 32)",True
2181,channel,2464.285714285714,1.0,-0.1,transition,b0e34b168c4e96f610158fbac12df530fbab104ee786dc18a834d1048dd41fe1,0.0,0.0,0.0,"{'mean': -0.029256356969529614, 'std': 0.9833217427687496, 'min': -3.6484128252147836, 'max': 3.1788536793675353, 'skewness': -0.04588912403417841, 'kurtosis': 0.09801182439059009}",3,1,"[0, 2]",2,"(32, 32)",True
4110,cavity,12247.448713915892,1.5,-0.05,turbulent,23d6796887a812fcd862f2093305a1b9dc204a45284d1d74e7812418dd26fd39,0.0,0.0,0.0,"{'mean': -0.029256356969529614, 'std': 0.9833217427687496, 'min': -3.6484128252147836, 'max': 3.1788536793675353, 'skewness': -0.04588912403417841, 'kurtosis': 0.09801182439059009}",3,1,"[0, 2]",2,"(32, 32)",True
2818,channel,27823.91138509389,2.0,-0.2,turbulent,618229107b94d728c97ce358d14c60984a650c0dc09d93d5fb74f16652dabfca,0.0,0.0,0.0,"{'mean': -0.029256356969529614, 'std': 0.9833217427687496, 'min': -3.6484128252147836, 'max': 3.1788536793675353, 'skewness': -0.04588912403417841, 'kurtosis': 0.09801182439059009}",3,1,"[0, 2]",2,"(32, 32)",True
4165,cavity,15483.400895311179,2.0,-0.05,turbulent,d736d16a43305988e0a427a50373e97d66724f3a8297b71921e6f16eaf6044a6,0.0,0.0,0.0,"{'mean': -0.029256356969529614, 'std': 0.9833217427687496, 'min': -3.6484128252147836, 'max': 3.1788536793675353, 'skewness': -0.04588912403417841, 'kurtosis': 0.09801182439059009}",3,1,"[0, 2]",2,"(32, 32)",True
3798,cavity,3000.0,2.5,-0.2,turbulent,999ebd65db083661963dfef8ac798fa0144fb5212aed49f3a6147d10ff2ff87f,0.0010342597961425781,0.0,0.0010342597961425781,"{'mean': -0.029256356969529614, 'std': 0.9833217427687496, 'min': -3.6484128252147836, 'max': 3.1788536793675353, 'skewness': -0.04588912403417841, 'kurtosis': 0.09801182439059009}",3,1,"[0, 2]",2,"(32, 32)",True
1137,pipe,10892.693033225416,1.5,-0.15,turbulent,381b01357f2ca9a564e5ec1d50d5320a304901fdd452d45cc9fc1cd2ddeb7ab6,0.0,0.0,0.0,"{'mean': -0.029256356969529614, 'std': 0.9833217427687496, 'min': -3.6484128252147836, 'max': 3.1788536793675353, 'skewness': -0.04588912403417841, 'kurtosis': 0.09801182439059009}",3,1,"[0, 2]",2,"(32, 32)",True
3879,cavity,4264.3451480959675,0.5,-0.25,turbulent,95416da7f6577b1c1f0c7bfd04f508fba658fd4184badc4811149dfb78189749,0.0,0.0,0.0,"{'mean': -0.029256356969529614, 'std': 0.9833217427687496, 'min': -3.6484128252147836, 'max': 3.1788536793675353, 'skewness': -0.04588912403417841, 'kurtosis': 0.09801182439059009}",3,1,"[0, 2]",2,"(32, 32)",True
454,pipe,1421.578947368421,0.5,-0.25,laminar,7a1cf58f04e1219089bdcac6450e3fb9bd81c57ae006ec5a9ee305efbf6b8818,0.0,0.0,0.0,"{'mean': -0.029256356969529614, 'std': 0.9833217427687496, 'min': -3.6484128252147836, 'max': 3.1788536793675353, 'skewness': -0.04588912403417841, 'kurtosis': 0.09801182439059009}",3,1,"[0, 2]",2,"(32, 32)",True
805,pipe,2892.857142857143,1.0,-0.05,turbulent,dd8688013e56bcb1757ae3571ea444551bfda53e7fb57da7d11944ff2c8f493a,0.0,0.0009646415710449219,0.0009646415710449219,"{'mean': -0.029256356969529614, 'std': 0.9833217427687496, 'min': -3.6484128252147836, 'max': 3.1788536793675353, 'skewness': -0.04588912403417841, 'kurtosis': 0.09801182439059009}",3,1,"[0, 2]",2,"(32, 32)",True
2866,channel,35175.3891372923,2.0,-0.1,turbulent,01408b70420dbf467f6f8f9b02fe19f36592b76f8753c1b45f2fabb5e6d6db06,0.0,0.0,0.0,"{'mean': -0.029256356969529614, 'std': 0.9833217427687496, 'min': -3.6484128252147836, 'max': 3.1788536793675353, 'skewness': -0.04588912403417841, 'kurtosis': 0.09801182439059009}",3,1,"[0, 2]",2,"(32, 32)",True
1290,pipe,22008.85516131499,2.0,-0.05,turbulent,8f44b9ba90cd70266d671db1a173dc9a587ec73bf9c4215df54fcc127e4c311e,0.0,0.0,0.0,"{'mean': -0.029256356969529614, 'std': 0.9833217427687496, 'min': -3.6484128252147836, 'max': 3.1788536793675353, 'skewness': -0.04588912403417841, 'kurtosis': 0.09801182439059009}",3,1,"[0, 2]",2,"(32, 32)",True
3253,cavity,951.0526315789473,0.5,-0.2,laminar,3e1936a48fcf941ba34ef2a9e2ef542ddb5c02dcf5cc334331110a6b5791a76b,0.0,0.0,0.0,"{'mean': -0.029256356969529614, 'std': 0.9833217427687496, 'min': -3.6484128252147836, 'max': 3.1788536793675353, 'skewness': -0.04588912403417841, 'kurtosis': 0.09801182439059009}",3,1,"[0, 2]",2,"(32, 32)",True
87,pipe,245.26315789473682,1.5,-0.15,laminar,fa0463df6caebce1721266542de4e61410a6d97b0d5166c901195123a8ae43f6,0.0,0.0,0.0,"{'mean': -0.029256356969529614, 'std': 0.9833217427687496, 'min': -3.6484128252147836, 'max': 3.1788536793675353, 'skewness': -0.04588912403417841, 'kurtosis': 0.09801182439059009}",3,1,"[0, 2]",2,"(32, 32)",True
31,pipe,88.42105263157895,1.0,-0.1,laminar,e21893c105795ab3478d4b6dc43a392d7202e22205e8659115ead489e5b4d54f,0.0,0.0,0.0,"{'mean': -0.029256356969529614, 'std': 0.9833217427687496, 'min': -3.6484128252147836, 'max': 3.1788536793675353, 'skewness': -0.04588912403417841, 'kurtosis': 0.09801182439059009}",3,1,"[0, 2]",2,"(32, 32)",True
3978,cavity,6815.438554189565,0.5,-0.2,turbulent,b0b84b03b91247e0b35fad1f30cca0f8ce06d17634ac8d9436b1320a426a4ab8,0.0,0.0,0.0,"{'mean': 0.6451612903225806, 'std': 0.31691168593614655, 'min': 0.0, 'max': 0.9989594172736732, 'skewness': -0.6304339420761846, 'kurtosis': -0.882180438157667}",3,1,"[0, 1]",2,"(32, 32)",True
569,pipe,1821.4285714285716,2.0,-0.25,transition,741f9ed548ce48af890685eac6660c4a4e711075d180f48c9e98861dbd2f87b9,0.0,0.0,0.0,"{'mean': -0.029256356969529614, 'std': 0.9833217427687496, 'min': -3.6484128252147836, 'max': 3.1788536793675353, 'skewness': -0.04588912403417841, 'kurtosis': 0.09801182439059009}",3,1,"[0, 2]",2,"(32, 32)",True
4107,cavity,12247.448713915892,1.0,-0.15,turbulent,ec4a48b391cac09208cd68933f8576c19430ba8564068566892481b86023ebc2,0.0,0.0,0.0,"{'mean': 0.6451612903225806, 'std': 0.31691168593614655, 'min': 0.0, 'max': 0.9989594172736732, 'skewness': -0.6304339420761846, 'kurtosis': -0.882180438157667}",3,1,"[0, 1]",2,"(32, 32)",True
2493,channel,6061.546514029872,2.0,-0.2,turbulent,d7c7bf1e96db9ed4775e12ec0454b779d5b8a0cdf05d0392e8cf545d4156d599,0.0,0.0,0.0,"{'mean': 0.6451612903225806, 'std': 0.31691168593614655, 'min': 0.0, 'max': 0.9989594172736732, 'skewness': -0.6304339420761846, 'kurtosis': -0.882180438157667}",3,1,"[0, 1]",2,"(32, 32)",True
3829,cavity,3373.118661259842,0.5,-0.25,turbulent,473b6e9ba38891f8479fcddac62df8969d5b70461effccbe5f5593192ba781a5,0.0,0.0,0.0,"{'mean': -0.029256356969529614, 'std': 0.9833217427687496, 'min': -3.6484128252147836, 'max': 3.1788536793675353, 'skewness': -0.04588912403417841, 'kurtosis': 0.09801182439059009}",3,1,"[0, 2]",2,"(32, 32)",True
119,pipe,323.6842105263158,2.0,-0.25,laminar,01b3ede2fceb48cd235b58467537741985673781398f3d3da863e573afe119fd,0.0009851455688476562,0.0,0.0009851455688476562,"{'mean': -0.029256356969529614, 'std': 0.9833217427687496, 'min': -3.6484128252147836, 'max': 3.1788536793675353, 'skewness': -0.04588912403417841, 'kurtosis': 0.09801182439059009}",3,1,"[0, 2]",2,"(32, 32)",True
443,pipe,1343.157894736842,2.0,-0.2,laminar,b0512a5f5dab5b1fa3b6a2b8504bc289dabfc090c05c2f2f3c372128df149139,0.0,0.0,0.0,"{'mean': -0.029256356969529614, 'std': 0.9833217427687496, 'min': -3.6484128252147836, 'max': 3.1788536793675353, 'skewness': -0.04588912403417841, 'kurtosis': 0.09801182439059009}",3,1,"[0, 2]",2,"(32, 32)",True
698,pipe,2357.142857142857,2.5,-0.2,transition,a2da5fedbc51c30914c934b67d6feeb706d66ef2f6e12570fe3a6526ef3a9401,0.0,0.0,0.0,"{'mean': -0.029256356969529614, 'std': 0.9833217427687496, 'min': -3.6484128252147836, 'max': 3.1788536793675353, 'skewness': -0.04588912403417841, 'kurtosis': 0.09801182439059009}",3,1,"[0, 2]",2,"(32, 32)",True
3471,cavity,1607.142857142857,2.5,-0.1,transition,641a64740581aa38ea5ee555269c5a18caa45f3a2d018d66299a47f25097971b,0.0,0.0,0.0,"{'mean': -0.029256356969529614, 'std': 0.9833217427687496, 'min': -3.6484128252147836, 'max': 3.1788536793675353, 'skewness': -0.04588912403417841, 'kurtosis': 0.09801182439059009}",3,1,"[0, 2]",2,"(32, 32)",True
2421,channel,4264.3451480959675,2.5,-0.1,turbulent,b047584dafc857467bcd6672b40775ea865fc23545bc1ac627f6ee73d230cf09,0.0,0.0,0.0,"{'mean': -0.029256356969529614, 'std': 0.9833217427687496, 'min': -3.6484128252147836, 'max': 3.1788536793675353, 'skewness': -0.04588912403417841, 'kurtosis': 0.09801182439059009}",3,1,"[0, 2]",2,"(32, 32)",True
1355,pipe,31284.451574100145,1.0,-0.05,turbulent,05144f6cdba4b455841b7a6418024b93419a3e0bf914f4d60afe945db8322ef3,0.0,0.0,0.0,"{'mean': -0.029256356969529614, 'std': 0.9833217427687496, 'min': -3.6484128252147836, 'max': 3.1788536793675353, 'skewness': -0.04588912403417841, 'kurtosis': 0.09801182439059009}",3,1,"[0, 2]",2,"(32, 32)",True
1672,channel,558.9473684210526,2.5,-0.15,laminar,36935f6885923baacb023ddefa1a9159be01113cf471e358f60bd0800e1ec62c,0.0,0.0,0.0,"{'mean': -0.029256356969529614, 'std': 0.9833217427687496, 'min': -3.6484128252147836, 'max': 3.1788536793675353, 'skewness': -0.04588912403417841, 'kurtosis': 0.09801182439059009}",3,1,"[0, 2]",2,"(32, 32)",True
2434,channel,4794.714065698457,1.0,-0.25,turbulent,32c7a4ab32f1f958934ba572f54d60aa3f4da63275dc50788ebbdd2b0f355b57,0.0009982585906982422,0.0,0.0009982585906982422,"{'mean': -0.029256356969529614, 'std': 0.9833217427687496, 'min': -3.6484128252147836, 'max': 3.1788536793675353, 'skewness': -0.04588912403417841, 'kurtosis': 0.09801182439059009}",3,1,"[0, 2]",2,"(32, 32)",True
3234,cavity,872.6315789473684,1.0,-0.25,laminar,2078a82e8151b0a5771a386893b926a41cba553b7f479b1510faa34f3c1e479b,0.0,0.0,0.0,"{'mean': -0.029256356969529614, 'std': 0.9833217427687496, 'min': -3.6484128252147836, 'max': 3.1788536793675353, 'skewness': -0.04588912403417841, 'kurtosis': 0.09801182439059009}",3,1,"[0, 2]",2,"(32, 32)",True
2833,channel,31284.451574100145,1.0,-0.2,turbulent,a64e24d82c787a436984ed08fad58d2d93154f26229136626c6350588c79ecf0,0.0,0.0,0.0,"{'mean': -0.029256356969529614, 'std': 0.9833217427687496, 'min': -3.6484128252147836, 'max': 3.1788536793675353, 'skewness': -0.04588912403417841, 'kurtosis': 0.09801182439059009}",3,1,"[0, 2]",2,"(32, 32)",True
2795,channel,24746.16001919883,2.5,-0.05,turbulent,aee9b96b15dfeb7f68abed441db3d6262272a1b0974376bb90e82e0b9d52e512,0.0,0.0,0.0,"{'mean': -0.029256356969529614, 'std': 0.9833217427687496, 'min': -3.6484128252147836, 'max': 3.1788536793675353, 'skewness': -0.04588912403417841, 'kurtosis': 0.09801182439059009}",3,1,"[0, 2]",2,"(32, 32)",True
174,pipe,480.52631578947364,2.5,-0.25,laminar,644b2859ba50f4ec48345a231c412db3ac7715bb056efb93e595491844c819ed,0.0,0.0,0.0,"{'mean': -0.029256356969529614, 'std': 0.9833217427687496, 'min': -3.6484128252147836, 'max': 3.1788536793675353, 'skewness': -0.04588912403417841, 'kurtosis': 0.09801182439059009}",3,1,"[0, 2]",2,"(32, 32)",True
1856,channel,1186.3157894736842,1.0,-0.1,laminar,7911109299d53e6afb29de652dbff8cdcb2ee9f7601e8028dbbdb3b8e628cb53,0.0,0.0,0.0,"{'mean': -0.029256356969529614, 'std': 0.9833217427687496, 'min': -3.6484128252147836, 'max': 3.1788536793675353, 'skewness': -0.04588912403417841, 'kurtosis': 0.09801182439059009}",3,1,"[0, 2]",2,"(32, 32)",True
1402,pipe,39550.25383869249,0.5,-0.15,turbulent,5e54e6b98a08cd5c400ae2a539cd3e23b9b4d0896fc53dc578da01671e7438ea,0.0,0.001001119613647461,0.001001119613647461,"{'mean': 0.6451612903225806, 'std': 0.31691168593614655, 'min': 0.0, 'max': 0.9989594172736732, 'skewness': -0.6304339420761846, 'kurtosis': -0.882180438157667}",3,1,"[0, 1]",2,"(32, 32)",True
2319,channel,3000.0,2.0,-0.25,turbulent,297d799645235f94b6005e74c7b1bd5060363a459f591bf26e3a8ec2bb3682d3,0.0,0.0,0.0,"{'mean': -0.029256356969529614, 'std': 0.9833217427687496, 'min': -3.6484128252147836, 'max': 3.1788536793675353, 'skewness': -0.04588912403417841, 'kurtosis': 0.09801182439059009}",3,1,"[0, 2]",2,"(32, 32)",True
3389,cavity,1343.157894736842,1.5,-0.25,laminar,7565ca820bea73f8d5ed85973b068fb2697d3fc197327baeba642fccca0d290a,0.0,0.0,0.0,"{'mean': -0.029256356969529614, 'std': 0.9833217427687496, 'min': -3.6484128252147836, 'max': 3.1788536793675353, 'skewness': -0.04588912403417841, 'kurtosis': 0.09801182439059009}",3,1,"[0, 2]",2,"(32, 32)",True
856,pipe,3000.0000000000014,1.0,-0.1,turbulent,c44fef4e38ce3b654c8ec5d9f0e9e4269c65a85254eaf707f5eb0f91c8428245,0.0,0.0,0.0,"{'mean': -0.029256356969529614, 'std': 0.9833217427687496, 'min': -3.6484128252147836, 'max': 3.1788536793675353, 'skewness': -0.04588912403417841, 'kurtosis': 0.09801182439059009}",3,1,"[0, 2]",2,"(32, 32)",True
2582,channel,9687.79411023482,1.0,-0.15,turbulent,775d77d664d80860590ef1f8b1bf289fdd4b6347f462ad134d6eeffdda3ea099,0.0,0.0,0.0,"{'mean': -0.029256356969529614, 'std': 0.9833217427687496, 'min': -3.6484128252147836, 'max': 3.1788536793675353, 'skewness': -0.04588912403417841, 'kurtosis': 0.09801182439059009}",3,1,"[0, 2]",2,"(32, 32)",True
3335,cavity,1186.3157894736842,1.5,-0.05,laminar,d20516ac619a79fc2ff46b29413ee8df6dfc31e760ed777754d20575a616bead,0.0,0.0009999275207519531,0.0009999275207519531,"{'mean': -0.029256356969529614, 'std': 0.9833217427687496, 'min': -3.6484128252147836, 'max': 3.1788536793675353, 'skewness': -0.04588912403417841, 'kurtosis': 0.09801182439059009}",3,1,"[0, 2]",2,"(32, 32)",True
3628,cavity,2357.142857142857,0.5,-0.2,transition,2eef8e64c6f818523f4b9265301162bc0d6d32a1cf07d1dc5578f2683fa7dd3d,0.0,0.0,0.0,"{'mean': -0.029256356969529614, 'std': 0.9833217427687496, 'min': -3.6484128252147836, 'max': 3.1788536793675353, 'skewness': -0.04588912403417841, 'kurtosis': 0.09801182439059009}",3,1,"[0, 2]",2,"(32, 32)",True
1354,pipe,31284.451574100145,0.5,-0.25,turbulent,9d98a49cd027fab234feded309b5006efc3dbda24c11f74c986678643a83b85e,0.0,0.0,0.0,"{'mean': -0.029256356969529614, 'std': 0.9833217427687496, 'min': -3.6484128252147836, 'max': 3.1788536793675353, 'skewness': -0.04588912403417841, 'kurtosis': 0.09801182439059009}",3,1,"[0, 2]",2,"(32, 32)",True
2277,channel,2892.857142857143,0.5,-0.15,turbulent,76833a70a74d80dfa5d15af2c1d5e79d62d678c9a1b9db77076a7be1eb8f22a1,0.0,0.0,0.0,"{'mean': -0.029256356969529614, 'std': 0.9833217427687496, 'min': -3.6484128252147836, 'max': 3.1788536793675353, 'skewness': -0.04588912403417841, 'kurtosis': 0.09801182439059009}",3,1,"[0, 2]",2,"(32, 32)",True
2559,channel,8616.175489020434,1.0,-0.25,turbulent,9c6d79594cdc7a42c3d02bba4b25ef583532f123f7f0377449c8ac81748a4f41,0.0,0.0,0.0,"{'mean': -0.029256356969529614, 'std': 0.9833217427687496, 'min': -3.6484128252147836, 'max': 3.1788536793675353, 'skewness': -0.04588912403417841, 'kurtosis': 0.09801182439059009}",3,1,"[0, 2]",2,"(32, 32)",True
953,pipe,4794.714065698457,0.5,-0.2,turbulent,002d1e5f9ba05a3a1a569ad3891bb3568cb7d3b533803874aeb4506bd5ae8a3e,0.0,0.0,0.0,"{'mean': 0.6451612903225806, 'std': 0.31691168593614655, 'min': 0.0, 'max': 0.9989594172736732, 'skewness': -0.6304339420761846, 'kurtosis': -0.882180438157667}",3,1,"[0, 1]",2,"(32, 32)",True
4366,cavity,39550.25383869249,2.0,-0.1,turbulent,7e63ebd0b56af535d53da7ad52d6a6dba547338c87f510fbd6c1f49c3b08fcc1,0.0,0.0,0.0,"{'mean': 0.6451612903225806, 'std': 0.31691168593614655, 'min': 0.0, 'max': 0.9989594172736732, 'skewness': -0.6304339420761846, 'kurtosis': -0.882180438157667}",3,1,"[0, 1]",2,"(32, 32)",True
1691,channel,637.3684210526316,2.0,-0.1,laminar,8b678bc72946fe266eba5f313e02cc44052449976feaeb5008336994ac5504d0,0.0,0.0,0.0,"{'mean': 0.6451612903225806, 'std': 0.31691168593614655, 'min': 0.0, 'max': 0.9989594172736732, 'skewness': -0.6304339420761846, 'kurtosis': -0.882180438157667}",3,1,"[0, 1]",2,"(32, 32)",True
929,pipe,4264.3451480959675,0.5,-0.25,turbulent,210db9b19f0343a867c8c8bf0419919d4a322c2522fa264f8b4a1c0ee8dda5ea,0.0,0.0,0.0,"{'mean': -0.029256356969529614, 'std': 0.9833217427687496, 'min': -3.6484128252147836, 'max': 3.1788536793675353, 'skewness': -0.04588912403417841, 'kurtosis': 0.09801182439059009}",3,1,"[0, 2]",2,"(32, 32)",True
554,pipe,1821.4285714285716,0.5,-0.25,transition,d187b4a41a7790eb8173d4e6fa99dc598ba77e4531f8d54b2da98870b90bce8c,0.0,0.0,0.0,"{'mean': -0.029256356969529614, 'std': 0.9833217427687496, 'min': -3.6484128252147836, 'max': 3.1788536793675353, 'skewness': -0.04588912403417841, 'kurtosis': 0.09801182439059009}",3,1,"[0, 2]",2,"(32, 32)",True
962,pipe,4794.714065698457,1.5,-0.15,turbulent,b023b67eaff01c5aa834c80cec3fdcfb1db101337b9a2763d9e7aab667778476,0.0,0.0,0.0,"{'mean': -0.029256356969529614, 'std': 0.9833217427687496, 'min': -3.6484128252147836, 'max': 3.1788536793675353, 'skewness': -0.04588912403417841, 'kurtosis': 0.09801182439059009}",3,1,"[0, 2]",2,"(32, 32)",True
1096,pipe,8616.175489020434,2.5,-0.1,turbulent,438a835b70a8d94e51875211b01a5c2b8710ad96a26a4371c15142708aefe3d6,0.0010001659393310547,0.0,0.0010001659393310547,"{'mean': -0.029256356969529614, 'std': 0.9833217427687496, 'min': -3.6484128252147836, 'max': 3.1788536793675353, 'skewness': -0.04588912403417841, 'kurtosis': 0.09801182439059009}",3,1,"[0, 2]",2,"(32, 32)",True
281,pipe,872.6315789473684,1.0,-0.1,laminar,f1455dd1e82cb5180d3a64f717a0b525db02a85639eea23a4dcae0c76d48e94d,0.0,0.0,0.0,"{'mean': -0.029256356969529614, 'std': 0.9833217427687496, 'min': -3.6484128252147836, 'max': 3.1788536793675353, 'skewness': -0.04588912403417841, 'kurtosis': 0.09801182439059009}",3,1,"[0, 2]",2,"(32, 32)",True
2529,channel,7663.09432393553,0.5,-0.25,turbulent,ca28ad04fc1cef9f7b12a2a20a3cfb1d90a895f7da07e611b29484c495c66f48,0.0,0.0,0.0,"{'mean': -0.029256356969529614, 'std': 0.9833217427687496, 'min': -3.6484128252147836, 'max': 3.1788536793675353, 'skewness': -0.04588912403417841, 'kurtosis': 0.09801182439059009}",3,1,"[0, 2]",2,"(32, 32)",True
1289,pipe,22008.85516131499,1.5,-0.25,turbulent,aae636262f94c896192c624aaab5a67d30feddafb652c35d277ea5d29362d126,0.0,0.0,0.0,"{'mean': 0.6451612903225806, 'std': 0.31691168593614655, 'min': 0.0, 'max': 0.9989594172736732, 'skewness': -0.6304339420761846, 'kurtosis': -0.882180438157667}",3,1,"[0, 1]",2,"(32, 32)",True
813,pipe,2892.857142857143,1.5,-0.2,turbulent,c29a519948ce0165d204c04bb7b6d6d67d62d7be203f91f856867d1e1d22ffca,0.0,0.0,0.0,"{'mean': -0.029256356969529614, 'std': 0.9833217427687496, 'min': -3.6484128252147836, 'max': 3.1788536793675353, 'skewness': -0.04588912403417841, 'kurtosis': 0.09801182439059009}",3,1,"[0, 2]",2,"(32, 32)",True
1872,channel,1186.3157894736842,2.5,-0.15,laminar,cbcf760b5949bba395921ef00e4c587977229e111a9b7bed15b7435a1837d358,0.0,0.0,0.0,"{'mean': -0.029256356969529614, 'std': 0.9833217427687496, 'min': -3.6484128252147836, 'max': 3.1788536793675353, 'skewness': -0.04588912403417841, 'kurtosis': 0.09801182439059009}",3,1,"[0, 2]",2,"(32, 32)",True
2481,channel,6061.546514029872,1.0,-0.1,turbulent,3b6d55712a242ce57f3a0a61db5e2aea25a54e12ef80a6d2560aa297297a1956,0.0,0.0,0.0,"{'mean': -0.029256356969529614, 'std': 0.9833217427687496, 'min': -3.6484128252147836, 'max': 3.1788536793675353, 'skewness': -0.04588912403417841, 'kurtosis': 0.09801182439059009}",3,1,"[0, 2]",2,"(32, 32)",True
1790,channel,951.0526315789473,2.0,-0.05,laminar,435938322a58070533f4be857804ecbf22f80dbb6d29fea13dc51786ae29f3ea,0.0,0.0,0.0,"{'mean': -0.029256356969529614, 'std': 0.9833217427687496, 'min': -3.6484128252147836, 'max': 3.1788536793675353, 'skewness': -0.04588912403417841, 'kurtosis': 0.09801182439059009}",3,1,"[0, 2]",2,"(32, 32)",True
408,pipe,1264.7368421052631,1.0,-0.2,laminar,7d8dd51d8d87ce02624093bef28481ae4de41a6e354e3ecc15e264ef53d11dfe,0.0,0.0,0.0,"{'mean': -0.029256356969529614, 'std': 0.9833217427687496, 'min': -3.6484128252147836, 'max': 3.1788536793675353, 'skewness': -0.04588912403417841, 'kurtosis': 0.09801182439059009}",3,1,"[0, 2]",2,"(32, 32)",True
2396,channel,3792.643167646458,2.5,-0.1,turbulent,e4bacf3c2c2a949c463f8b5e1483399532b599c13d56f1b140a8df5e4cd48a3a,0.0,0.0,0.0,"{'mean': -0.029256356969529614, 'std': 0.9833217427687496, 'min': -3.6484128252147836, 'max': 3.1788536793675353, 'skewness': -0.04588912403417841, 'kurtosis': 0.09801182439059009}",3,1,"[0, 2]",2,"(32, 32)",True
2928,channel,49999.99999999999,0.5,-0.2,turbulent,a359ac75cc792146bf256390c1e88d4bd9713a3beaa1c4275ebd309deeea25f7,0.0,0.0,0.0,"{'mean': 0.6451612903225806, 'std': 0.31691168593614655, 'min': 0.0, 'max': 0.9989594172736732, 'skewness': -0.6304339420761846, 'kurtosis': -0.882180438157667}",3,1,"[0, 1]",2,"(32, 32)",True
3613,cavity,2250.0,1.5,-0.2,transition,b4dcb0268848c4409c21c4b00ab48d2328026b7a451470c26bfef2fa3563e385,0.0,0.0010175704956054688,0.0010175704956054688,"{'mean': -0.029256356969529614, 'std': 0.9833217427687496, 'min': -3.6484128252147836, 'max': 3.1788536793675353, 'skewness': -0.04588912403417841, 'kurtosis': 0.09801182439059009}",3,1,"[0, 2]",2,"(32, 32)",True
1321,pipe,24746.16001919883,2.5,-0.1,turbulent,98ebf9d92c0693b366d0e3a8af707598fcb7ad050c0a03167b10f3855f94f14e,0.0,0.0,0.0,"{'mean': -0.029256356969529614, 'std': 0.9833217427687496, 'min': -3.6484128252147836, 'max': 3.1788536793675353, 'skewness': -0.04588912403417841, 'kurtosis': 0.09801182439059009}",3,1,"[0, 2]",2,"(32, 32)",True
650,pipe,2250.0,0.5,-0.05,transition,e831cd7a0db78473dffead87426b4cad51a5bf2a1becbbc500ddc9ad453a02b8,0.0,0.0,0.0,"{'mean': -0.029256356969529614, 'std': 0.9833217427687496, 'min': -3.6484128252147836, 'max': 3.1788536793675353, 'skewness': -0.04588912403417841, 'kurtosis': 0.09801182439059009}",3,1,"[0, 2]",2,"(32, 32)",True
4128,cavity,13770.69926991083,0.5,-0.2,turbulent,09df23a7d120c2b2dd64668223e30cf5987888a49dfbae4daf25c7a8ab168d79,0.0,0.0,0.0,"{'mean': -0.029256356969529614, 'std': 0.9833217427687496, 'min': -3.6484128252147836, 'max': 3.1788536793675353, 'skewness': -0.04588912403417841, 'kurtosis': 0.09801182439059009}",3,1,"[0, 2]",2,"(32, 32)",True
3652,cavity,2464.285714285714,0.5,-0.15,transition,411d9eb63fea8df5b07e2fe85eafc6c85e85659a15e583c3ba17e2bd0cb05698,0.0,0.0,0.0,"{'mean': -0.029256356969529614, 'std': 0.9833217427687496, 'min': -3.6484128252147836, 'max': 3.1788536793675353, 'skewness': -0.04588912403417841, 'kurtosis': 0.09801182439059009}",3,1,"[0, 2]",2,"(32, 32)",True
10,pipe,10.0,1.5,-0.05,laminar,070d61d1bd36e114690eb7fd7d8e034e550d1bbb19c184779852e3ba4c0104f3,0.0,0.0,0.0,"{'mean': -0.029256356969529614, 'std': 0.9833217427687496, 'min': -3.6484128252147836, 'max': 3.1788536793675353, 'skewness': -0.04588912403417841, 'kurtosis': 0.09801182439059009}",3,1,"[0, 2]",2,"(32, 32)",True
890,pipe,3373.118661259842,2.0,-0.05,turbulent,cfb13b03462b7b079c96d078c1da9c6209241b66478c6a9ae8b409feaaad44b9,0.0,0.0009987354278564453,0.0009987354278564453,"{'mean': -0.029256356969529614, 'std': 0.9833217427687496, 'min': -3.6484128252147836, 'max': 3.1788536793675353, 'skewness': -0.04588912403417841, 'kurtosis': 0.09801182439059009}",3,1,"[0, 2]",2,"(32, 32)",True
1789,channel,951.0526315789473,1.5,-0.25,laminar,60706804758326f62ffcfa8998b4d20e9bd0da8e220bd4e1fe042fd37a9a35db,0.0,0.0,0.0,"{'mean': -0.029256356969529614, 'std': 0.9833217427687496, 'min': -3.6484128252147836, 'max': 3.1788536793675353, 'skewness': -0.04588912403417841, 'kurtosis': 0.09801182439059009}",3,1,"[0, 2]",2,"(32, 32)",True
3856,cavity,3792.643167646458,1.0,-0.1,turbulent,dbad567da208648ba05d665dde150023c20ba2a65d2bfc8b4eb10d1fd53b9e34,0.0,0.0,0.0,"{'mean': -0.029256356969529614, 'std': 0.9833217427687496, 'min': -3.6484128252147836, 'max': 3.1788536793675353, 'skewness': -0.04588912403417841, 'kurtosis': 0.09801182439059009}",3,1,"[0, 2]",2,"(32, 32)",True
736,pipe,2571.4285714285716,1.5,-0.1,turbulent,4e37255ecc262e84634464d1acb791401ccef68ee2c8a2026ba9d63c7e46dbe1,0.0,0.0,0.0,"{'mean': 0.6451612903225806, 'std': 0.31691168593614655, 'min': 0.0, 'max': 0.9989594172736732, 'skewness': -0.6304339420761846, 'kurtosis': -0.882180438157667}",3,1,"[0, 1]",2,"(32, 32)",True
2547,channel,7663.09432393553,2.5,-0.15,turbulent,4a7679667757063273a0fdc3724e61dcd1814bca866ed1ce93760e53a7d76f4e,0.0,0.0,0.0,"{'mean': -0.029256356969529614, 'std': 0.9833217427687496, 'min': -3.6484128252147836, 'max': 3.1788536793675353, 'skewness': -0.04588912403417841, 'kurtosis': 0.09801182439059009}",3,1,"[0, 2]",2,"(32, 32)",True
1012,pipe,6061.546514029872,1.5,-0.15,turbulent,892da0bd2780029a65ba483d69fda736ad2a6ff3618c0cd2baabbc91c08092a4,0.0,0.0010013580322265625,0.0010013580322265625,"{'mean': -0.029256356969529614, 'std': 0.9833217427687496, 'min': -3.6484128252147836, 'max': 3.1788536793675353, 'skewness': -0.04588912403417841, 'kurtosis': 0.09801182439059009}",3,1,"[0, 2]",2,"(32, 32)",True
620,pipe,2035.7142857142858,2.5,-0.05,transition,fd0116ef977086b0b0b332221b7f7250fe2ecf2302ba2dd173bff9ff91c347c9,0.0,0.0,0.0,"{'mean': -0.029256356969529614, 'std': 0.9833217427687496, 'min': -3.6484128252147836, 'max': 3.1788536793675353, 'skewness': -0.04588912403417841, 'kurtosis': 0.09801182439059009}",3,1,"[0, 2]",2,"(32, 32)",True
2675,channel,15483.400895311179,0.5,-0.05,turbulent,8b1dd267f3eac4067c105d2687b44945aed358e384bab8ec6a978c98b9893d3e,0.0,0.0,0.0,"{'mean': -0.029256356969529614, 'std': 0.9833217427687496, 'min': -3.6484128252147836, 'max': 3.1788536793675353, 'skewness': -0.04588912403417841, 'kurtosis': 0.09801182439059009}",3,1,"[0, 2]",2,"(32, 32)",True
2710,channel,17409.116166580472,1.5,-0.05,turbulent,e8fe3469a43dd357323d5c4623024669cd6118a3fe3efd175a9981cc74293f93,0.0,0.0,0.0,"{'mean': -0.029256356969529614, 'std': 0.9833217427687496, 'min': -3.6484128252147836, 'max': 3.1788536793675353, 'skewness': -0.04588912403417841, 'kurtosis': 0.09801182439059009}",3,1,"[0, 2]",2,"(32, 32)",True
2644,channel,12247.448713915892,2.0,-0.25,turbulent,d89f5b55a1e49e41607144453c8a01c9f0a291b11004fddb35d144bcce397fde,0.0,0.0,0.0,"{'mean': 0.6451612903225806, 'std': 0.31691168593614655, 'min': 0.0, 'max': 0.9989594172736732, 'skewness': -0.6304339420761846, 'kurtosis': -0.882180438157667}",3,1,"[0, 1]",2,"(32, 32)",True
2413,channel,4264.3451480959675,1.5,-0.2,turbulent,01a080d514b89e7bf1f989e0c2333302bbd7d81caeed6f51aa284ddf12945d33,0.0009992122650146484,0.0,0.0009992122650146484,"{'mean': -0.029256356969529614, 'std': 0.9833217427687496, 'min': -3.6484128252147836, 'max': 3.1788536793675353, 'skewness': -0.04588912403417841, 'kurtosis': 0.09801182439059009}",3,1,"[0, 2]",2,"(32, 32)",True
2861,channel,35175.3891372923,1.5,-0.1,turbulent,0182c4de7126ae5e002ffc273bee85d15ecd91efcd22d028d9146c49dc2fec96,0.0,0.0,0.0,"{'mean': -0.029256356969529614, 'std': 0.9833217427687496, 'min': -3.6484128252147836, 'max': 3.1788536793675353, 'skewness': -0.04588912403417841, 'kurtosis': 0.09801182439059009}",3,1,"[0, 2]",2,"(32, 32)",True
2516,channel,6815.438554189565,2.0,-0.1,turbulent,b447fe9aa240c0bd8edbae8118bbb6649c1fe1b26f715a9621cdf1961a74d27e,0.0,0.0,0.0,"{'mean': -0.029256356969529614, 'std': 0.9833217427687496, 'min': -3.6484128252147836, 'max': 3.1788536793675353, 'skewness': -0.04588912403417841, 'kurtosis': 0.09801182439059009}",3,1,"[0, 2]",2,"(32, 32)",True
3578,cavity,2142.857142857143,0.5,-0.2,transition,d668ffb09b285a16e849c1c112429cd2cf816ae71f77ab5293e6945a40777801,0.0,0.0,0.0,"{'mean': -0.029256356969529614, 'std': 0.9833217427687496, 'min': -3.6484128252147836, 'max': 3.1788536793675353, 'skewness': -0.04588912403417841, 'kurtosis': 0.09801182439059009}",3,1,"[0, 2]",2,"(32, 32)",True
846,pipe,3000.0,2.5,-0.1,turbulent,304ab86e7d23a0867a8147cbc6717a3d6fc7aaecce430d8334726e7bc6f892f0,0.0,0.0,0.0,"{'mean': -0.029256356969529614, 'std': 0.9833217427687496, 'min': -3.6484128252147836, 'max': 3.1788536793675353, 'skewness': -0.04588912403417841, 'kurtosis': 0.09801182439059009}",3,1,"[0, 2]",2,"(32, 32)",True
2917,channel,44469.233093619056,2.0,-0.15,turbulent,cde03271c89f1d5f7e68ecca5f01f6fb1d4b3de3fbe508ade8c261247ced589a,0.0,0.0,0.0,"{'mean': -0.029256356969529614, 'std': 0.9833217427687496, 'min': -3.6484128252147836, 'max': 3.1788536793675353, 'skewness': -0.04588912403417841, 'kurtosis': 0.09801182439059009}",3,1,"[0, 2]",2,"(32, 32)",True
3691,cavity,2571.4285714285716,2.0,-0.1,turbulent,c5fed40087cfc6774c366f3dbf67aab064f1acacf9221d16b8a466e5a14ee85b,0.0,0.0,0.0,"{'mean': -0.029256356969529614, 'std': 0.9833217427687496, 'min': -3.6484128252147836, 'max': 3.1788536793675353, 'skewness': -0.04588912403417841, 'kurtosis': 0.09801182439059009}",3,1,"[0, 2]",2,"(32, 32)",True
3837,cavity,3373.118661259842,1.5,-0.15,turbulent,fcfe583d67c6c22829d7e50ab9db4400edeeafa2a8f4ceb1029321869a53544b,0.0,0.0,0.0,"{'mean': -0.029256356969529614, 'std': 0.9833217427687496, 'min': -3.6484128252147836, 'max': 3.1788536793675353, 'skewness': -0.04588912403417841, 'kurtosis': 0.09801182439059009}",3,1,"[0, 2]",2,"(32, 32)",True
2736,channel,19574.338205844306,1.5,-0.1,turbulent,89bc0084c71264f194699632035e7e1916383b82e94d714128b3262f8e8f09ba,0.0,0.0,0.0,"{'mean': -0.029256356969529614, 'std': 0.9833217427687496, 'min': -3.6484128252147836, 'max': 3.1788536793675353, 'skewness': -0.04588912403417841, 'kurtosis': 0.09801182439059009}",3,1,"[0, 2]",2,"(32, 32)",True
2780,channel,24746.16001919883,1.0,-0.05,turbulent,e0c753fc6ae2502416691384d815b274233c926f89b860de79831c1803651d56,0.0,0.0,0.0,"{'mean': 0.6451612903225806, 'std': 0.31691168593614655, 'min': 0.0, 'max': 0.9989594172736732, 'skewness': -0.6304339420761846, 'kurtosis': -0.882180438157667}",3,1,"[0, 1]",2,"(32, 32)",True
3554,cavity,2035.7142857142858,0.5,-0.25,transition,def53f1d2196ce502b22fd8070571da00008aad3d33b19bb1b35110639aab31d,0.0,0.0,0.0,"{'mean': 0.6451612903225806, 'std': 0.31691168593614655, 'min': 0.0, 'max': 0.9989594172736732, 'skewness': -0.6304339420761846, 'kurtosis': -0.882180438157667}",3,1,"[0, 1]",2,"(32, 32)",True
3750,cavity,2892.857142857143,0.5,-0.05,turbulent,3f746a0d48e16bfaebcbf85f09bbe33b874b40a4c439d55b3e0192e3be045606,0.0,0.0,0.0,"{'mean': -0.029256356969529614, 'std': 0.9833217427687496, 'min': -3.6484128252147836, 'max': 3.1788536793675353, 'skewness': -0.04588912403417841, 'kurtosis': 0.09801182439059009}",3,1,"[0, 2]",2,"(32, 32)",True
2191,channel,2464.285714285714,2.0,-0.1,transition,f38ed5ffb251774ad20ebf5213a44516f4332f35ec54d4949517b51f69336b36,0.0,0.0,0.0,"{'mean': -0.029256356969529614, 'std': 0.9833217427687496, 'min': -3.6484128252147836, 'max': 3.1788536793675353, 'skewness': -0.04588912403417841, 'kurtosis': 0.09801182439059009}",3,1,"[0, 2]",2,"(32, 32)",True
1053,pipe,7663.09432393553,0.5,-0.2,turbulent,0012f6433910e2d748d0dbee86862344d2eb95d9fef9c98fcb3445e687c3f327,0.0010020732879638672,0.0,0.0010020732879638672,"{'mean': -0.029256356969529614, 'std': 0.9833217427687496, 'min': -3.6484128252147836, 'max': 3.1788536793675353, 'skewness': -0.04588912403417841, 'kurtosis': 0.09801182439059009}",3,1,"[0, 2]",2,"(32, 32)",True
547,pipe,1714.2857142857142,2.5,-0.15,transition,7957f1342efd82843f323cbb8c5befce091d2c32af078e6e2ec8589b552e600f,0.0,0.0,0.0,"{'mean': -0.029256356969529614, 'std': 0.9833217427687496, 'min': -3.6484128252147836, 'max': 3.1788536793675353, 'skewness': -0.04588912403417841, 'kurtosis': 0.09801182439059009}",3,1,"[0, 2]",2,"(32, 32)",True
2470,channel,5391.046496804163,2.5,-0.05,turbulent,981b84cca1e6fec466197bfce98fc54e30ae76d57d87f139747cd1ae33133d94,0.0,0.0,0.0,"{'mean': -0.029256356969529614, 'std': 0.9833217427687496, 'min': -3.6484128252147836, 'max': 3.1788536793675353, 'skewness': -0.04588912403417841, 'kurtosis': 0.09801182439059009}",3,1,"[0, 2]",2,"(32, 32)",True
3922,cavity,4794.714065698457,2.5,-0.15,turbulent,9d77cdca3def89d43735065b5e06dbd450214fb097c2edc0dcd432f40857d6c1,0.0,0.0,0.0,"{'mean': -0.029256356969529614, 'std': 0.9833217427687496, 'min': -3.6484128252147836, 'max': 3.1788536793675353, 'skewness': -0.04588912403417841, 'kurtosis': 0.09801182439059009}",3,1,"[0, 2]",2,"(32, 32)",True
1325,pipe,27823.91138509389,0.5,-0.05,turbulent,78efac19faf04bfb3def746228e80d79c502a4353767e299dbaa72247a25cb8a,0.0,0.0,0.0,"{'mean': -0.029256356969529614, 'std': 0.9833217427687496, 'min': -3.6484128252147836, 'max': 3.1788536793675353, 'skewness': -0.04588912403417841, 'kurtosis': 0.09801182439059009}",3,1,"[0, 2]",2,"(32, 32)",True
2298,channel,2892.857142857143,2.5,-0.2,turbulent,7d699624846372b8426f7a78a78000d8598add3f137ed04c23f9835c7f3b93f0,0.0,0.0,0.0,"{'mean': -0.029256356969529614, 'std': 0.9833217427687496, 'min': -3.6484128252147836, 'max': 3.1788536793675353, 'skewness': -0.04588912403417841, 'kurtosis': 0.09801182439059009}",3,1,"[0, 2]",2,"(32, 32)",True
3773,cavity,2892.857142857143,2.5,-0.2,turbulent,bdc675cf97edf90a3a218e0460a838c351ae9092e8e74d1f4c5eac5b4ecc83e9,0.0,0.0,0.0,"{'mean': -0.029256356969529614, 'std': 0.9833217427687496, 'min': -3.6484128252147836, 'max': 3.1788536793675353, 'skewness': -0.04588912403417841, 'kurtosis': 0.09801182439059009}",3,1,"[0, 2]",2,"(32, 32)",True
4403,cavity,49999.99999999999,0.5,-0.2,turbulent,5d0ade52f193750216277c3dcb9a63247f4ded8b2849fafa0f55799ebc623929,0.0,0.0,0.0,"{'mean': -0.029256356969529614, 'std': 0.9833217427687496, 'min': -3.6484128252147836, 'max': 3.1788536793675353, 'skewness': -0.04588912403417841, 'kurtosis': 0.09801182439059009}",3,1,"[0, 2]",2,"(32, 32)",True
223,pipe,637.3684210526316,2.5,-0.2,laminar,280a79dc858d849bdde5233eb3e986cc455187dd9aaa8544e98ecab766b8d557,0.0,0.0,0.0,"{'mean': -0.029256356969529614, 'std': 0.9833217427687496, 'min': -3.6484128252147836, 'max': 3.1788536793675353, 'skewness': -0.04588912403417841, 'kurtosis': 0.09801182439059009}",3,1,"[0, 2]",2,"(32, 32)",True
959,pipe,4794.714065698457,1.0,-0.25,turbulent,91d5e63664bac72692a1f9571c992a831d826046cc268fd49afc78f54b250353,0.0,0.0,0.0,"{'mean': 0.6451612903225806, 'std': 0.31691168593614655, 'min': 0.0, 'max': 0.9989594172736732, 'skewness': -0.6304339420761846, 'kurtosis': -0.882180438157667}",3,1,"[0, 1]",2,"(32, 32)",True
695,pipe,2357.142857142857,2.5,-0.05,transition,7be0159bbe56a31ee27137095143c696cec2b8f42480ca50c7982b30faa3b3c9,0.0,0.0,0.0,"{'mean': 0.6451612903225806, 'std': 0.31691168593614655, 'min': 0.0, 'max': 0.9989594172736732, 'skewness': -0.6304339420761846, 'kurtosis': -0.882180438157667}",3,1,"[0, 1]",2,"(32, 32)",True
2674,channel,13770.69926991083,2.5,-0.25,turbulent,749276113654828804715bf1d9a7928252a48548da4926194a4c5bb9cbd2360e,0.0,0.0,0.0,"{'mean': -0.029256356969529614, 'std': 0.9833217427687496, 'min': -3.6484128252147836, 'max': 3.1788536793675353, 'skewness': -0.04588912403417841, 'kurtosis': 0.09801182439059009}",3,1,"[0, 2]",2,"(32, 32)",True
2247,channel,2678.5714285714284,2.5,-0.15,turbulent,c30503364cfc316bc995874c8040d1a76d16bb43acd7d2011ae8a0becadd1a72,0.0,0.0,0.0,"{'mean': -0.029256356969529614, 'std': 0.9833217427687496, 'min': -3.6484128252147836, 'max': 3.1788536793675353, 'skewness': -0.04588912403417841, 'kurtosis': 0.09801182439059009}",3,1,"[0, 2]",2,"(32, 32)",True
2003,channel,1714.2857142857142,0.5,-0.2,transition,41316942115134784a288d4f4eb39d2b05598eea1aa04959422920a83fec793d,0.0,0.0,0.0,"{'mean': -0.029256356969529614, 'std': 0.9833217427687496, 'min': -3.6484128252147836, 'max': 3.1788536793675353, 'skewness': -0.04588912403417841, 'kurtosis': 0.09801182439059009}",3,1,"[0, 2]",2,"(32, 32)",True
2860,channel,35175.3891372923,1.5,-0.05,turbulent,29381c33d7eb54c52ed0c99d43288153876b25deb757f5d8f47c970ce3bc96d9,0.0,0.0,0.0,"{'mean': -0.029256356969529614, 'std': 0.9833217427687496, 'min': -3.6484128252147836, 'max': 3.1788536793675353, 'skewness': -0.04588912403417841, 'kurtosis': 0.09801182439059009}",3,1,"[0, 2]",2,"(32, 32)",True
1696,channel,637.3684210526316,2.5,-0.1,laminar,63fd2f1f0a13d35f7bf0e2b2c10f05de5361931a700b80056b179197eab2157e,0.0,0.0,0.0,"{'mean': -0.029256356969529614, 'std': 0.9833217427687496, 'min': -3.6484128252147836, 'max': 3.1788536793675353, 'skewness': -0.04588912403417841, 'kurtosis': 0.09801182439059009}",3,1,"[0, 2]",2,"(32, 32)",True
2110,channel,2142.857142857143,1.5,-0.05,transition,c44c06316b00512de22640df5a77242ed884b0b348ef84836a904f638f39b94e,0.0,0.0010008811950683594,0.0010008811950683594,"{'mean': -0.029256356969529614, 'std': 0.9833217427687496, 'min': -3.6484128252147836, 'max': 3.1788536793675353, 'skewness': -0.04588912403417841, 'kurtosis': 0.09801182439059009}",3,1,"[0, 2]",2,"(32, 32)",True
4287,cavity,27823.91138509389,1.5,-0.15,turbulent,8da5a7f7c95b40eb4651eb168136f1e335c139a24498255b72803b497c240305,0.0,0.0,0.0,"{'mean': 0.6451612903225806, 'std': 0.31691168593614655, 'min': 0.0, 'max': 0.9989594172736732, 'skewness': -0.6304339420761846, 'kurtosis': -0.882180438157667}",3,1,"[0, 1]",2,"(32, 32)",True
678,pipe,2357.142857142857,0.5,-0.2,transition,d62c750678ca1c53ec7846964ecff98e3a7c280daab96a7c1a11b266423b6830,0.0,0.0,0.0,"{'mean': -0.029256356969529614, 'std': 0.9833217427687496, 'min': -3.6484128252147836, 'max': 3.1788536793675353, 'skewness': -0.04588912403417841, 'kurtosis': 0.09801182439059009}",3,1,"[0, 2]",2,"(32, 32)",True
809,pipe,2892.857142857143,1.0,-0.25,turbulent,8c9eb6afd7608224f3d9af5c6fd7393abbbc184c4f8292cd6e8d770e7a77c72b,0.0,0.0,0.0,"{'mean': -0.029256356969529614, 'std': 0.9833217427687496, 'min': -3.6484128252147836, 'max': 3.1788536793675353, 'skewness': -0.04588912403417841, 'kurtosis': 0.09801182439059009}",3,1,"[0, 2]",2,"(32, 32)",True
178,pipe,558.9473684210526,0.5,-0.2,laminar,23e4d231084c2b15798a710b935b73aae494713c95ba74b12405fce03e789946,0.0,0.0,0.0,"{'mean': -0.029256356969529614, 'std': 0.9833217427687496, 'min': -3.6484128252147836, 'max': 3.1788536793675353, 'skewness': -0.04588912403417841, 'kurtosis': 0.09801182439059009}",3,1,"[0, 2]",2,"(32, 32)",True
4321,cavity,31284.451574100145,2.5,-0.1,turbulent,0f97b7cb1a5bb7724c2d88b55dc24bd4f674513a1b72cfef9e33f2d78fa58525,0.0,0.0,0.0,"{'mean': -0.029256356969529614, 'std': 0.9833217427687496, 'min': -3.6484128252147836, 'max': 3.1788536793675353, 'skewness': -0.04588912403417841, 'kurtosis': 0.09801182439059009}",3,1,"[0, 2]",2,"(32, 32)",True
3689,cavity,2571.4285714285716,1.5,-0.25,turbulent,b762aa7cce14bc48d1db3b7eb29f0b6bc3018d18366f7331b94fc3c04eb8a2ab,0.0,0.0,0.0,"{'mean': -0.029256356969529614, 'std': 0.9833217427687496, 'min': -3.6484128252147836, 'max': 3.1788536793675353, 'skewness': -0.04588912403417841, 'kurtosis': 0.09801182439059009}",3,1,"[0, 2]",2,"(32, 32)",True
2330,channel,3000.0000000000014,1.0,-0.05,turbulent,a83d14bbdf6b5b6fb6d7f8cf4ccfeeedc1d54482f0214ad4e37a0ec01acc4efc,0.0,0.0,0.0,"{'mean': 0.6451612903225806, 'std': 0.31691168593614655, 'min': 0.0, 'max': 0.9989594172736732, 'skewness': -0.6304339420761846, 'kurtosis': -0.882180438157667}",3,1,"[0, 1]",2,"(32, 32)",True
3631,cavity,2357.142857142857,1.0,-0.1,transition,6d879cee620647c2477e1ff4cfbcd1b4767004dc5a68f7ffbd274bf38d8a5604,0.0,0.0,0.0,"{'mean': 0.6451612903225806, 'std': 0.31691168593614655, 'min': 0.0, 'max': 0.9989594172736732, 'skewness': -0.6304339420761846, 'kurtosis': -0.882180438157667}",3,1,"[0, 1]",2,"(32, 32)",True
3809,cavity,3000.0000000000014,1.0,-0.25,turbulent,ce270a92320414812ddcfb05176ce8ad2e3fc25bf77ca1bf615f2d407bea46db,0.0,0.0,0.0,"{'mean': -0.029256356969529614, 'std': 0.9833217427687496, 'min': -3.6484128252147836, 'max': 3.1788536793675353, 'skewness': -0.04588912403417841, 'kurtosis': 0.09801182439059009}",3,1,"[0, 2]",2,"(32, 32)",True
2721,channel,17409.116166580472,2.5,-0.1,turbulent,af655280a4e01f8b0de12bf6591efcc047fe79f34f6cfdf57582d40698a5d094,0.0,0.0,0.0,"{'mean': -0.029256356969529614, 'std': 0.9833217427687496, 'min': -3.6484128252147836, 'max': 3.1788536793675353, 'skewness': -0.04588912403417841, 'kurtosis': 0.09801182439059009}",3,1,"[0, 2]",2,"(32, 32)",True
976,pipe,5391.046496804163,0.5,-0.1,turbulent,f66fdeadec541c064e1bc9b8a3512f2e5589bcd3a5a9420d47c12181c1965ba2,0.0,0.0,0.0,"{'mean': -0.029256356969529614, 'std': 0.9833217427687496, 'min': -3.6484128252147836, 'max': 3.1788536793675353, 'skewness': -0.04588912403417841, 'kurtosis': 0.09801182439059009}",3,1,"[0, 2]",2,"(32, 32)",True
3749,cavity,2785.714285714286,2.5,-0.25,turbulent,8f3c294d405356fa1a1596695203fff03f072448dbb7b15c62081d11effb9cac,0.0,0.0,0.0,"{'mean': -0.029256356969529614, 'std': 0.9833217427687496, 'min': -3.6484128252147836, 'max': 3.1788536793675353, 'skewness': -0.04588912403417841, 'kurtosis': 0.09801182439059009}",3,1,"[0, 2]",2,"(32, 32)",True
673,pipe,2250.0,2.5,-0.2,transition,9b69d69d4297efc0cabe5e678111f1601f333b3c09b54a7900e5801d6c0f7c90,0.0,0.0,0.0,"{'mean': -0.029256356969529614, 'std': 0.9833217427687496, 'min': -3.6484128252147836, 'max': 3.1788536793675353, 'skewness': -0.04588912403417841, 'kurtosis': 0.09801182439059009}",3,1,"[0, 2]",2,"(32, 32)",True
471,pipe,1421.578947368421,2.5,-0.1,laminar,af90c93e8496b060f3a784960767e4f4534e729762277b7e633b20b92f267db7,0.0,0.0,0.0,"{'mean': -0.029256356969529614, 'std': 0.9833217427687496, 'min': -3.6484128252147836, 'max': 3.1788536793675353, 'skewness': -0.04588912403417841, 'kurtosis': 0.09801182439059009}",3,1,"[0, 2]",2,"(32, 32)",True
3261,cavity,951.0526315789473,1.5,-0.1,laminar,7c4c0b64671533bc9f13c3d74a3080c979de897abedc5554291b80f086881e5d,0.0,0.0,0.0,"{'mean': -0.029256356969529614, 'std': 0.9833217427687496, 'min': -3.6484128252147836, 'max': 3.1788536793675353, 'skewness': -0.04588912403417841, 'kurtosis': 0.09801182439059009}",3,1,"[0, 2]",2,"(32, 32)",True
2341,channel,3000.0000000000014,2.0,-0.1,turbulent,90f0e853c4813bcf97697dc8c00aa209ad8baf9f16ecb4fb8eec63220d2a3f1e,0.0,0.0,0.0,"{'mean': -0.029256356969529614, 'std': 0.9833217427687496, 'min': -3.6484128252147836, 'max': 3.1788536793675353, 'skewness': -0.04588912403417841, 'kurtosis': 0.09801182439059009}",3,1,"[0, 2]",2,"(32, 32)",True
1923,channel,1343.157894736842,2.5,-0.2,laminar,be4fc3447467432ca1c7e25f081462c92a6c146c559c492f47a22c6c95a7c9c8,0.0,0.0,0.0,"{'mean': 0.6451612903225806, 'std': 0.31691168593614655, 'min': 0.0, 'max': 0.9989594172736732, 'skewness': -0.6304339420761846, 'kurtosis': -0.882180438157667}",3,1,"[0, 1]",2,"(32, 32)",True
2199,channel,2464.285714285714,2.5,-0.25,transition,074bcabf27bfd6d6654baf7e60227c5086e249b1600ec9e693b999f5fce807d7,0.0,0.0,0.0,"{'mean': -0.029256356969529614, 'std': 0.9833217427687496, 'min': -3.6484128252147836, 'max': 3.1788536793675353, 'skewness': -0.04588912403417841, 'kurtosis': 0.09801182439059009}",3,1,"[0, 2]",2,"(32, 32)",True
3869,cavity,3792.643167646458,2.0,-0.25,turbulent,90d8e9127fd75da9b8fdea39f701a94424b968454a9d6bc73e45672608e2a89a,0.0,0.0,0.0,"{'mean': -0.029256356969529614, 'std': 0.9833217427687496, 'min': -3.6484128252147836, 'max': 3.1788536793675353, 'skewness': -0.04588912403417841, 'kurtosis': 0.09801182439059009}",3,1,"[0, 2]",2,"(32, 32)",True
2627,channel,12247.448713915892,0.5,-0.15,turbulent,ec4a0087a72608009214aaa20e1eca89b9d33e3c70922b6073e67bd2adb3097d,0.0,0.0,0.0,"{'mean': -0.029256356969529614, 'std': 0.9833217427687496, 'min': -3.6484128252147836, 'max': 3.1788536793675353, 'skewness': -0.04588912403417841, 'kurtosis': 0.09801182439059009}",3,1,"[0, 2]",2,"(32, 32)",True
1216,pipe,15483.400895311179,2.0,-0.1,turbulent,f5c8526444fd5210fd98b8bc858998a0b73533318747375dd6061f3ee1d7622a,0.0,0.0,0.0,"{'mean': 0.6451612903225806, 'std': 0.31691168593614655, 'min': 0.0, 'max': 0.9989594172736732, 'skewness': -0.6304339420761846, 'kurtosis': -0.882180438157667}",3,1,"[0, 1]",2,"(32, 32)",True
2042,channel,1821.4285714285716,2.0,-0.15,transition,5b3fd346239ac4b7ff05067cbaf53f015a6246152479c534f5a1869e83e196dd,0.0009961128234863281,0.0,0.0009961128234863281,"{'mean': -0.029256356969529614, 'std': 0.9833217427687496, 'min': -3.6484128252147836, 'max': 3.1788536793675353, 'skewness': -0.04588912403417841, 'kurtosis': 0.09801182439059009}",3,1,"[0, 2]",2,"(32, 32)",True
2080,channel,2035.7142857142858,1.0,-0.05,transition,afd814065f39f0a021490c0158c9d98f5286944fe442653ba9a0af62f7e1c027,0.0,0.0,0.0,"{'mean': 0.6451612903225806, 'std': 0.31691168593614655, 'min': 0.0, 'max': 0.9989594172736732, 'skewness': -0.6304339420761846, 'kurtosis': -0.882180438157667}",3,1,"[0, 1]",2,"(32, 32)",True
477,pipe,1500.0,0.5,-0.15,laminar,5b70c0d733a7e17b194a7c688c745885256543003c4f955ebd191dd56dab5b1c,0.0,0.0,0.0,"{'mean': -0.029256356969529614, 'std': 0.9833217427687496, 'min': -3.6484128252147836, 'max': 3.1788536793675353, 'skewness': -0.04588912403417841, 'kurtosis': 0.09801182439059009}",3,1,"[0, 2]",2,"(32, 32)",True
3288,cavity,1029.4736842105262,1.5,-0.2,laminar,0d51275aa10658a544c8dca0df34564a8dcf488e01fcbefd211d633bf3e3fd82,0.0,0.0,0.0,"{'mean': -0.029256356969529614, 'std': 0.9833217427687496, 'min': -3.6484128252147836, 'max': 3.1788536793675353, 'skewness': -0.04588912403417841, 'kurtosis': 0.09801182439059009}",3,1,"[0, 2]",2,"(32, 32)",True
2243,channel,2678.5714285714284,2.0,-0.2,turbulent,a8f248d5ccc44712e606757577c15418c3061a6aee82b5861f0294e552dc5057,0.0,0.0,0.0,"{'mean': 0.6451612903225806, 'std': 0.31691168593614655, 'min': 0.0, 'max': 0.9989594172736732, 'skewness': -0.6304339420761846, 'kurtosis': -0.882180438157667}",3,1,"[0, 1]",2,"(32, 32)",True
1327,pipe,27823.91138509389,0.5,-0.15,turbulent,afc46c30312681188240ac4a88f46998294182f72a9bd242e845a91f8cf7fe67,0.0009875297546386719,0.0,0.0009875297546386719,"{'mean': 0.6451612903225806, 'std': 0.31691168593614655, 'min': 0.0, 'max': 0.9989594172736732, 'skewness': -0.6304339420761846, 'kurtosis': -0.882180438157667}",3,1,"[0, 1]",2,"(32, 32)",True
1581,channel,323.6842105263158,1.0,-0.1,laminar,5c1f1ac775ca5318b1cff1af726eefd6b64f4fbb1f8e2b0283e2c8aa8b270bd5,0.0,0.0,0.0,"{'mean': -0.029256356969529614, 'std': 0.9833217427687496, 'min': -3.6484128252147836, 'max': 3.1788536793675353, 'skewness': -0.04588912403417841, 'kurtosis': 0.09801182439059009}",3,1,"[0, 2]",2,"(32, 32)",True
1195,pipe,13770.69926991083,2.5,-0.05,turbulent,626ed1d4edecba82315738847779ea50f8916e0fc8fc3382e2cadb074cf108fe,0.0,0.0,0.0,"{'mean': -0.029256356969529614, 'std': 0.9833217427687496, 'min': -3.6484128252147836, 'max': 3.1788536793675353, 'skewness': -0.04588912403417841, 'kurtosis': 0.09801182439059009}",3,1,"[0, 2]",2,"(32, 32)",True
4145,cavity,13770.69926991083,2.5,-0.05,turbulent,c5ceb4918e22bc769e2c3e8d0bf4425a62ea651d654f1b9ced8f3ff3609d6562,0.0,0.0,0.0,"{'mean': 0.6451612903225806, 'std': 0.31691168593614655, 'min': 0.0, 'max': 0.9989594172736732, 'skewness': -0.6304339420761846, 'kurtosis': -0.882180438157667}",3,1,"[0, 1]",2,"(32, 32)",True
3802,cavity,3000.0000000000014,0.5,-0.15,turbulent,0cbabe6a3998c8bb50d8400f050ea2663e8b20508bee8cc1d4e32ae075ded3ae,0.0,0.0,0.0,"{'mean': 0.6451612903225806, 'std': 0.31691168593614655, 'min': 0.0, 'max': 0.9989594172736732, 'skewness': -0.6304339420761846, 'kurtosis': -0.882180438157667}",3,1,"[0, 1]",2,"(32, 32)",True
2777,channel,24746.16001919883,0.5,-0.15,turbulent,abbf52a81848ddfb32cf9f0b2243d0e67c33c90febc5fb33e27224f2e987f136,0.0,0.0,0.0,"{'mean': 0.6451612903225806, 'std': 0.31691168593614655, 'min': 0.0, 'max': 0.9989594172736732, 'skewness': -0.6304339420761846, 'kurtosis': -0.882180438157667}",3,1,"[0, 1]",2,"(32, 32)",True
1201,pipe,15483.400895311179,0.5,-0.1,turbulent,d0b69bffd34f33a59d92ee1cdf2085f922162a01f089290a05838bcb296f6b66,0.0,0.0,0.0,"{'mean': -0.029256356969529614, 'std': 0.9833217427687496, 'min': -3.6484128252147836, 'max': 3.1788536793675353, 'skewness': -0.04588912403417841, 'kurtosis': 0.09801182439059009}",3,1,"[0, 2]",2,"(32, 32)",True
2815,channel,27823.91138509389,2.0,-0.05,turbulent,b4ac6ef60543f6ea551c686aff5fabf10aed1a4d63832a71354d98d16438858e,0.0,0.0,0.0,"{'mean': -0.029256356969529614, 'std': 0.9833217427687496, 'min': -3.6484128252147836, 'max': 3.1788536793675353, 'skewness': -0.04588912403417841, 'kurtosis': 0.09801182439059009}",3,1,"[0, 2]",2,"(32, 32)",True
137,pipe,402.10526315789474,1.5,-0.15,laminar,76f37164b114b9a29db28090dc2de7026dfcd8fbca076bb5c392c8b84245acaf,0.0,0.0,0.0,"{'mean': -0.029256356969529614, 'std': 0.9833217427687496, 'min': -3.6484128252147836, 'max': 3.1788536793675353, 'skewness': -0.04588912403417841, 'kurtosis': 0.09801182439059009}",3,1,"[0, 2]",2,"(32, 32)",True
4349,cavity,35175.3891372923,2.5,-0.25,turbulent,90a447cee0b00438c9bf99f517302f6be7c3c8cd53eb77843932c1f834b4ff7c,0.0,0.0,0.0,"{'mean': -0.029256356969529614, 'std': 0.9833217427687496, 'min': -3.6484128252147836, 'max': 3.1788536793675353, 'skewness': -0.04588912403417841, 'kurtosis': 0.09801182439059009}",3,1,"[0, 2]",2,"(32, 32)",True
2437,channel,4794.714065698457,1.5,-0.15,turbulent,ef0ded1458e4a170436082bffe8f0f8632e67da342ab081088ac8c8322fa4500,0.0,0.0,0.0,"{'mean': -0.029256356969529614, 'std': 0.9833217427687496, 'min': -3.6484128252147836, 'max': 3.1788536793675353, 'skewness': -0.04588912403417841, 'kurtosis': 0.09801182439059009}",3,1,"[0, 2]",2,"(32, 32)",True
3500,cavity,1821.4285714285716,0.5,-0.05,transition,9860b9a0f67d90ff987c34dd9e2fae9169806a8dd165f62c20fdf3a560a8ca28,0.0,0.0,0.0,"{'mean': -0.029256356969529614, 'std': 0.9833217427687496, 'min': -3.6484128252147836, 'max': 3.1788536793675353, 'skewness': -0.04588912403417841, 'kurtosis': 0.09801182439059009}",3,1,"[0, 2]",2,"(32, 32)",True
3470,cavity,1607.142857142857,2.5,-0.05,transition,ade6ec5c986da8614d09f400a89a90238b5e61435a758f749c4301a0618307de,0.0010159015655517578,0.0,0.0010159015655517578,"{'mean': 0.6451612903225806, 'std': 0.31691168593614655, 'min': 0.0, 'max': 0.9989594172736732, 'skewness': -0.6304339420761846, 'kurtosis': -0.882180438157667}",3,1,"[0, 1]",2,"(32, 32)",True
3062,cavity,323.6842105263158,1.5,-0.15,laminar,07dd61e178d39a9c7dc59b52e28bb1cac9251a299b9f6d5fffe09218156db161,0.0,0.0,0.0,"{'mean': -0.029256356969529614, 'std': 0.9833217427687496, 'min': -3.6484128252147836, 'max': 3.1788536793675353, 'skewness': -0.04588912403417841, 'kurtosis': 0.09801182439059009}",3,1,"[0, 2]",2,"(32, 32)",True
4356,cavity,39550.25383869249,1.0,-0.1,turbulent,43f66b0c7f5580dc9cc8fa3b145f3787a99cda991f4db4afc093134f2c9a010a,0.0,0.0,0.0,"{'mean': 0.6451612903225806, 'std': 0.31691168593614655, 'min': 0.0, 'max': 0.9989594172736732, 'skewness': -0.6304339420761846, 'kurtosis': -0.882180438157667}",3,1,"[0, 1]",2,"(32, 32)",True
988,pipe,5391.046496804163,1.5,-0.2,turbulent,61cdd44aa9301bcfd4ef4d7b68412f2cb054b6f2e992677c427dd351f12e5b6c,0.0,0.0,0.0,"{'mean': -0.029256356969529614, 'std': 0.9833217427687496, 'min': -3.6484128252147836, 'max': 3.1788536793675353, 'skewness': -0.04588912403417841, 'kurtosis': 0.09801182439059009}",3,1,"[0, 2]",2,"(32, 32)",True
2678,channel,15483.400895311179,0.5,-0.2,turbulent,42e76725d4b7279514c2475728bcdc2547bf3b418a7db6857fa737695aef16cd,0.0,0.0,0.0,"{'mean': -0.029256356969529614, 'std': 0.9833217427687496, 'min': -3.6484128252147836, 'max': 3.1788536793675353, 'skewness': -0.04588912403417841, 'kurtosis': 0.09801182439059009}",3,1,"[0, 2]",2,"(32, 32)",True
4166,cavity,15483.400895311179,2.0,-0.1,turbulent,a9b30025e56a680a2704bc6079d8a3a5c712de8ac067c551d7409cf9dd18f343,0.0,0.0,0.0,"{'mean': -0.029256356969529614, 'std': 0.9833217427687496, 'min': -3.6484128252147836, 'max': 3.1788536793675353, 'skewness': -0.04588912403417841, 'kurtosis': 0.09801182439059009}",3,1,"[0, 2]",2,"(32, 32)",True
4245,cavity,22008.85516131499,2.5,-0.05,turbulent,3bef70c17c79bda3441cebb77d40be55237d473ca00fbae6cc1c99c88a1ae1b4,0.0,0.0,0.0,"{'mean': -0.029256356969529614, 'std': 0.9833217427687496, 'min': -3.6484128252147836, 'max': 3.1788536793675353, 'skewness': -0.04588912403417841, 'kurtosis': 0.09801182439059009}",3,1,"[0, 2]",2,"(32, 32)",True
1364,pipe,31284.451574100145,1.5,-0.25,turbulent,b4fb44f5731a72764e9687f4ceee445da72f6691b4f8cc232bb4054145288b43,0.0,0.0009834766387939453,0.0009834766387939453,"{'mean': 0.6451612903225806, 'std': 0.31691168593614655, 'min': 0.0, 'max': 0.9989594172736732, 'skewness': -0.6304339420761846, 'kurtosis': -0.882180438157667}",3,1,"[0, 1]",2,"(32, 32)",True
2708,channel,17409.116166580472,1.0,-0.2,turbulent,3b44d02cb8457dbb91427218fbe142518d86f650ee0df5770b72bafc68a1b877,0.0,0.0,0.0,"{'mean': -0.029256356969529614, 'std': 0.9833217427687496, 'min': -3.6484128252147836, 'max': 3.1788536793675353, 'skewness': -0.04588912403417841, 'kurtosis': 0.09801182439059009}",3,1,"[0, 2]",2,"(32, 32)",True
1588,channel,323.6842105263158,1.5,-0.2,laminar,b7578e49efc45cc13e65f5ddaeee6aedde18b7c36b685eb3dba84645680854a5,0.0,0.0,0.0,"{'mean': 0.6451612903225806, 'std': 0.31691168593614655, 'min': 0.0, 'max': 0.9989594172736732, 'skewness': -0.6304339420761846, 'kurtosis': -0.882180438157667}",3,1,"[0, 1]",2,"(32, 32)",True
3174,cavity,637.3684210526316,2.5,-0.25,laminar,eac3097926cd18e2ea782aa334ea8ba5db6f33519bd49424b60c153c2572f857,0.0,0.0,0.0,"{'mean': 0.6451612903225806, 'std': 0.31691168593614655, 'min': 0.0, 'max': 0.9989594172736732, 'skewness': -0.6304339420761846, 'kurtosis': -0.882180438157667}",3,1,"[0, 1]",2,"(32, 32)",True
1443,pipe,44469.233093619056,2.0,-0.2,turbulent,001eb9024f95ee4d668d4ae151f208c15dcc70e661ead4e4aa557077290d9498,0.0,0.0,0.0,"{'mean': -0.029256356969529614, 'std': 0.9833217427687496, 'min': -3.6484128252147836, 'max': 3.1788536793675353, 'skewness': -0.04588912403417841, 'kurtosis': 0.09801182439059009}",3,1,"[0, 2]",2,"(32, 32)",True
3664,cavity,2464.285714285714,1.5,-0.25,transition,02a6c29f8830924f4c1d744f65299b046a8a3a50e620e96cf160c14c9a2e1120,0.001161813735961914,0.0,0.001161813735961914,"{'mean': -0.029256356969529614, 'std': 0.9833217427687496, 'min': -3.6484128252147836, 'max': 3.1788536793675353, 'skewness': -0.04588912403417841, 'kurtosis': 0.09801182439059009}",3,1,"[0, 2]",2,"(32, 32)",True
1068,pipe,7663.09432393553,2.0,-0.2,turbulent,acd6486472aae7b5bcd3400c2db242fc81d423b4722efdaaa3473a9d6e8f2c95,0.0,0.0,0.0,"{'mean': -0.029256356969529614, 'std': 0.9833217427687496, 'min': -3.6484128252147836, 'max': 3.1788536793675353, 'skewness': -0.04588912403417841, 'kurtosis': 0.09801182439059009}",3,1,"[0, 2]",2,"(32, 32)",True
4,pipe,10.0,0.5,-0.25,laminar,afe3ed3fc2ce0df2df94726441a8d08ad0b71e78cff6cc5ebc11630f6872e59b,0.0,0.0,0.0,"{'mean': 0.6451612903225806, 'std': 0.31691168593614655, 'min': 0.0, 'max': 0.9989594172736732, 'skewness': -0.6304339420761846, 'kurtosis': -0.882180438157667}",3,1,"[0, 1]",2,"(32, 32)",True
850,pipe,3000.0000000000014,0.5,-0.05,turbulent,24fabd10290e0d9e4b8475b238e7520cbb164e1ba48df116f8b19604c1542bfe,0.0,0.0,0.0,"{'mean': -0.029256356969529614, 'std': 0.9833217427687496, 'min': -3.6484128252147836, 'max': 3.1788536793675353, 'skewness': -0.04588912403417841, 'kurtosis': 0.09801182439059009}",3,1,"[0, 2]",2,"(32, 32)",True
1262,pipe,19574.338205844306,1.5,-0.15,turbulent,6c19b373e94c50e626c623e764526a0dfc0b3421e945d0863615dcff1c9a39aa,0.0,0.0,0.0,"{'mean': -0.029256356969529614, 'std': 0.9833217427687496, 'min': -3.6484128252147836, 'max': 3.1788536793675353, 'skewness': -0.04588912403417841, 'kurtosis': 0.09801182439059009}",3,1,"[0, 2]",2,"(32, 32)",True
3525,cavity,1928.5714285714284,0.5,-0.05,transition,4441a85014f15e415d9649b196c7b2eee54c3bd8a255e055ec2469dea0275556,0.0,0.0,0.0,"{'mean': -0.029256356969529614, 'std': 0.9833217427687496, 'min': -3.6484128252147836, 'max': 3.1788536793675353, 'skewness': -0.04588912403417841, 'kurtosis': 0.09801182439059009}",3,1,"[0, 2]",2,"(32, 32)",True
3606,cavity,2250.0,1.0,-0.1,transition,ab382f3fadd1a4dabe86065b16cef179f77fc753b61d4230191691a13c6da8a9,0.0,0.0,0.0,"{'mean': -0.029256356969529614, 'std': 0.9833217427687496, 'min': -3.6484128252147836, 'max': 3.1788536793675353, 'skewness': -0.04588912403417841, 'kurtosis': 0.09801182439059009}",3,1,"[0, 2]",2,"(32, 32)",True
2409,channel,4264.3451480959675,1.0,-0.25,turbulent,e3c35d2d6f66e65e4fffee4273d73dc295a0c3def8aa3890baec5c662c70810a,0.0,0.0,0.0,"{'mean': 0.6451612903225806, 'std': 0.31691168593614655, 'min': 0.0, 'max': 0.9989594172736732, 'skewness': -0.6304339420761846, 'kurtosis': -0.882180438157667}",3,1,"[0, 1]",2,"(32, 32)",True
616,pipe,2035.7142857142858,2.0,-0.1,transition,5fb4a805d51ee5030a34927c1509667701fd01707239be94a402905231a2b6f3,0.0,0.0,0.0,"{'mean': 0.6451612903225806, 'std': 0.31691168593614655, 'min': 0.0, 'max': 0.9989594172736732, 'skewness': -0.6304339420761846, 'kurtosis': -0.882180438157667}",3,1,"[0, 1]",2,"(32, 32)",True
1596,channel,323.6842105263158,2.5,-0.1,laminar,518c97940a5ab92029bb0294b0208f791eed575d6337dca4c02deeb27ba8a01f,0.0,0.0,0.0,"{'mean': 0.6451612903225806, 'std': 0.31691168593614655, 'min': 0.0, 'max': 0.9989594172736732, 'skewness': -0.6304339420761846, 'kurtosis': -0.882180438157667}",3,1,"[0, 1]",2,"(32, 32)",True
2142,channel,2250.0,2.0,-0.15,transition,514daafeeea5ed69ff798dd171602b5d66a9cc35cb73cf683f3e34602088e5cd,0.0,0.0,0.0,"{'mean': 0.6451612903225806, 'std': 0.31691168593614655, 'min': 0.0, 'max': 0.9989594172736732, 'skewness': -0.6304339420761846, 'kurtosis': -0.882180438157667}",3,1,"[0, 1]",2,"(32, 32)",True
1911,channel,1343.157894736842,1.5,-0.1,laminar,5499bd5316f228922ed0bcf060243e3775b6e56e5a43c283adfd90076ad86769,0.0009815692901611328,0.0,0.0009815692901611328,"{'mean': -0.029256356969529614, 'std': 0.9833217427687496, 'min': -3.6484128252147836, 'max': 3.1788536793675353, 'skewness': -0.04588912403417841, 'kurtosis': 0.09801182439059009}",3,1,"[0, 2]",2,"(32, 32)",True
696,pipe,2357.142857142857,2.5,-0.1,transition,f7fa856c2de9d6e042d91ab5c8ff1ff0ce0c9ef89ee381c5364fda7c64f9c12b,0.0,0.0,0.0,"{'mean': -0.029256356969529614, 'std': 0.9833217427687496, 'min': -3.6484128252147836, 'max': 3.1788536793675353, 'skewness': -0.04588912403417841, 'kurtosis': 0.09801182439059009}",3,1,"[0, 2]",2,"(32, 32)",True
1132,pipe,10892.693033225416,1.0,-0.15,turbulent,84ce38c6925220b3b412f22b481d307f0e1adb640baf5b37c7e8f52de091d100,0.0,0.0,0.0,"{'mean': -0.029256356969529614, 'std': 0.9833217427687496, 'min': -3.6484128252147836, 'max': 3.1788536793675353, 'skewness': -0.04588912403417841, 'kurtosis': 0.09801182439059009}",3,1,"[0, 2]",2,"(32, 32)",True
2990,cavity,88.42105263157895,2.0,-0.05,laminar,55c8ebb9a07e138811ce59cce42c9e2b31aef9b7944886d02649ac37d363cba3,0.0,0.0,0.0,"{'mean': -0.029256356969529614, 'std': 0.9833217427687496, 'min': -3.6484128252147836, 'max': 3.1788536793675353, 'skewness': -0.04588912403417841, 'kurtosis': 0.09801182439059009}",3,1,"[0, 2]",2,"(32, 32)",True
636,pipe,2142.857142857143,1.5,-0.1,transition,35419ea7b1317c14b50cdc3ca08f9d470719da44e4db7c79789106f8dfad5595,0.0,0.0,0.0,"{'mean': -0.029256356969529614, 'std': 0.9833217427687496, 'min': -3.6484128252147836, 'max': 3.1788536793675353, 'skewness': -0.04588912403417841, 'kurtosis': 0.09801182439059009}",3,1,"[0, 2]",2,"(32, 32)",True
1821,channel,1029.4736842105262,2.5,-0.1,laminar,1581f048d035e62fff5b310d2fb3b83c5aac67b14c16fef1c5259cedae57504e,0.0,0.0,0.0,"{'mean': 0.6451612903225806, 'std': 0.31691168593614655, 'min': 0.0, 'max': 0.9989594172736732, 'skewness': -0.6304339420761846, 'kurtosis': -0.882180438157667}",3,1,"[0, 1]",2,"(32, 32)",True
351,pipe,1107.8947368421052,0.5,-0.1,laminar,6859906a24315e465a3bc7e9fb7064b37951cea21a52a4f9bda548bd325117cf,0.0,0.0,0.0,"{'mean': -0.029256356969529614, 'std': 0.9833217427687496, 'min': -3.6484128252147836, 'max': 3.1788536793675353, 'skewness': -0.04588912403417841, 'kurtosis': 0.09801182439059009}",3,1,"[0, 2]",2,"(32, 32)",True
797,pipe,2785.714285714286,2.5,-0.15,turbulent,99b4185222f7184d81c4db55f0490d98d656b916b345fd0c93d35ddef03e253c,0.0,0.0,0.0,"{'mean': -0.029256356969529614, 'std': 0.9833217427687496, 'min': -3.6484128252147836, 'max': 3.1788536793675353, 'skewness': -0.04588912403417841, 'kurtosis': 0.09801182439059009}",3,1,"[0, 2]",2,"(32, 32)",True
4163,cavity,15483.400895311179,1.5,-0.2,turbulent,63b3a08832866ba86c66be8dcdd4e19528e3110dd8695d9f74a6964309aa4884,0.0,0.0,0.0,"{'mean': -0.029256356969529614, 'std': 0.9833217427687496, 'min': -3.6484128252147836, 'max': 3.1788536793675353, 'skewness': -0.04588912403417841, 'kurtosis': 0.09801182439059009}",3,1,"[0, 2]",2,"(32, 32)",True
2764,channel,22008.85516131499,1.5,-0.25,turbulent,ede3c3641613cbf108418be2b843a59614ac03bb529c3365e7339091749a2004,0.0,0.0,0.0,"{'mean': -0.029256356969529614, 'std': 0.9833217427687496, 'min': -3.6484128252147836, 'max': 3.1788536793675353, 'skewness': -0.04588912403417841, 'kurtosis': 0.09801182439059009}",3,1,"[0, 2]",2,"(32, 32)",True
3157,cavity,637.3684210526316,1.0,-0.15,laminar,344c5bd6ed5e3850a07a4944baf26cd572f9a31e2b57159090259cabad1dc974,0.0,0.0,0.0,"{'mean': -0.029256356969529614, 'std': 0.9833217427687496, 'min': -3.6484128252147836, 'max': 3.1788536793675353, 'skewness': -0.04588912403417841, 'kurtosis': 0.09801182439059009}",3,1,"[0, 2]",2,"(32, 32)",True
4296,cavity,27823.91138509389,2.5,-0.1,turbulent,f6fa6ef498e7b0bf11ac22730d61298291437db9cb2e2aa32114e5439e790e69,0.0010120868682861328,0.0,0.0010120868682861328,"{'mean': 0.6451612903225806, 'std': 0.31691168593614655, 'min': 0.0, 'max': 0.9989594172736732, 'skewness': -0.6304339420761846, 'kurtosis': -0.882180438157667}",3,1,"[0, 1]",2,"(32, 32)",True
3178,cavity,715.7894736842105,0.5,-0.2,laminar,75d0e7290f71f5b3666b681483855ceef8d4504c2fcb20dd6516efe9d832e188,0.0,0.0,0.0,"{'mean': -0.029256356969529614, 'std': 0.9833217427687496, 'min': -3.6484128252147836, 'max': 3.1788536793675353, 'skewness': -0.04588912403417841, 'kurtosis': 0.09801182439059009}",3,1,"[0, 2]",2,"(32, 32)",True
1568,channel,245.26315789473682,2.0,-0.2,laminar,fdbd52b7d614a0ef6e798c3e7177f47a796a1260cd6268085b0dce62fa893176,0.0,0.0,0.0,"{'mean': -0.029256356969529614, 'std': 0.9833217427687496, 'min': -3.6484128252147836, 'max': 3.1788536793675353, 'skewness': -0.04588912403417841, 'kurtosis': 0.09801182439059009}",3,1,"[0, 2]",2,"(32, 32)",True
2392,channel,3792.643167646458,2.0,-0.15,turbulent,c74c88c53e8be00bf0953ab708bbde15e6d238cc28abd652381b8fd6d19ef499,0.0,0.0,0.0,"{'mean': -0.029256356969529614, 'std': 0.9833217427687496, 'min': -3.6484128252147836, 'max': 3.1788536793675353, 'skewness': -0.04588912403417841, 'kurtosis': 0.09801182439059009}",3,1,"[0, 2]",2,"(32, 32)",True
516,pipe,1607.142857142857,2.0,-0.1,transition,9c43c054b42bf9a2e0fe44262ce82bacd29629de2137134628a066250c92a963,0.0,0.0,0.0,"{'mean': -0.029256356969529614, 'std': 0.9833217427687496, 'min': -3.6484128252147836, 'max': 3.1788536793675353, 'skewness': -0.04588912403417841, 'kurtosis': 0.09801182439059009}",3,1,"[0, 2]",2,"(32, 32)",True
2934,channel,49999.99999999999,1.0,-0.25,turbulent,d99399d496af646b75de38c75fc0cd464a7ad8a8a6a17f80b09fb1db02da1860,0.0,0.0,0.0,"{'mean': -0.029256356969529614, 'std': 0.9833217427687496, 'min': -3.6484128252147836, 'max': 3.1788536793675353, 'skewness': -0.04588912403417841, 'kurtosis': 0.09801182439059009}",3,1,"[0, 2]",2,"(32, 32)",True
1604,channel,402.10526315789474,0.5,-0.25,laminar,d373218e25ba69a8d406dcb09c2af97e41eb4ab4b6bcd90abf2ba6d091324684,0.0009849071502685547,0.0,0.0009849071502685547,"{'mean': -0.029256356969529614, 'std': 0.9833217427687496, 'min': -3.6484128252147836, 'max': 3.1788536793675353, 'skewness': -0.04588912403417841, 'kurtosis': 0.09801182439059009}",3,1,"[0, 2]",2,"(32, 32)",True
4410,cavity,49999.99999999999,1.5,-0.05,turbulent,d63c07babb7307f8bf59b8a9f07d0b263261a5822312308c7821848b49e5a7ba,0.0,0.0,0.0,"{'mean': -0.029256356969529614, 'std': 0.9833217427687496, 'min': -3.6484128252147836, 'max': 3.1788536793675353, 'skewness': -0.04588912403417841, 'kurtosis': 0.09801182439059009}",3,1,"[0, 2]",2,"(32, 32)",True
4028,cavity,8616.175489020434,0.5,-0.2,turbulent,4e81b7414eb74728c268929fb922afb2685b5a7f1c05a08d372d0607e9bb782b,0.0,0.0,0.0,"{'mean': -0.029256356969529614, 'std': 0.9833217427687496, 'min': -3.6484128252147836, 'max': 3.1788536793675353, 'skewness': -0.04588912403417841, 'kurtosis': 0.09801182439059009}",3,1,"[0, 2]",2,"(32, 32)",True
2685,channel,15483.400895311179,1.5,-0.05,turbulent,78f868671a6cd03a1fba8d9944f1ec29fbdc6e196258623e29ceffa8877c83fe,0.0,0.0,0.0,"{'mean': -0.029256356969529614, 'std': 0.9833217427687496, 'min': -3.6484128252147836, 'max': 3.1788536793675353, 'skewness': -0.04588912403417841, 'kurtosis': 0.09801182439059009}",3,1,"[0, 2]",2,"(32, 32)",True
48,pipe,88.42105263157895,2.5,-0.2,laminar,9e3f479814ed9423402cdc4d3c7b7931fe9b6cc1776d6882fe0244b3d17bb107,0.0,0.0,0.0,"{'mean': 0.6451612903225806, 'std': 0.31691168593614655, 'min': 0.0, 'max': 0.9989594172736732, 'skewness': -0.6304339420761846, 'kurtosis': -0.882180438157667}",3,1,"[0, 1]",2,"(32, 32)",True
3788,cavity,3000.0,1.5,-0.2,turbulent,8247ef95ea876fcf99d7160644766490b36b7601a3817da7fff92918628c5658,0.0,0.0,0.0,"{'mean': -0.029256356969529614, 'std': 0.9833217427687496, 'min': -3.6484128252147836, 'max': 3.1788536793675353, 'skewness': -0.04588912403417841, 'kurtosis': 0.09801182439059009}",3,1,"[0, 2]",2,"(32, 32)",True
4375,cavity,44469.233093619056,0.5,-0.05,turbulent,0d692291e76faef3ca9adae8048afc80debda97f7160992c841d62b852e6b0f0,0.0,0.0010023117065429688,0.0010023117065429688,"{'mean': -0.029256356969529614, 'std': 0.9833217427687496, 'min': -3.6484128252147836, 'max': 3.1788536793675353, 'skewness': -0.04588912403417841, 'kurtosis': 0.09801182439059009}",3,1,"[0, 2]",2,"(32, 32)",True
1816,channel,1029.4736842105262,2.0,-0.1,laminar,5c80fd42a16965bc0791c1a820fa51f3a34a43c4d64ada8704bf979ca716a14d,0.0,0.0,0.0,"{'mean': -0.029256356969529614, 'std': 0.9833217427687496, 'min': -3.6484128252147836, 'max': 3.1788536793675353, 'skewness': -0.04588912403417841, 'kurtosis': 0.09801182439059009}",3,1,"[0, 2]",2,"(32, 32)",True
2008,channel,1714.2857142857142,1.0,-0.2,transition,65b7ca6814ba7c5f1ddb8b6130fc5b5080c55d1e862d84ca75ec7ee0062b72af,0.0,0.0,0.0,"{'mean': -0.029256356969529614, 'std': 0.9833217427687496, 'min': -3.6484128252147836, 'max': 3.1788536793675353, 'skewness': -0.04588912403417841, 'kurtosis': 0.09801182439059009}",3,1,"[0, 2]",2,"(32, 32)",True
3563,cavity,2035.7142857142858,1.5,-0.2,transition,69802d38e63aeda9888ec250db5f70ff39c2514ec9eb0c42155b193e5d704830,0.0,0.0,0.0,"{'mean': -0.029256356969529614, 'std': 0.9833217427687496, 'min': -3.6484128252147836, 'max': 3.1788536793675353, 'skewness': -0.04588912403417841, 'kurtosis': 0.09801182439059009}",3,1,"[0, 2]",2,"(32, 32)",True
1501,channel,88.42105263157895,0.5,-0.1,laminar,b3de13f055d3299c0458fd12d74d83e972c3b7a760e9f8e09aba5aa4ab2e43f5,0.0,0.0,0.0,"{'mean': -0.029256356969529614, 'std': 0.9833217427687496, 'min': -3.6484128252147836, 'max': 3.1788536793675353, 'skewness': -0.04588912403417841, 'kurtosis': 0.09801182439059009}",3,1,"[0, 2]",2,"(32, 32)",True
3782,cavity,3000.0,1.0,-0.15,turbulent,8e44217e4b3425cbc087ec4a012a172549ef86ba1db6ab8348c79fc60dac2936,0.0,0.0,0.0,"{'mean': -0.029256356969529614, 'std': 0.9833217427687496, 'min': -3.6484128252147836, 'max': 3.1788536793675353, 'skewness': -0.04588912403417841, 'kurtosis': 0.09801182439059009}",3,1,"[0, 2]",2,"(32, 32)",True
755,pipe,2678.5714285714284,1.0,-0.05,turbulent,5b5efa3ab835957acf4f9f18a75f46482063b63ad7ef5de3576649b43cf886fd,0.0,0.0009996891021728516,0.0009996891021728516,"{'mean': 0.6451612903225806, 'std': 0.31691168593614655, 'min': 0.0, 'max': 0.9989594172736732, 'skewness': -0.6304339420761846, 'kurtosis': -0.882180438157667}",3,1,"[0, 1]",2,"(32, 32)",True
3716,cavity,2678.5714285714284,2.0,-0.1,turbulent,ea591ec56e289b21ee906fb8fa9c313de305ffd59f465c55801fc256c8486615,0.0,0.0,0.0,"{'mean': -0.029256356969529614, 'std': 0.9833217427687496, 'min': -3.6484128252147836, 'max': 3.1788536793675353, 'skewness': -0.04588912403417841, 'kurtosis': 0.09801182439059009}",3,1,"[0, 2]",2,"(32, 32)",True
1432,pipe,44469.233093619056,1.0,-0.15,turbulent,665f4c6690a6b5f03dcce01e19e0f044f15ccd26ad5e1acb69ab01e9e9df5e9b,0.0,0.0,0.0,"{'mean': 0.6451612903225806, 'std': 0.31691168593614655, 'min': 0.0, 'max': 0.9989594172736732, 'skewness': -0.6304339420761846, 'kurtosis': -0.882180438157667}",3,1,"[0, 1]",2,"(32, 32)",True
3615,cavity,2250.0,2.0,-0.05,transition,0b9e3c5510244d2de8356c2d02a8d747c1ed44a49bc279dd41c389cbc12ce88e,0.0,0.0,0.0,"{'mean': -0.029256356969529614, 'std': 0.9833217427687496, 'min': -3.6484128252147836, 'max': 3.1788536793675353, 'skewness': -0.04588912403417841, 'kurtosis': 0.09801182439059009}",3,1,"[0, 2]",2,"(32, 32)",True
210,pipe,637.3684210526316,1.5,-0.05,laminar,c11681cd91a15a0054c1dd774aef10b871fe1ba219bf6e24ec2bfebb80766d63,0.0009827613830566406,0.0,0.0009827613830566406,"{'mean': -0.029256356969529614, 'std': 0.9833217427687496, 'min': -3.6484128252147836, 'max': 3.1788536793675353, 'skewness': -0.04588912403417841, 'kurtosis': 0.09801182439059009}",3,1,"[0, 2]",2,"(32, 32)",True
676,pipe,2357.142857142857,0.5,-0.1,transition,6b05306bed1869f9499a4430363601b1a9bb09682ecc13ec4c8c5bd8eff9f5f1,0.0,0.0,0.0,"{'mean': 0.6451612903225806, 'std': 0.31691168593614655, 'min': 0.0, 'max': 0.9989594172736732, 'skewness': -0.6304339420761846, 'kurtosis': -0.882180438157667}",3,1,"[0, 1]",2,"(32, 32)",True
3723,cavity,2678.5714285714284,2.5,-0.2,turbulent,d2e2ccf29a91311ab2f9f1b36f9f641afcffa43e1bcd9a5b045bded2b3808d6e,0.0,0.0,0.0,"{'mean': -0.029256356969529614, 'std': 0.9833217427687496, 'min': -3.6484128252147836, 'max': 3.1788536793675353, 'skewness': -0.04588912403417841, 'kurtosis': 0.09801182439059009}",3,1,"[0, 2]",2,"(32, 32)",True
2658,channel,13770.69926991083,1.0,-0.2,turbulent,547d4e40815e67f68a0e71a2036a9459caacfc218e30b08a8eed708605ed340d,0.0,0.0,0.0,"{'mean': 0.6451612903225806, 'std': 0.31691168593614655, 'min': 0.0, 'max': 0.9989594172736732, 'skewness': -0.6304339420761846, 'kurtosis': -0.882180438157667}",3,1,"[0, 1]",2,"(32, 32)",True
3979,cavity,6815.438554189565,0.5,-0.25,turbulent,25fc58db59433422c27ccf0c317efc6d491244e68254ec80f8e81dbcbb3c5fea,0.0,0.0,0.0,"{'mean': 0.6451612903225806, 'std': 0.31691168593614655, 'min': 0.0, 'max': 0.9989594172736732, 'skewness': -0.6304339420761846, 'kurtosis': -0.882180438157667}",3,1,"[0, 1]",2,"(32, 32)",True
2875,channel,39550.25383869249,0.5,-0.05,turbulent,f441980c328b9deef4207578154449bf0f25b0110621c022205b4eda80d78682,0.0,0.0,0.0,"{'mean': 0.6451612903225806, 'std': 0.31691168593614655, 'min': 0.0, 'max': 0.9989594172736732, 'skewness': -0.6304339420761846, 'kurtosis': -0.882180438157667}",3,1,"[0, 1]",2,"(32, 32)",True
4393,cavity,44469.233093619056,2.0,-0.2,turbulent,4f617f04b9640842eddf8e93a7ffff08ea39ea77cc9b7fe886cec6fc31be56e8,0.0,0.0,0.0,"{'mean': -0.029256356969529614, 'std': 0.9833217427687496, 'min': -3.6484128252147836, 'max': 3.1788536793675353, 'skewness': -0.04588912403417841, 'kurtosis': 0.09801182439059009}",3,1,"[0, 2]",2,"(32, 32)",True
1465,pipe,49999.99999999999,2.0,-0.05,turbulent,4e5a556c2f7c2ea3dc77e702a713e653c8ae2f6d0c935f905ba855a64b8951ea,0.0,0.0,0.0,"{'mean': -0.029256356969529614, 'std': 0.9833217427687496, 'min': -3.6484128252147836, 'max': 3.1788536793675353, 'skewness': -0.04588912403417841, 'kurtosis': 0.09801182439059009}",3,1,"[0, 2]",2,"(32, 32)",True
1732,channel,794.2105263157895,1.0,-0.15,laminar,39264c0d50b4794209b25cddf6c4deda47dffde6386c64c025dd99de21c5c8c7,0.0,0.0,0.0,"{'mean': 0.6451612903225806, 'std': 0.31691168593614655, 'min': 0.0, 'max': 0.9989594172736732, 'skewness': -0.6304339420761846, 'kurtosis': -0.882180438157667}",3,1,"[0, 1]",2,"(32, 32)",True
430,pipe,1343.157894736842,1.0,-0.05,laminar,05dc66259a89ef58302d56653e322695cabb98f95a3220f8a5c7f7cdd982d8d0,0.0,0.0,0.0,"{'mean': -0.029256356969529614, 'std': 0.9833217427687496, 'min': -3.6484128252147836, 'max': 3.1788536793675353, 'skewness': -0.04588912403417841, 'kurtosis': 0.09801182439059009}",3,1,"[0, 2]",2,"(32, 32)",True
3935,cavity,5391.046496804163,1.5,-0.05,turbulent,cf874da7c1a17c1c189e9d238830ad4803f6e2ac6e1b5c6b439947fb4d6c0318,0.0010211467742919922,0.0,0.0010211467742919922,"{'mean': -0.029256356969529614, 'std': 0.9833217427687496, 'min': -3.6484128252147836, 'max': 3.1788536793675353, 'skewness': -0.04588912403417841, 'kurtosis': 0.09801182439059009}",3,1,"[0, 2]",2,"(32, 32)",True
1276,pipe,22008.85516131499,0.5,-0.1,turbulent,80d554f1fa8f6868678c35845b1eec9fbdf1a287b6f22d079ce5576e7ad6c478,0.0,0.0,0.0,"{'mean': -0.029256356969529614, 'std': 0.9833217427687496, 'min': -3.6484128252147836, 'max': 3.1788536793675353, 'skewness': -0.04588912403417841, 'kurtosis': 0.09801182439059009}",3,1,"[0, 2]",2,"(32, 32)",True
476,pipe,1500.0,0.5,-0.1,laminar,72ab2de331a465e5249268c9815e8e84c825d131b95afaa0f60360271cecbc8a,0.0,0.0,0.0,"{'mean': -0.029256356969529614, 'std': 0.9833217427687496, 'min': -3.6484128252147836, 'max': 3.1788536793675353, 'skewness': -0.04588912403417841, 'kurtosis': 0.09801182439059009}",3,1,"[0, 2]",2,"(32, 32)",True
1890,channel,1264.7368421052631,2.0,-0.05,laminar,3088f25c59623320a1615f47626dce79a2893f2aa1bc6e319c90bf1ac1ba241d,0.0,0.0,0.0,"{'mean': -0.029256356969529614, 'std': 0.9833217427687496, 'min': -3.6484128252147836, 'max': 3.1788536793675353, 'skewness': -0.04588912403417841, 'kurtosis': 0.09801182439059009}",3,1,"[0, 2]",2,"(32, 32)",True
840,pipe,3000.0,2.0,-0.05,turbulent,a71f6eebffc91cc0c6b11e1cee3cdca7008b02ad09cdb8c8d03cf697d397dc02,0.0,0.0,0.0,"{'mean': -0.029256356969529614, 'std': 0.9833217427687496, 'min': -3.6484128252147836, 'max': 3.1788536793675353, 'skewness': -0.04588912403417841, 'kurtosis': 0.09801182439059009}",3,1,"[0, 2]",2,"(32, 32)",True
3037,cavity,245.26315789473682,1.5,-0.15,laminar,298f4a739962fb7447dac899fc055b176d76fbc8bd2daa8aafcdd0faa801394a,0.0,0.0,0.0,"{'mean': -0.029256356969529614, 'std': 0.9833217427687496, 'min': -3.6484128252147836, 'max': 3.1788536793675353, 'skewness': -0.04588912403417841, 'kurtosis': 0.09801182439059009}",3,1,"[0, 2]",2,"(32, 32)",True
2776,channel,24746.16001919883,0.5,-0.1,turbulent,8ae4a23422049e89fe73a383df92cc11bbb0c7de5b10b441d877565f8c50b56f,0.0,0.0,0.0,"{'mean': -0.029256356969529614, 'std': 0.9833217427687496, 'min': -3.6484128252147836, 'max': 3.1788536793675353, 'skewness': -0.04588912403417841, 'kurtosis': 0.09801182439059009}",3,1,"[0, 2]",2,"(32, 32)",True
1937,channel,1421.578947368421,1.5,-0.15,laminar,15d9d6f2a4fce8b92443eedfb006371bdf1d8a970582a0a64f3ff137830a377a,0.0,0.0,0.0,"{'mean': -0.029256356969529614, 'std': 0.9833217427687496, 'min': -3.6484128252147836, 'max': 3.1788536793675353, 'skewness': -0.04588912403417841, 'kurtosis': 0.09801182439059009}",3,1,"[0, 2]",2,"(32, 32)",True
3279,cavity,1029.4736842105262,0.5,-0.25,laminar,35b96b783febe3bdf7496a5c8d1452884287cb8e3a5d1564e2b6cf54a2e9f0c4,0.0,0.0,0.0,"{'mean': -0.029256356969529614, 'std': 0.9833217427687496, 'min': -3.6484128252147836, 'max': 3.1788536793675353, 'skewness': -0.04588912403417841, 'kurtosis': 0.09801182439059009}",3,1,"[0, 2]",2,"(32, 32)",True
2985,cavity,88.42105263157895,1.5,-0.05,laminar,ee8c1a5feed60a65e22ea6c92d560e8f1b8e36c8fef3686b97516db9c5c843a0,0.0,0.0,0.0,"{'mean': -0.029256356969529614, 'std': 0.9833217427687496, 'min': -3.6484128252147836, 'max': 3.1788536793675353, 'skewness': -0.04588912403417841, 'kurtosis': 0.09801182439059009}",3,1,"[0, 2]",2,"(32, 32)",True
3706,cavity,2678.5714285714284,1.0,-0.1,turbulent,f75c1fff1a817ed8297599b449bbe87ca37914c11d27b63466cf87b5c36a6cca,0.0,0.0,0.0,"{'mean': 0.6451612903225806, 'std': 0.31691168593614655, 'min': 0.0, 'max': 0.9989594172736732, 'skewness': -0.6304339420761846, 'kurtosis': -0.882180438157667}",3,1,"[0, 1]",2,"(32, 32)",True
42,pipe,88.42105263157895,2.0,-0.15,laminar,cca884a1d930dde6377aa71c535a6122fcc6e4f04f4fce85b23355caee3edc15,0.0,0.0,0.0,"{'mean': 0.6451612903225806, 'std': 0.31691168593614655, 'min': 0.0, 'max': 0.9989594172736732, 'skewness': -0.6304339420761846, 'kurtosis': -0.882180438157667}",3,1,"[0, 1]",2,"(32, 32)",True
94,pipe,245.26315789473682,2.0,-0.25,laminar,ca606ef5c567340ef8893f7454f82318387b9641f0f338171a8461360592df05,0.0,0.0,0.0,"{'mean': 0.6451612903225806, 'std': 0.31691168593614655, 'min': 0.0, 'max': 0.9989594172736732, 'skewness': -0.6304339420761846, 'kurtosis': -0.882180438157667}",3,1,"[0, 1]",2,"(32, 32)",True
2897,channel,39550.25383869249,2.5,-0.15,turbulent,1b903c4850fe531a14db0d6d845815f0fbebab86c45cf8c6b3e5eef54a346e40,0.0,0.0,0.0,"{'mean': -0.029256356969529614, 'std': 0.9833217427687496, 'min': -3.6484128252147836, 'max': 3.1788536793675353, 'skewness': -0.04588912403417841, 'kurtosis': 0.09801182439059009}",3,1,"[0, 2]",2,"(32, 32)",True
3512,cavity,1821.4285714285716,1.5,-0.15,transition,fc1153a2864888dfbd51830995d7971d6245d85edc8f43f751c785ef837306f6,0.0,0.0,0.0,"{'mean': -0.029256356969529614, 'std': 0.9833217427687496, 'min': -3.6484128252147836, 'max': 3.1788536793675353, 'skewness': -0.04588912403417841, 'kurtosis': 0.09801182439059009}",3,1,"[0, 2]",2,"(32, 32)",True
167,pipe,480.52631578947364,2.0,-0.15,laminar,449f11e59548cdc74d1e6e17942b04e8ca344ef16d8fb034c510b97045c76e18,0.0,0.0,0.0,"{'mean': 0.6451612903225806, 'std': 0.31691168593614655, 'min': 0.0, 'max': 0.9989594172736732, 'skewness': -0.6304339420761846, 'kurtosis': -0.882180438157667}",3,1,"[0, 1]",2,"(32, 32)",True
1828,channel,1107.8947368421052,0.5,-0.2,laminar,60b03ef58de6fcff42db84cb4414250ac2733aff7c19595c9a7103bab7b2ff2e,0.0,0.0,0.0,"{'mean': -0.029256356969529614, 'std': 0.9833217427687496, 'min': -3.6484128252147836, 'max': 3.1788536793675353, 'skewness': -0.04588912403417841, 'kurtosis': 0.09801182439059009}",3,1,"[0, 2]",2,"(32, 32)",True
4317,cavity,31284.451574100145,2.0,-0.15,turbulent,4177bb5991ba60dcaf1c1ada591e105d5d07d3fc7ec523d393bdf93a23b2888f,0.0,0.0,0.0,"{'mean': -0.029256356969529614, 'std': 0.9833217427687496, 'min': -3.6484128252147836, 'max': 3.1788536793675353, 'skewness': -0.04588912403417841, 'kurtosis': 0.09801182439059009}",3,1,"[0, 2]",2,"(32, 32)",True
208,pipe,637.3684210526316,1.0,-0.2,laminar,059bdf002061dbcc49f8c722e4a541d7ee0cafb5233f30d6a51c63b6e78f9b91,0.0,0.0,0.0,"{'mean': -0.029256356969529614, 'std': 0.9833217427687496, 'min': -3.6484128252147836, 'max': 3.1788536793675353, 'skewness': -0.04588912403417841, 'kurtosis': 0.09801182439059009}",3,1,"[0, 2]",2,"(32, 32)",True
1312,pipe,24746.16001919883,1.5,-0.15,turbulent,bfe627149c90bf7925c85e53ec334e853bd2b01793bbb4363c5a728a7cca0a1e,0.0,0.0010035037994384766,0.0010035037994384766,"{'mean': 0.6451612903225806, 'std': 0.31691168593614655, 'min': 0.0, 'max': 0.9989594172736732, 'skewness': -0.6304339420761846, 'kurtosis': -0.882180438157667}",3,1,"[0, 1]",2,"(32, 32)",True
2018,channel,1714.2857142857142,2.0,-0.2,transition,76f83ebc256ffd19fcb91bbaf500704cf882c7afbba2647be07870825834b8dd,0.0,0.0,0.0,"{'mean': -0.029256356969529614, 'std': 0.9833217427687496, 'min': -3.6484128252147836, 'max': 3.1788536793675353, 'skewness': -0.04588912403417841, 'kurtosis': 0.09801182439059009}",3,1,"[0, 2]",2,"(32, 32)",True
3460,cavity,1607.142857142857,1.5,-0.05,transition,11e0e0390841986fde25b189df8e813e30b57029800750c8a8b9c3de7895a39e,0.0,0.0,0.0,"{'mean': -0.029256356969529614, 'std': 0.9833217427687496, 'min': -3.6484128252147836, 'max': 3.1788536793675353, 'skewness': -0.04588912403417841, 'kurtosis': 0.09801182439059009}",3,1,"[0, 2]",2,"(32, 32)",True
319,pipe,951.0526315789473,2.0,-0.25,laminar,10022ca9f42c2cf6e0516842d4b54e2a18f3bf5998e221e2e727eed2b56e3c89,0.0,0.0,0.0,"{'mean': 0.6451612903225806, 'std': 0.31691168593614655, 'min': 0.0, 'max': 0.9989594172736732, 'skewness': -0.6304339420761846, 'kurtosis': -0.882180438157667}",3,1,"[0, 1]",2,"(32, 32)",True
1523,channel,88.42105263157895,2.5,-0.2,laminar,aa56bceb982a5d1f3472fab5db4e6c98c2fb6632c82d4089ea00f97108897be2,0.0,0.0,0.0,"{'mean': -0.029256356969529614, 'std': 0.9833217427687496, 'min': -3.6484128252147836, 'max': 3.1788536793675353, 'skewness': -0.04588912403417841, 'kurtosis': 0.09801182439059009}",3,1,"[0, 2]",2,"(32, 32)",True
1484,channel,10.0,1.0,-0.25,laminar,ad56d599ebf1ded1ad06d837c7ce9d8c21c9bb37807b25fe196df38fcf84298a,0.0,0.0,0.0,"{'mean': -0.029256356969529614, 'std': 0.9833217427687496, 'min': -3.6484128252147836, 'max': 3.1788536793675353, 'skewness': -0.04588912403417841, 'kurtosis': 0.09801182439059009}",3,1,"[0, 2]",2,"(32, 32)",True
1774,channel,872.6315789473684,2.5,-0.25,laminar,8e73eae7742cfe4b4947291ab530d68c72ebfeff7187199649430c090e264c4f,0.0,0.0,0.0,"{'mean': -0.029256356969529614, 'std': 0.9833217427687496, 'min': -3.6484128252147836, 'max': 3.1788536793675353, 'skewness': -0.04588912403417841, 'kurtosis': 0.09801182439059009}",3,1,"[0, 2]",2,"(32, 32)",True
1662,channel,558.9473684210526,1.5,-0.15,laminar,ef07a9f208bc5bcf0f2680878260fffad0f6432a4805c97a975a686aab0b2ea6,0.0,0.0015082359313964844,0.0015082359313964844,"{'mean': -0.029256356969529614, 'std': 0.9833217427687496, 'min': -3.6484128252147836, 'max': 3.1788536793675353, 'skewness': -0.04588912403417841, 'kurtosis': 0.09801182439059009}",3,1,"[0, 2]",2,"(32, 32)",True
2899,channel,39550.25383869249,2.5,-0.25,turbulent,81e495fe3ca94832d540bebd671a6e9ad56950cf7461fdea9970413ca8f8055e,0.0,0.0,0.0,"{'mean': -0.029256356969529614, 'std': 0.9833217427687496, 'min': -3.6484128252147836, 'max': 3.1788536793675353, 'skewness': -0.04588912403417841, 'kurtosis': 0.09801182439059009}",3,1,"[0, 2]",2,"(32, 32)",True
1598,channel,323.6842105263158,2.5,-0.2,laminar,82bc27dd71dee41dde97415f7c12f4e315147a31fe82edab33688728087e53d2,0.0,0.0,0.0,"{'mean': -0.029256356969529614, 'std': 0.9833217427687496, 'min': -3.6484128252147836, 'max': 3.1788536793675353, 'skewness': -0.04588912403417841, 'kurtosis': 0.09801182439059009}",3,1,"[0, 2]",2,"(32, 32)",True
4308,cavity,31284.451574100145,1.0,-0.2,turbulent,007cf79cb1d28efe8713919e5642405f0e00fa689b5faa3ad0ab9a9b7677e1e3,0.0,0.0,0.0,"{'mean': -0.029256356969529614, 'std': 0.9833217427687496, 'min': -3.6484128252147836, 'max': 3.1788536793675353, 'skewness': -0.04588912403417841, 'kurtosis': 0.09801182439059009}",3,1,"[0, 2]",2,"(32, 32)",True
4106,cavity,12247.448713915892,1.0,-0.1,turbulent,835ca55b56c2b2f832b805db9178f99107c7726b5168852cfb83eeb78a59bbe3,0.0,0.0,0.0,"{'mean': -0.029256356969529614, 'std': 0.9833217427687496, 'min': -3.6484128252147836, 'max': 3.1788536793675353, 'skewness': -0.04588912403417841, 'kurtosis': 0.09801182439059009}",3,1,"[0, 2]",2,"(32, 32)",True
851,pipe,3000.0000000000014,0.5,-0.1,turbulent,40f38e34ba5d76cfb9858f823fbbecbb9bfe77d890c41b60951d20d60c767237,0.0,0.0,0.0,"{'mean': -0.029256356969529614, 'std': 0.9833217427687496, 'min': -3.6484128252147836, 'max': 3.1788536793675353, 'skewness': -0.04588912403417841, 'kurtosis': 0.09801182439059009}",3,1,"[0, 2]",2,"(32, 32)",True
2624,channel,10892.693033225416,2.5,-0.25,turbulent,32a1afd43d6f50bd6ff46bf703756dfd7cf4d6119303ff70ed658abc80bc8e1d,0.0,0.0,0.0,"{'mean': -0.029256356969529614, 'std': 0.9833217427687496, 'min': -3.6484128252147836, 'max': 3.1788536793675353, 'skewness': -0.04588912403417841, 'kurtosis': 0.09801182439059009}",3,1,"[0, 2]",2,"(32, 32)",True
1079,pipe,8616.175489020434,0.5,-0.25,turbulent,bb69797c88fc39e3c7fe62dbb4c57089a241abbb7b8c191612bf4f9cf10b1a72,0.0,0.0,0.0,"{'mean': -0.029256356969529614, 'std': 0.9833217427687496, 'min': -3.6484128252147836, 'max': 3.1788536793675353, 'skewness': -0.04588912403417841, 'kurtosis': 0.09801182439059009}",3,1,"[0, 2]",2,"(32, 32)",True
1554,channel,245.26315789473682,0.5,-0.25,laminar,8c88118fee1df860bdf778a02c7502997ffc9896d085597bc88a6cea6cf03d73,0.0,0.0,0.0,"{'mean': -0.029256356969529614, 'std': 0.9833217427687496, 'min': -3.6484128252147836, 'max': 3.1788536793675353, 'skewness': -0.04588912403417841, 'kurtosis': 0.09801182439059009}",3,1,"[0, 2]",2,"(32, 32)",True
617,pipe,2035.7142857142858,2.0,-0.15,transition,535b9c26eb02b8cddc9ec98ae6a71350c1dab59f6d8f8ca9f64ede6e89063f2e,0.0,0.0,0.0,"{'mean': -0.029256356969529614, 'std': 0.9833217427687496, 'min': -3.6484128252147836, 'max': 3.1788536793675353, 'skewness': -0.04588912403417841, 'kurtosis': 0.09801182439059009}",3,1,"[0, 2]",2,"(32, 32)",True
192,pipe,558.9473684210526,2.0,-0.15,laminar,d680c8eb30b9d005114e16f8b9113ace93c0cd3ed2764ae4929b502d01fa47ee,0.0,0.0,0.0,"{'mean': 0.6451612903225806, 'std': 0.31691168593614655, 'min': 0.0, 'max': 0.9989594172736732, 'skewness': -0.6304339420761846, 'kurtosis': -0.882180438157667}",3,1,"[0, 1]",2,"(32, 32)",True
1231,pipe,17409.116166580472,1.0,-0.1,turbulent,9b0eafc9b73313becfa519179fe1ac4edf9c2e7ebf39c44709ebde3f96f1ec7d,0.0,0.0,0.0,"{'mean': -0.029256356969529614, 'std': 0.9833217427687496, 'min': -3.6484128252147836, 'max': 3.1788536793675353, 'skewness': -0.04588912403417841, 'kurtosis': 0.09801182439059009}",3,1,"[0, 2]",2,"(32, 32)",True
2600,channel,10892.693033225416,0.5,-0.05,turbulent,33c8fb9e242349da4befa53b26c4c2c4032644364c3f4f1b05406afec1daf5d6,0.0,0.0,0.0,"{'mean': -0.029256356969529614, 'std': 0.9833217427687496, 'min': -3.6484128252147836, 'max': 3.1788536793675353, 'skewness': -0.04588912403417841, 'kurtosis': 0.09801182439059009}",3,1,"[0, 2]",2,"(32, 32)",True
1871,channel,1186.3157894736842,2.5,-0.1,laminar,145bef106126f4b7965733eaa13a0c08480f1516aed59ace80ce163cfc6f4f0d,0.0,0.0,0.0,"{'mean': -0.029256356969529614, 'std': 0.9833217427687496, 'min': -3.6484128252147836, 'max': 3.1788536793675353, 'skewness': -0.04588912403417841, 'kurtosis': 0.09801182439059009}",3,1,"[0, 2]",2,"(32, 32)",True
2426,channel,4794.714065698457,0.5,-0.1,turbulent,1072a4f934ec3477c1134b1d1f9a75c0b07993fd3ee52a3915720f0223f63e20,0.0,0.0,0.0,"{'mean': -0.029256356969529614, 'std': 0.9833217427687496, 'min': -3.6484128252147836, 'max': 3.1788536793675353, 'skewness': -0.04588912403417841, 'kurtosis': 0.09801182439059009}",3,1,"[0, 2]",2,"(32, 32)",True
1804,channel,1029.4736842105262,0.5,-0.25,laminar,7c3aee1fd0a63df8a9c2100a6e91b21970a4fac8afd8d1476307c6596533b3d5,0.0,0.0,0.0,"{'mean': -0.029256356969529614, 'std': 0.9833217427687496, 'min': -3.6484128252147836, 'max': 3.1788536793675353, 'skewness': -0.04588912403417841, 'kurtosis': 0.09801182439059009}",3,1,"[0, 2]",2,"(32, 32)",True
2852,channel,35175.3891372923,0.5,-0.15,turbulent,c6528a6b34db921b201134aff3be4e613556ffa28ab170d11b1840c77e7fc828,0.0,0.0,0.0,"{'mean': -0.029256356969529614, 'std': 0.9833217427687496, 'min': -3.6484128252147836, 'max': 3.1788536793675353, 'skewness': -0.04588912403417841, 'kurtosis': 0.09801182439059009}",3,1,"[0, 2]",2,"(32, 32)",True
224,pipe,637.3684210526316,2.5,-0.25,laminar,575467b5680a3b191d2bbedc6f009dc61d39badddbb067460e8c8828fcfeb2ed,0.0,0.0,0.0,"{'mean': 0.6451612903225806, 'std': 0.31691168593614655, 'min': 0.0, 'max': 0.9989594172736732, 'skewness': -0.6304339420761846, 'kurtosis': -0.882180438157667}",3,1,"[0, 1]",2,"(32, 32)",True
2444,channel,4794.714065698457,2.0,-0.25,turbulent,9e5c3ed1756437a7c8bc8bb70c7c70d73ae78ff79683fcb4215fcf4c085e78c1,0.0010001659393310547,0.0,0.0010001659393310547,"{'mean': -0.029256356969529614, 'std': 0.9833217427687496, 'min': -3.6484128252147836, 'max': 3.1788536793675353, 'skewness': -0.04588912403417841, 'kurtosis': 0.09801182439059009}",3,1,"[0, 2]",2,"(32, 32)",True
2604,channel,10892.693033225416,0.5,-0.25,turbulent,7633785cfbdca00e664d6c960db92fca47edc4be485d1c3f62dd7059f929fff4,0.0,0.0,0.0,"{'mean': -0.029256356969529614, 'std': 0.9833217427687496, 'min': -3.6484128252147836, 'max': 3.1788536793675353, 'skewness': -0.04588912403417841, 'kurtosis': 0.09801182439059009}",3,1,"[0, 2]",2,"(32, 32)",True
4305,cavity,31284.451574100145,1.0,-0.05,turbulent,2d53ac562018c92baac9efa702188b5628fa625c2fade11309341d7bae6ce773,0.0,0.0,0.0,"{'mean': 0.6451612903225806, 'std': 0.31691168593614655, 'min': 0.0, 'max': 0.9989594172736732, 'skewness': -0.6304339420761846, 'kurtosis': -0.882180438157667}",3,1,"[0, 1]",2,"(32, 32)",True
2589,channel,9687.79411023482,1.5,-0.25,turbulent,38ff911952057f0746e5d74833264523f6cc4a4ca7f19683515c1332aaf7ca90,0.0,0.0,0.0,"{'mean': 0.6451612903225806, 'std': 0.31691168593614655, 'min': 0.0, 'max': 0.9989594172736732, 'skewness': -0.6304339420761846, 'kurtosis': -0.882180438157667}",3,1,"[0, 1]",2,"(32, 32)",True
1332,pipe,27823.91138509389,1.0,-0.15,turbulent,463a4dd67a6da1e92b24b0fd40facccdab22b1c4afe5b51646bea56d240ff1e6,0.0009872913360595703,0.0,0.0009872913360595703,"{'mean': -0.029256356969529614, 'std': 0.9833217427687496, 'min': -3.6484128252147836, 'max': 3.1788536793675353, 'skewness': -0.04588912403417841, 'kurtosis': 0.09801182439059009}",3,1,"[0, 2]",2,"(32, 32)",True
1326,pipe,27823.91138509389,0.5,-0.1,turbulent,659c9320e7c669005304d5f29d3b62d2d2cfabf448962a7a873c749dc7eb0084,0.0,0.0,0.0,"{'mean': -0.029256356969529614, 'std': 0.9833217427687496, 'min': -3.6484128252147836, 'max': 3.1788536793675353, 'skewness': -0.04588912403417841, 'kurtosis': 0.09801182439059009}",3,1,"[0, 2]",2,"(32, 32)",True
1125,pipe,10892.693033225416,0.5,-0.05,turbulent,17af4c3cc9532d084dadcadbdc3026a101931d305b75078bfb8f9c9f9edeb419,0.0,0.0,0.0,"{'mean': 0.6451612903225806, 'std': 0.31691168593614655, 'min': 0.0, 'max': 0.9989594172736732, 'skewness': -0.6304339420761846, 'kurtosis': -0.882180438157667}",3,1,"[0, 1]",2,"(32, 32)",True
3260,cavity,951.0526315789473,1.5,-0.05,laminar,8adca627b8185fc94e57bd176b9e8bd37438f9b98cb837e7682698c6d13cdd32,0.0,0.0,0.0,"{'mean': 0.6451612903225806, 'std': 0.31691168593614655, 'min': 0.0, 'max': 0.9989594172736732, 'skewness': -0.6304339420761846, 'kurtosis': -0.882180438157667}",3,1,"[0, 1]",2,"(32, 32)",True
445,pipe,1343.157894736842,2.5,-0.05,laminar,0bd729f35cf39c719ef65daf537d70ae33b68c7db38ada914e0bdc379d3f54c5,0.0,0.0,0.0,"{'mean': -0.029256356969529614, 'std': 0.9833217427687496, 'min': -3.6484128252147836, 'max': 3.1788536793675353, 'skewness': -0.04588912403417841, 'kurtosis': 0.09801182439059009}",3,1,"[0, 2]",2,"(32, 32)",True
2999,cavity,88.42105263157895,2.5,-0.25,laminar,f388804f59e16ef3583c2c4f74cf2eb4f8acf67a7e53f51c3aca06afeb8a3dac,0.0,0.0,0.0,"{'mean': -0.029256356969529614, 'std': 0.9833217427687496, 'min': -3.6484128252147836, 'max': 3.1788536793675353, 'skewness': -0.04588912403417841, 'kurtosis': 0.09801182439059009}",3,1,"[0, 2]",2,"(32, 32)",True
3039,cavity,245.26315789473682,1.5,-0.25,laminar,c82415d50bb6ef2e04fc3d2ee3dbbee8556e91e448bf11ee8be38917bcf65d82,0.0009975433349609375,0.0,0.0009975433349609375,"{'mean': -0.029256356969529614, 'std': 0.9833217427687496, 'min': -3.6484128252147836, 'max': 3.1788536793675353, 'skewness': -0.04588912403417841, 'kurtosis': 0.09801182439059009}",3,1,"[0, 2]",2,"(32, 32)",True
1162,pipe,12247.448713915892,1.5,-0.15,turbulent,431ded0a0d2adaa8665089d02f0c83419afeced062a93ed252e018b98abb9da6,0.0,0.0,0.0,"{'mean': 0.6451612903225806, 'std': 0.31691168593614655, 'min': 0.0, 'max': 0.9989594172736732, 'skewness': -0.6304339420761846, 'kurtosis': -0.882180438157667}",3,1,"[0, 1]",2,"(32, 32)",True
149,pipe,402.10526315789474,2.5,-0.25,laminar,926fc992c8f51a079c0aa0906df0b58563a1d27eb8c011d06c1778a26336c9b4,0.0,0.0,0.0,"{'mean': -0.029256356969529614, 'std': 0.9833217427687496, 'min': -3.6484128252147836, 'max': 3.1788536793675353, 'skewness': -0.04588912403417841, 'kurtosis': 0.09801182439059009}",3,1,"[0, 2]",2,"(32, 32)",True
3842,cavity,3373.118661259842,2.0,-0.15,turbulent,e77522075c456de9e104d148ca20447249fb64fa60b8d62f8ca07989054275ff,0.0,0.0,0.0,"{'mean': 0.6451612903225806, 'std': 0.31691168593614655, 'min': 0.0, 'max': 0.9989594172736732, 'skewness': -0.6304339420761846, 'kurtosis': -0.882180438157667}",3,1,"[0, 1]",2,"(32, 32)",True
4421,cavity,49999.99999999999,2.5,-0.1,turbulent,2c76e0c8884cab48cafcb807948700053328063620f2eb0347d911d1bd3a9fd7,0.0,0.0,0.0,"{'mean': -0.029256356969529614, 'std': 0.9833217427687496, 'min': -3.6484128252147836, 'max': 3.1788536793675353, 'skewness': -0.04588912403417841, 'kurtosis': 0.09801182439059009}",3,1,"[0, 2]",2,"(32, 32)",True
1129,pipe,10892.693033225416,0.5,-0.25,turbulent,13da6f85b1df0b7669b59e041c41db62e008adb935623b7d4a453560b09d3eba,0.0,0.0,0.0,"{'mean': 0.6451612903225806, 'std': 0.31691168593614655, 'min': 0.0, 'max': 0.9989594172736732, 'skewness': -0.6304339420761846, 'kurtosis': -0.882180438157667}",3,1,"[0, 1]",2,"(32, 32)",True
1542,channel,166.8421052631579,2.0,-0.15,laminar,c12f38b561e7f9f8ef9a09bd3a5e3d913d89163b5de85376ec6f74a4b4f11ff9,0.0,0.0,0.0,"{'mean': -0.029256356969529614, 'std': 0.9833217427687496, 'min': -3.6484128252147836, 'max': 3.1788536793675353, 'skewness': -0.04588912403417841, 'kurtosis': 0.09801182439059009}",3,1,"[0, 2]",2,"(32, 32)",True
528,pipe,1714.2857142857142,0.5,-0.2,transition,370931ea6ad2c23e5232d210fe15547f3da9be1fda1b46cedadeceb82675710a,0.0,0.0,0.0,"{'mean': -0.029256356969529614, 'std': 0.9833217427687496, 'min': -3.6484128252147836, 'max': 3.1788536793675353, 'skewness': -0.04588912403417841, 'kurtosis': 0.09801182439059009}",3,1,"[0, 2]",2,"(32, 32)",True
4072,cavity,9687.79411023482,2.5,-0.15,turbulent,66d2e30b47660da73a5dfed6855c5334134257ccde1cd2dbbbf95672b13aefe2,0.0,0.0,0.0,"{'mean': -0.029256356969529614, 'std': 0.9833217427687496, 'min': -3.6484128252147836, 'max': 3.1788536793675353, 'skewness': -0.04588912403417841, 'kurtosis': 0.09801182439059009}",3,1,"[0, 2]",2,"(32, 32)",True
2479,channel,6061.546514029872,0.5,-0.25,turbulent,51755847b0533168b717476e7d844f2f9978fb9adb798b026c94671a99972ce0,0.0,0.0,0.0,"{'mean': -0.029256356969529614, 'std': 0.9833217427687496, 'min': -3.6484128252147836, 'max': 3.1788536793675353, 'skewness': -0.04588912403417841, 'kurtosis': 0.09801182439059009}",3,1,"[0, 2]",2,"(32, 32)",True
4364,cavity,39550.25383869249,1.5,-0.25,turbulent,345ad0e46aa0ff8b8307289f11196a6aadc0146f1a3a98ad6b8a27f24def3d63,0.0,0.0,0.0,"{'mean': -0.029256356969529614, 'std': 0.9833217427687496, 'min': -3.6484128252147836, 'max': 3.1788536793675353, 'skewness': -0.04588912403417841, 'kurtosis': 0.09801182439059009}",3,1,"[0, 2]",2,"(32, 32)",True
4400,cavity,49999.99999999999,0.5,-0.05,turbulent,7902d292a885e25701eb85cd9c32dd918f9dbd7b342b2ddb73152535e5db45f7,0.0,0.0,0.0,"{'mean': -0.029256356969529614, 'std': 0.9833217427687496, 'min': -3.6484128252147836, 'max': 3.1788536793675353, 'skewness': -0.04588912403417841, 'kurtosis': 0.09801182439059009}",3,1,"[0, 2]",2,"(32, 32)",True
1032,pipe,6815.438554189565,1.0,-0.15,turbulent,c700b84a09d458992b200141f202f19cbb36d6cfef9e36d9a8cc62c0bcff47f6,0.0,0.0,0.0,"{'mean': 0.6451612903225806, 'std': 0.31691168593614655, 'min': 0.0, 'max': 0.9989594172736732, 'skewness': -0.6304339420761846, 'kurtosis': -0.882180438157667}",3,1,"[0, 1]",2,"(32, 32)",True
584,pipe,1928.5714285714284,1.0,-0.25,transition,bc35829a3b805c5364d717fe78f6b4e4e82e9a8f394a2a42120958ced06dbec7,0.0,0.0,0.0,"{'mean': 0.6451612903225806, 'std': 0.31691168593614655, 'min': 0.0, 'max': 0.9989594172736732, 'skewness': -0.6304339420761846, 'kurtosis': -0.882180438157667}",3,1,"[0, 1]",2,"(32, 32)",True
3264,cavity,951.0526315789473,1.5,-0.25,laminar,c8b8d4a238d3c0ea41b807abf4a45f7844e8225e42a4896b7a582c0c8a9e7a6f,0.0,0.0,0.0,"{'mean': -0.029256356969529614, 'std': 0.9833217427687496, 'min': -3.6484128252147836, 'max': 3.1788536793675353, 'skewness': -0.04588912403417841, 'kurtosis': 0.09801182439059009}",3,1,"[0, 2]",2,"(32, 32)",True
1845,channel,1107.8947368421052,2.5,-0.05,laminar,5eae98b86baa031dac1581cb4971fadea48f32cfac0865076ffd7b98e539880d,0.0,0.0,0.0,"{'mean': -0.029256356969529614, 'std': 0.9833217427687496, 'min': -3.6484128252147836, 'max': 3.1788536793675353, 'skewness': -0.04588912403417841, 'kurtosis': 0.09801182439059009}",3,1,"[0, 2]",2,"(32, 32)",True
130,pipe,402.10526315789474,1.0,-0.05,laminar,0f3ba45d5cd1698820a87dbea8c4ea42681ea9680cff5245723db7e68e02a28b,0.0,0.0,0.0,"{'mean': -0.029256356969529614, 'std': 0.9833217427687496, 'min': -3.6484128252147836, 'max': 3.1788536793675353, 'skewness': -0.04588912403417841, 'kurtosis': 0.09801182439059009}",3,1,"[0, 2]",2,"(32, 32)",True
2073,channel,1928.5714285714284,2.5,-0.2,transition,e08c53f6ec17aeb5da7efcd8af32deca4e238bdea37f2ab0913c687784af7cef,0.0,0.0,0.0,"{'mean': 0.6451612903225806, 'std': 0.31691168593614655, 'min': 0.0, 'max': 0.9989594172736732, 'skewness': -0.6304339420761846, 'kurtosis': -0.882180438157667}",3,1,"[0, 1]",2,"(32, 32)",True
2575,channel,9687.79411023482,0.5,-0.05,turbulent,114c3e50d8489531cf80d10c9fefb5af9fd1fb094fc90a52eb9b958dfed93444,0.0,0.0,0.0,"{'mean': -0.029256356969529614, 'std': 0.9833217427687496, 'min': -3.6484128252147836, 'max': 3.1788536793675353, 'skewness': -0.04588912403417841, 'kurtosis': 0.09801182439059009}",3,1,"[0, 2]",2,"(32, 32)",True
1488,channel,10.0,1.5,-0.2,laminar,9f01ac4515518f035adf7875d8f2675ea8d19837a74538a5d6d18457a476de56,0.0,0.0,0.0,"{'mean': -0.029256356969529614, 'std': 0.9833217427687496, 'min': -3.6484128252147836, 'max': 3.1788536793675353, 'skewness': -0.04588912403417841, 'kurtosis': 0.09801182439059009}",3,1,"[0, 2]",2,"(32, 32)",True
2074,channel,1928.5714285714284,2.5,-0.25,transition,db93ef8f111acf79a12496567e6499a4bb9b0d983f5fa8cebd3374833881a8ae,0.0,0.0,0.0,"{'mean': -0.029256356969529614, 'std': 0.9833217427687496, 'min': -3.6484128252147836, 'max': 3.1788536793675353, 'skewness': -0.04588912403417841, 'kurtosis': 0.09801182439059009}",3,1,"[0, 2]",2,"(32, 32)",True
3623,cavity,2250.0,2.5,-0.2,transition,4dd854ad31c1ba9a675c7679ad29af816bb7ba3b8c7da5a191a3dd6d2026457a,0.0,0.0,0.0,"{'mean': -0.029256356969529614, 'std': 0.9833217427687496, 'min': -3.6484128252147836, 'max': 3.1788536793675353, 'skewness': -0.04588912403417841, 'kurtosis': 0.09801182439059009}",3,1,"[0, 2]",2,"(32, 32)",True
4133,cavity,13770.69926991083,1.0,-0.2,turbulent,7b53ff5655586fc8b75624c7a9baddb86aa7c461917b3eda84a75bae741265b7,0.0,0.0,0.0,"{'mean': -0.029256356969529614, 'std': 0.9833217427687496, 'min': -3.6484128252147836, 'max': 3.1788536793675353, 'skewness': -0.04588912403417841, 'kurtosis': 0.09801182439059009}",3,1,"[0, 2]",2,"(32, 32)",True
4012,cavity,7663.09432393553,1.5,-0.15,turbulent,8f8b92a6ad4ec872a7b5db8f3a6df37859c96019732bca34e786583bc128a3c4,0.0,0.0,0.0,"{'mean': -0.029256356969529614, 'std': 0.9833217427687496, 'min': -3.6484128252147836, 'max': 3.1788536793675353, 'skewness': -0.04588912403417841, 'kurtosis': 0.09801182439059009}",3,1,"[0, 2]",2,"(32, 32)",True
3852,cavity,3792.643167646458,0.5,-0.15,turbulent,94b2370c70e5099604d529a8d9f40229c3b49cad723391634616863e8c000d82,0.0,0.0,0.0,"{'mean': -0.029256356969529614, 'std': 0.9833217427687496, 'min': -3.6484128252147836, 'max': 3.1788536793675353, 'skewness': -0.04588912403417841, 'kurtosis': 0.09801182439059009}",3,1,"[0, 2]",2,"(32, 32)",True
3502,cavity,1821.4285714285716,0.5,-0.15,transition,a247722511644ba07b00a19af75927126cdae958d9d29e6e0fad89bd67e85fc0,0.0,0.0,0.0,"{'mean': -0.029256356969529614, 'std': 0.9833217427687496, 'min': -3.6484128252147836, 'max': 3.1788536793675353, 'skewness': -0.04588912403417841, 'kurtosis': 0.09801182439059009}",3,1,"[0, 2]",2,"(32, 32)",True
1874,channel,1186.3157894736842,2.5,-0.25,laminar,e9e60ef66c03845abb599cc1fe2d045f4d7db8e44d3e7cf6fec99e083f31c75e,0.0,0.0,0.0,"{'mean': -0.029256356969529614, 'std': 0.9833217427687496, 'min': -3.6484128252147836, 'max': 3.1788536793675353, 'skewness': -0.04588912403417841, 'kurtosis': 0.09801182439059009}",3,1,"[0, 2]",2,"(32, 32)",True
2924,channel,44469.233093619056,2.5,-0.25,turbulent,84ac6cdaf127504d29395143c5e24d5aa375baf6f755ac5c8878a945d06b5758,0.0,0.0,0.0,"{'mean': -0.029256356969529614, 'std': 0.9833217427687496, 'min': -3.6484128252147836, 'max': 3.1788536793675353, 'skewness': -0.04588912403417841, 'kurtosis': 0.09801182439059009}",3,1,"[0, 2]",2,"(32, 32)",True
3356,cavity,1264.7368421052631,1.0,-0.1,laminar,c1ccb4f010d4995d044498fccc23bf1605f457010ab6785f36e1f1689a73f3c2,0.0,0.0,0.0,"{'mean': -0.029256356969529614, 'std': 0.9833217427687496, 'min': -3.6484128252147836, 'max': 3.1788536793675353, 'skewness': -0.04588912403417841, 'kurtosis': 0.09801182439059009}",3,1,"[0, 2]",2,"(32, 32)",True
576,pipe,1928.5714285714284,0.5,-0.1,transition,58ee8bb716c22bc1e63ca51e05234121e3c3a45738fe6f824da389861edb9c82,0.0,0.0,0.0,"{'mean': -0.029256356969529614, 'std': 0.9833217427687496, 'min': -3.6484128252147836, 'max': 3.1788536793675353, 'skewness': -0.04588912403417841, 'kurtosis': 0.09801182439059009}",3,1,"[0, 2]",2,"(32, 32)",True
4219,cavity,19574.338205844306,2.0,-0.25,turbulent,d521e09280f085bbf4081a3f3a278aba91ed28173f87f048c36538da5adf8e75,0.0,0.0,0.0,"{'mean': -0.029256356969529614, 'std': 0.9833217427687496, 'min': -3.6484128252147836, 'max': 3.1788536793675353, 'skewness': -0.04588912403417841, 'kurtosis': 0.09801182439059009}",3,1,"[0, 2]",2,"(32, 32)",True
2286,channel,2892.857142857143,1.5,-0.1,turbulent,4a46fe49581c194cef37e8bdd22b0e199b4fda6f3ca438a489323888d98a01e9,0.0,0.0,0.0,"{'mean': 0.6451612903225806, 'std': 0.31691168593614655, 'min': 0.0, 'max': 0.9989594172736732, 'skewness': -0.6304339420761846, 'kurtosis': -0.882180438157667}",3,1,"[0, 1]",2,"(32, 32)",True
4290,cavity,27823.91138509389,2.0,-0.05,turbulent,6a29b5792a1e087b66145ca9844511d0ca0bcd7d226be8f37c81fbba1e1246e1,0.0,0.0,0.0,"{'mean': -0.029256356969529614, 'std': 0.9833217427687496, 'min': -3.6484128252147836, 'max': 3.1788536793675353, 'skewness': -0.04588912403417841, 'kurtosis': 0.09801182439059009}",3,1,"[0, 2]",2,"(32, 32)",True
4093,cavity,10892.693033225416,2.0,-0.2,turbulent,212dc41247aa778612b54031a147f4ac2c9aa15e5171322820b0165854bdaa00,0.0,0.0,0.0,"{'mean': -0.029256356969529614, 'std': 0.9833217427687496, 'min': -3.6484128252147836, 'max': 3.1788536793675353, 'skewness': -0.04588912403417841, 'kurtosis': 0.09801182439059009}",3,1,"[0, 2]",2,"(32, 32)",True
2002,channel,1714.2857142857142,0.5,-0.15,transition,1cc057e37ad336c75213875a4f7824ae62e8245db90928fec3988c691f5e7ef5,0.0010001659393310547,0.0,0.0010001659393310547,"{'mean': -0.029256356969529614, 'std': 0.9833217427687496, 'min': -3.6484128252147836, 'max': 3.1788536793675353, 'skewness': -0.04588912403417841, 'kurtosis': 0.09801182439059009}",3,1,"[0, 2]",2,"(32, 32)",True
370,pipe,1107.8947368421052,2.5,-0.05,laminar,c16f00562329147ba8f9a7ab93d2e4ba19bb6895f7d8628a99f8a0b216b7c684,0.0,0.0,0.0,"{'mean': -0.029256356969529614, 'std': 0.9833217427687496, 'min': -3.6484128252147836, 'max': 3.1788536793675353, 'skewness': -0.04588912403417841, 'kurtosis': 0.09801182439059009}",3,1,"[0, 2]",2,"(32, 32)",True
4025,cavity,8616.175489020434,0.5,-0.05,turbulent,95310413017500f83116c4d1a821d17d17f72e5200d7d00c75538cab310d0fc4,0.0,0.0,0.0,"{'mean': 0.6451612903225806, 'std': 0.31691168593614655, 'min': 0.0, 'max': 0.9989594172736732, 'skewness': -0.6304339420761846, 'kurtosis': -0.882180438157667}",3,1,"[0, 1]",2,"(32, 32)",True
1265,pipe,19574.338205844306,2.0,-0.05,turbulent,97eaa7c3b8664e10bf69c15b1f8731cbb992d8eea148535e2267cf780fbfd6fe,0.0,0.0,0.0,"{'mean': 0.6451612903225806, 'std': 0.31691168593614655, 'min': 0.0, 'max': 0.9989594172736732, 'skewness': -0.6304339420761846, 'kurtosis': -0.882180438157667}",3,1,"[0, 1]",2,"(32, 32)",True
2588,channel,9687.79411023482,1.5,-0.2,turbulent,52674731b79a354750a5883071cdcc2cb3075e9bb6a79869dadce1f7ab7e9c05,0.0,0.0,0.0,"{'mean': -0.029256356969529614, 'std': 0.9833217427687496, 'min': -3.6484128252147836, 'max': 3.1788536793675353, 'skewness': -0.04588912403417841, 'kurtosis': 0.09801182439059009}",3,1,"[0, 2]",2,"(32, 32)",True
27,pipe,88.42105263157895,0.5,-0.15,laminar,a3edbae63f00d3d5e269dee6eb1e40d0346a9030c535f32c7a7f2f3422e9aea2,0.0,0.0009999275207519531,0.0009999275207519531,"{'mean': -0.029256356969529614, 'std': 0.9833217427687496, 'min': -3.6484128252147836, 'max': 3.1788536793675353, 'skewness': -0.04588912403417841, 'kurtosis': 0.09801182439059009}",3,1,"[0, 2]",2,"(32, 32)",True
737,pipe,2571.4285714285716,1.5,-0.15,turbulent,41fdc3e431dab95454f075b8b05801e7eb21fea6725f81d85c8315686a5791f5,0.0,0.0,0.0,"{'mean': -0.029256356969529614, 'std': 0.9833217427687496, 'min': -3.6484128252147836, 'max': 3.1788536793675353, 'skewness': -0.04588912403417841, 'kurtosis': 0.09801182439059009}",3,1,"[0, 2]",2,"(32, 32)",True
4090,cavity,10892.693033225416,2.0,-0.05,turbulent,c9f71917bf473cf8de66371845d0c79266f6b5d3b7199f0293bcf80a7c6199b1,0.0,0.0,0.0,"{'mean': -0.029256356969529614, 'std': 0.9833217427687496, 'min': -3.6484128252147836, 'max': 3.1788536793675353, 'skewness': -0.04588912403417841, 'kurtosis': 0.09801182439059009}",3,1,"[0, 2]",2,"(32, 32)",True
4153,cavity,15483.400895311179,0.5,-0.2,turbulent,ba8c435d9ea533aaa6ede957b98bc30d2e2eee0e8ef4ba4b6d3453fc9f3e0984,0.0,0.0,0.0,"{'mean': 0.6451612903225806, 'std': 0.31691168593614655, 'min': 0.0, 'max': 0.9989594172736732, 'skewness': -0.6304339420761846, 'kurtosis': -0.882180438157667}",3,1,"[0, 1]",2,"(32, 32)",True
4193,cavity,17409.116166580472,2.0,-0.2,turbulent,21380e9606a4445268d016963851b921ec6eb2cb6fe795f1cbe778070417e753,0.0,0.0,0.0,"{'mean': 0.6451612903225806, 'std': 0.31691168593614655, 'min': 0.0, 'max': 0.9989594172736732, 'skewness': -0.6304339420761846, 'kurtosis': -0.882180438157667}",3,1,"[0, 1]",2,"(32, 32)",True
453,pipe,1421.578947368421,0.5,-0.2,laminar,03449756aa85c928b8ce9bb1970d2a097238b63a519553f8e1b296c97321a281,0.0,0.0,0.0,"{'mean': -0.029256356969529614, 'std': 0.9833217427687496, 'min': -3.6484128252147836, 'max': 3.1788536793675353, 'skewness': -0.04588912403417841, 'kurtosis': 0.09801182439059009}",3,1,"[0, 2]",2,"(32, 32)",True
4045,cavity,8616.175489020434,2.5,-0.05,turbulent,31c1dda774713adeb64fb171408729ef7468cca2fccfef9dad6875a87502b374,0.0,0.0,0.0,"{'mean': -0.029256356969529614, 'std': 0.9833217427687496, 'min': -3.6484128252147836, 'max': 3.1788536793675353, 'skewness': -0.04588912403417841, 'kurtosis': 0.09801182439059009}",3,1,"[0, 2]",2,"(32, 32)",True
1552,channel,245.26315789473682,0.5,-0.15,laminar,9ed65e5bb7ada6aa11274bdca700fa79ec8f928f89502bc339850182c3ac871a,0.0,0.0,0.0,"{'mean': -0.029256356969529614, 'std': 0.9833217427687496, 'min': -3.6484128252147836, 'max': 3.1788536793675353, 'skewness': -0.04588912403417841, 'kurtosis': 0.09801182439059009}",3,1,"[0, 2]",2,"(32, 32)",True
3915,cavity,4794.714065698457,2.0,-0.05,turbulent,a3ef3628f6d17a6ba39a6ac82545151c8bb93338763f1887f374fc5f70273f16,0.0,0.0,0.0,"{'mean': -0.029256356969529614, 'std': 0.9833217427687496, 'min': -3.6484128252147836, 'max': 3.1788536793675353, 'skewness': -0.04588912403417841, 'kurtosis': 0.09801182439059009}",3,1,"[0, 2]",2,"(32, 32)",True
2731,channel,19574.338205844306,1.0,-0.1,turbulent,c9a1621fbefcaaacddda53f4ff65aacf795f22f91081cbd9b008c376fb986784,0.0,0.0,0.0,"{'mean': -0.029256356969529614, 'std': 0.9833217427687496, 'min': -3.6484128252147836, 'max': 3.1788536793675353, 'skewness': -0.04588912403417841, 'kurtosis': 0.09801182439059009}",3,1,"[0, 2]",2,"(32, 32)",True
3834,cavity,3373.118661259842,1.0,-0.25,turbulent,a349d318ed21ff0e807a07e18c8bf19f539d958051059f5cfde2422de9fe7c92,0.0,0.0,0.0,"{'mean': 0.6451612903225806, 'std': 0.31691168593614655, 'min': 0.0, 'max': 0.9989594172736732, 'skewness': -0.6304339420761846, 'kurtosis': -0.882180438157667}",3,1,"[0, 1]",2,"(32, 32)",True
4415,cavity,49999.99999999999,2.0,-0.05,turbulent,937ee446c1adc17a18ec30403f01aa03c4778ecd5d86a8df2cb2d7056735003c,0.0,0.0,0.0,"{'mean': 0.6451612903225806, 'std': 0.31691168593614655, 'min': 0.0, 'max': 0.9989594172736732, 'skewness': -0.6304339420761846, 'kurtosis': -0.882180438157667}",3,1,"[0, 1]",2,"(32, 32)",True
1494,channel,10.0,2.0,-0.25,laminar,053b6a85dd9161b3e1f2d63033124e8bb940e0f234fd58fd80d6ac8ca7d714d6,0.0,0.0,0.0,"{'mean': -0.029256356969529614, 'std': 0.9833217427687496, 'min': -3.6484128252147836, 'max': 3.1788536793675353, 'skewness': -0.04588912403417841, 'kurtosis': 0.09801182439059009}",3,1,"[0, 2]",2,"(32, 32)",True
1948,channel,1421.578947368421,2.5,-0.2,laminar,73b6797eb39075a5530ccf9fe13656983f081e3da5893a51dc12cce9fbdfcf51,0.0,0.0,0.0,"{'mean': -0.029256356969529614, 'std': 0.9833217427687496, 'min': -3.6484128252147836, 'max': 3.1788536793675353, 'skewness': -0.04588912403417841, 'kurtosis': 0.09801182439059009}",3,1,"[0, 2]",2,"(32, 32)",True
4214,cavity,19574.338205844306,1.5,-0.25,turbulent,815f5f64ba835ba6ab1d270d4b1097fdb6cd680e1633418630f0ec1abb176327,0.0,0.0,0.0,"{'mean': -0.029256356969529614, 'std': 0.9833217427687496, 'min': -3.6484128252147836, 'max': 3.1788536793675353, 'skewness': -0.04588912403417841, 'kurtosis': 0.09801182439059009}",3,1,"[0, 2]",2,"(32, 32)",True
360,pipe,1107.8947368421052,1.5,-0.05,laminar,21344436746af2da1f90429586fa94365018e44fc3ae283f7662d5a85e16387f,0.000989675521850586,0.0,0.000989675521850586,"{'mean': -0.029256356969529614, 'std': 0.9833217427687496, 'min': -3.6484128252147836, 'max': 3.1788536793675353, 'skewness': -0.04588912403417841, 'kurtosis': 0.09801182439059009}",3,1,"[0, 2]",2,"(32, 32)",True
1416,pipe,39550.25383869249,2.0,-0.1,turbulent,b9f3d5a2e597800074718e536c2b1d0cde7e3406327b1915c4945266212f92ef,0.0,0.0,0.0,"{'mean': -0.029256356969529614, 'std': 0.9833217427687496, 'min': -3.6484128252147836, 'max': 3.1788536793675353, 'skewness': -0.04588912403417841, 'kurtosis': 0.09801182439059009}",3,1,"[0, 2]",2,"(32, 32)",True
2530,channel,7663.09432393553,1.0,-0.05,turbulent,fec3bc84e9e4e88d19adcdfee9830dade14a058808358b4ad839da29d701a13f,0.0,0.0,0.0,"{'mean': -0.029256356969529614, 'std': 0.9833217427687496, 'min': -3.6484128252147836, 'max': 3.1788536793675353, 'skewness': -0.04588912403417841, 'kurtosis': 0.09801182439059009}",3,1,"[0, 2]",2,"(32, 32)",True
3309,cavity,1107.8947368421052,1.0,-0.25,laminar,f5f1d6ea5f8571a223a392ea421c503892763ea973106f4ebb4801ce0cae5a31,0.0,0.0,0.0,"{'mean': 0.6451612903225806, 'std': 0.31691168593614655, 'min': 0.0, 'max': 0.9989594172736732, 'skewness': -0.6304339420761846, 'kurtosis': -0.882180438157667}",3,1,"[0, 1]",2,"(32, 32)",True
4201,cavity,19574.338205844306,0.5,-0.1,turbulent,3543fd03293b63cdbf8902c7500aceeaffbf515326b9ec8ad292b28f2d1c6d71,0.0,0.0,0.0,"{'mean': -0.029256356969529614, 'std': 0.9833217427687496, 'min': -3.6484128252147836, 'max': 3.1788536793675353, 'skewness': -0.04588912403417841, 'kurtosis': 0.09801182439059009}",3,1,"[0, 2]",2,"(32, 32)",True
507,pipe,1607.142857142857,1.0,-0.15,transition,110451b606d148f10321445e09a0e852bcec8134918a626f4fa68b06bad8043d,0.0,0.0,0.0,"{'mean': -0.029256356969529614, 'std': 0.9833217427687496, 'min': -3.6484128252147836, 'max': 3.1788536793675353, 'skewness': -0.04588912403417841, 'kurtosis': 0.09801182439059009}",3,1,"[0, 2]",2,"(32, 32)",True
1428,pipe,44469.233093619056,0.5,-0.2,turbulent,981af6411a76263c0531e4de1756423351e8273780d2f1508a5ee869ca2b1093,0.0,0.0,0.0,"{'mean': 0.6451612903225806, 'std': 0.31691168593614655, 'min': 0.0, 'max': 0.9989594172736732, 'skewness': -0.6304339420761846, 'kurtosis': -0.882180438157667}",3,1,"[0, 1]",2,"(32, 32)",True
537,pipe,1714.2857142857142,1.5,-0.15,transition,a242499521738a718b1afd49ca61e8e8c8ce14ce06e9b463df9ba853bb536c52,0.0,0.0009949207305908203,0.0009949207305908203,"{'mean': 0.6451612903225806, 'std': 0.31691168593614655, 'min': 0.0, 'max': 0.9989594172736732, 'skewness': -0.6304339420761846, 'kurtosis': -0.882180438157667}",3,1,"[0, 1]",2,"(32, 32)",True
582,pipe,1928.5714285714284,1.0,-0.15,transition,9cdffc9363d2f33b511e70d7266711cd5a2705731e62212599fff67785838ee2,0.0,0.0,0.0,"{'mean': -0.029256356969529614, 'std': 0.9833217427687496, 'min': -3.6484128252147836, 'max': 3.1788536793675353, 'skewness': -0.04588912403417841, 'kurtosis': 0.09801182439059009}",3,1,"[0, 2]",2,"(32, 32)",True
3597,cavity,2142.857142857143,2.5,-0.15,transition,8a94de402fc67aad1ead1e17d0b4dd1965ed46cf7fbb548f9b42146001fe04db,0.0,0.0,0.0,"{'mean': -0.029256356969529614, 'std': 0.9833217427687496, 'min': -3.6484128252147836, 'max': 3.1788536793675353, 'skewness': -0.04588912403417841, 'kurtosis': 0.09801182439059009}",3,1,"[0, 2]",2,"(32, 32)",True
2443,channel,4794.714065698457,2.0,-0.2,turbulent,43198b596c34322553e304a6d437764e6628da4dede367c98d3583c64b3042e3,0.0,0.0,0.0,"{'mean': -0.029256356969529614, 'std': 0.9833217427687496, 'min': -3.6484128252147836, 'max': 3.1788536793675353, 'skewness': -0.04588912403417841, 'kurtosis': 0.09801182439059009}",3,1,"[0, 2]",2,"(32, 32)",True
3518,cavity,1821.4285714285716,2.0,-0.2,transition,e70e470b852f3b2678393c793af82aaa4f943f7d441ec9e8c8a5b4b72a5adb04,0.0,0.0,0.0,"{'mean': -0.029256356969529614, 'std': 0.9833217427687496, 'min': -3.6484128252147836, 'max': 3.1788536793675353, 'skewness': -0.04588912403417841, 'kurtosis': 0.09801182439059009}",3,1,"[0, 2]",2,"(32, 32)",True
1369,pipe,31284.451574100145,2.0,-0.25,turbulent,b203504ba108cc2eb5a5d11d173a60cbd921e61c52ee7a6666713af335e6a3a5,0.0,0.0,0.0,"{'mean': -0.029256356969529614, 'std': 0.9833217427687496, 'min': -3.6484128252147836, 'max': 3.1788536793675353, 'skewness': -0.04588912403417841, 'kurtosis': 0.09801182439059009}",3,1,"[0, 2]",2,"(32, 32)",True
366,pipe,1107.8947368421052,2.0,-0.1,laminar,d2a9125cad036fe5885094f0befe516ec070ebccdb49d2c7f79aedf43b02588d,0.0,0.0,0.0,"{'mean': 0.6451612903225806, 'std': 0.31691168593614655, 'min': 0.0, 'max': 0.9989594172736732, 'skewness': -0.6304339420761846, 'kurtosis': -0.882180438157667}",3,1,"[0, 1]",2,"(32, 32)",True
447,pipe,1343.157894736842,2.5,-0.15,laminar,de2a267a67ddebedd75372213408b5a4589248e5d82c76ea2729777b4d8aefdc,0.0,0.0,0.0,"{'mean': -0.029256356969529614, 'std': 0.9833217427687496, 'min': -3.6484128252147836, 'max': 3.1788536793675353, 'skewness': -0.04588912403417841, 'kurtosis': 0.09801182439059009}",3,1,"[0, 2]",2,"(32, 32)",True
1870,channel,1186.3157894736842,2.5,-0.05,laminar,4b44d345ab09d4335dbe18e435b8d579dfe9db12352126c0e88159226f5c2d5c,0.0,0.0,0.0,"{'mean': -0.029256356969529614, 'std': 0.9833217427687496, 'min': -3.6484128252147836, 'max': 3.1788536793675353, 'skewness': -0.04588912403417841, 'kurtosis': 0.09801182439059009}",3,1,"[0, 2]",2,"(32, 32)",True
548,pipe,1714.2857142857142,2.5,-0.2,transition,8254dff59e7862d9de62cc498a34ecf4e4967b3849f34c5d3fc5042f3860640f,0.0,0.0,0.0,"{'mean': -0.029256356969529614, 'std': 0.9833217427687496, 'min': -3.6484128252147836, 'max': 3.1788536793675353, 'skewness': -0.04588912403417841, 'kurtosis': 0.09801182439059009}",3,1,"[0, 2]",2,"(32, 32)",True
3808,cavity,3000.0000000000014,1.0,-0.2,turbulent,b49e6e9f7b32b1bae26e1e7c2d9e229717dce079f189322b7036094d267c8674,0.0,0.0,0.0,"{'mean': -0.029256356969529614, 'std': 0.9833217427687496, 'min': -3.6484128252147836, 'max': 3.1788536793675353, 'skewness': -0.04588912403417841, 'kurtosis': 0.09801182439059009}",3,1,"[0, 2]",2,"(32, 32)",True
1616,channel,402.10526315789474,2.0,-0.1,laminar,bd4727030123b85cf812b24c27ee8c76bc4f375db836018f0282914a24273b4c,0.0,0.0,0.0,"{'mean': -0.029256356969529614, 'std': 0.9833217427687496, 'min': -3.6484128252147836, 'max': 3.1788536793675353, 'skewness': -0.04588912403417841, 'kurtosis': 0.09801182439059009}",3,1,"[0, 2]",2,"(32, 32)",True
1259,pipe,19574.338205844306,1.0,-0.25,turbulent,4b34dc28c62fb20ab958fa60391db5469ebf331fe148da4e1bc4d277cd3a4286,0.0,0.0009789466857910156,0.0009789466857910156,"{'mean': 0.6451612903225806, 'std': 0.31691168593614655, 'min': 0.0, 'max': 0.9989594172736732, 'skewness': -0.6304339420761846, 'kurtosis': -0.882180438157667}",3,1,"[0, 1]",2,"(32, 32)",True
1757,channel,872.6315789473684,1.0,-0.15,laminar,8bfe81749d0fb200ba726897d73da2a81609beab88a71a5b7c27f0e8342a1b43,0.0,0.0,0.0,"{'mean': -0.029256356969529614, 'std': 0.9833217427687496, 'min': -3.6484128252147836, 'max': 3.1788536793675353, 'skewness': -0.04588912403417841, 'kurtosis': 0.09801182439059009}",3,1,"[0, 2]",2,"(32, 32)",True
566,pipe,1821.4285714285716,2.0,-0.1,transition,1afd79e54e89ed315718fe91c6af229f2c775f28cded6d8a40a718709960fa15,0.0,0.0,0.0,"{'mean': -0.029256356969529614, 'std': 0.9833217427687496, 'min': -3.6484128252147836, 'max': 3.1788536793675353, 'skewness': -0.04588912403417841, 'kurtosis': 0.09801182439059009}",3,1,"[0, 2]",2,"(32, 32)",True
4046,cavity,8616.175489020434,2.5,-0.1,turbulent,f46648d9c64ae6fe0df43ec9f1ecb545708a2cb844dd40b64a9c14fb7a9661b9,0.0,0.0,0.0,"{'mean': -0.029256356969529614, 'std': 0.9833217427687496, 'min': -3.6484128252147836, 'max': 3.1788536793675353, 'skewness': -0.04588912403417841, 'kurtosis': 0.09801182439059009}",3,1,"[0, 2]",2,"(32, 32)",True
743,pipe,2571.4285714285716,2.0,-0.2,turbulent,0d5bbeba91f0eef167a52cc5034e066e176a11bfe1a4e9001cc48a563e6bfef6,0.0,0.0,0.0,"{'mean': -0.029256356969529614, 'std': 0.9833217427687496, 'min': -3.6484128252147836, 'max': 3.1788536793675353, 'skewness': -0.04588912403417841, 'kurtosis': 0.09801182439059009}",3,1,"[0, 2]",2,"(32, 32)",True
3,pipe,10.0,0.5,-0.2,laminar,8b5d7100fa4ff85bf7303c3340b5c48af8f84171a0e15b2b7d7736b340f23567,0.0,0.0,0.0,"{'mean': 0.6451612903225806, 'std': 0.31691168593614655, 'min': 0.0, 'max': 0.9989594172736732, 'skewness': -0.6304339420761846, 'kurtosis': -0.882180438157667}",3,1,"[0, 1]",2,"(32, 32)",True
1370,pipe,31284.451574100145,2.5,-0.05,turbulent,6f2cd1c25b66bde16816b3417d0b61f5ceb2c45dbb15ecd5c93d9c7f07efd305,0.0,0.0,0.0,"{'mean': 0.6451612903225806, 'std': 0.31691168593614655, 'min': 0.0, 'max': 0.9989594172736732, 'skewness': -0.6304339420761846, 'kurtosis': -0.882180438157667}",3,1,"[0, 1]",2,"(32, 32)",True
139,pipe,402.10526315789474,1.5,-0.25,laminar,b60a432714bbf9705e18942caa06e0a888afe995b42b93f61e8db2526b0145d2,0.0,0.0,0.0,"{'mean': -0.029256356969529614, 'std': 0.9833217427687496, 'min': -3.6484128252147836, 'max': 3.1788536793675353, 'skewness': -0.04588912403417841, 'kurtosis': 0.09801182439059009}",3,1,"[0, 2]",2,"(32, 32)",True
3940,cavity,5391.046496804163,2.0,-0.05,turbulent,21badb6adf94ff150619256ecb358ebeefd355140e13e9faabd0e785a09274e8,0.0,0.0,0.0,"{'mean': -0.029256356969529614, 'std': 0.9833217427687496, 'min': -3.6484128252147836, 'max': 3.1788536793675353, 'skewness': -0.04588912403417841, 'kurtosis': 0.09801182439059009}",3,1,"[0, 2]",2,"(32, 32)",True
1055,pipe,7663.09432393553,1.0,-0.05,turbulent,37c2185814204210ad2ab9422f4df6b52501e5410f04acb574cad159b63fdf1e,0.0,0.0,0.0,"{'mean': -0.029256356969529614, 'std': 0.9833217427687496, 'min': -3.6484128252147836, 'max': 3.1788536793675353, 'skewness': -0.04588912403417841, 'kurtosis': 0.09801182439059009}",3,1,"[0, 2]",2,"(32, 32)",True
458,pipe,1421.578947368421,1.0,-0.2,laminar,a811282fae44e743a18866b5f3f2ccd5892782d26e6f51c06ff9474a2fe824d8,0.0,0.0,0.0,"{'mean': 0.6451612903225806, 'std': 0.31691168593614655, 'min': 0.0, 'max': 0.9989594172736732, 'skewness': -0.6304339420761846, 'kurtosis': -0.882180438157667}",3,1,"[0, 1]",2,"(32, 32)",True
2495,channel,6061.546514029872,2.5,-0.05,turbulent,a13d4ff970cbb186ba8fed7bbab1358471ede82012ec134efb5f740f161a41ed,0.0,0.0,0.0,"{'mean': -0.029256356969529614, 'std': 0.9833217427687496, 'min': -3.6484128252147836, 'max': 3.1788536793675353, 'skewness': -0.04588912403417841, 'kurtosis': 0.09801182439059009}",3,1,"[0, 2]",2,"(32, 32)",True
1000,pipe,6061.546514029872,0.5,-0.05,turbulent,5dce73e57676d738954505f59c73d83efdff615c45c0bd7d0a24b76826cdf774,0.0,0.0,0.0,"{'mean': -0.029256356969529614, 'std': 0.9833217427687496, 'min': -3.6484128252147836, 'max': 3.1788536793675353, 'skewness': -0.04588912403417841, 'kurtosis': 0.09801182439059009}",3,1,"[0, 2]",2,"(32, 32)",True
4418,cavity,49999.99999999999,2.0,-0.2,turbulent,2e811b5d305436e4efcf5b56896eff7a34ab3a0c50400fa81a61deaf0b9092a6,0.0,0.0,0.0,"{'mean': -0.029256356969529614, 'std': 0.9833217427687496, 'min': -3.6484128252147836, 'max': 3.1788536793675353, 'skewness': -0.04588912403417841, 'kurtosis': 0.09801182439059009}",3,1,"[0, 2]",2,"(32, 32)",True
4379,cavity,44469.233093619056,0.5,-0.25,turbulent,e96a844de6e841d207856fb15e75ab24192ba0d2511114d9678a22e3eafe873b,0.0,0.0,0.0,"{'mean': -0.029256356969529614, 'std': 0.9833217427687496, 'min': -3.6484128252147836, 'max': 3.1788536793675353, 'skewness': -0.04588912403417841, 'kurtosis': 0.09801182439059009}",3,1,"[0, 2]",2,"(32, 32)",True
658,pipe,2250.0,1.0,-0.2,transition,12e4aa3a76f1b881cf15788ea264814fd5419509bbda5a1ca2befc7e286465b8,0.0,0.0,0.0,"{'mean': -0.029256356969529614, 'std': 0.9833217427687496, 'min': -3.6484128252147836, 'max': 3.1788536793675353, 'skewness': -0.04588912403417841, 'kurtosis': 0.09801182439059009}",3,1,"[0, 2]",2,"(32, 32)",True
1115,pipe,9687.79411023482,2.0,-0.05,turbulent,e484be23db08685ce03aaf6ad21d4c3b41acf37700d323212182be1f1ecd1ecd,0.0,0.0,0.0,"{'mean': -0.029256356969529614, 'std': 0.9833217427687496, 'min': -3.6484128252147836, 'max': 3.1788536793675353, 'skewness': -0.04588912403417841, 'kurtosis': 0.09801182439059009}",3,1,"[0, 2]",2,"(32, 32)",True
2828,channel,31284.451574100145,0.5,-0.2,turbulent,fae12fb369e3e10f52209c7686a8ccb8f547e8d5e2746f2217a3b0206be34ca1,0.0,0.0,0.0,"{'mean': -0.029256356969529614, 'std': 0.9833217427687496, 'min': -3.6484128252147836, 'max': 3.1788536793675353, 'skewness': -0.04588912403417841, 'kurtosis': 0.09801182439059009}",3,1,"[0, 2]",2,"(32, 32)",True
2242,channel,2678.5714285714284,2.0,-0.15,turbulent,bf1857101ff96daa5991cdb4a57306473fefab724d3a3fce7ab5e54f6e87f305,0.0,0.0,0.0,"{'mean': -0.029256356969529614, 'std': 0.9833217427687496, 'min': -3.6484128252147836, 'max': 3.1788536793675353, 'skewness': -0.04588912403417841, 'kurtosis': 0.09801182439059009}",3,1,"[0, 2]",2,"(32, 32)",True
2386,channel,3792.643167646458,1.5,-0.1,turbulent,be10281340b890074864d6a56ecc185d0165cafbb8dd667631acfd4ac0092e83,0.0,0.0,0.0,"{'mean': -0.029256356969529614, 'std': 0.9833217427687496, 'min': -3.6484128252147836, 'max': 3.1788536793675353, 'skewness': -0.04588912403417841, 'kurtosis': 0.09801182439059009}",3,1,"[0, 2]",2,"(32, 32)",True
1742,channel,794.2105263157895,2.0,-0.15,laminar,59406a5f421a0beab3c951f1561430992360bfcf7dd0513b609a71566350c025,0.0,0.0,0.0,"{'mean': 0.6451612903225806, 'std': 0.31691168593614655, 'min': 0.0, 'max': 0.9989594172736732, 'skewness': -0.6304339420761846, 'kurtosis': -0.882180438157667}",3,1,"[0, 1]",2,"(32, 32)",True
3918,cavity,4794.714065698457,2.0,-0.2,turbulent,9b9a916ccfe229dc97c4f7d04abff4c9f6e3d28e946961117778a4eef174f531,0.0,0.0,0.0,"{'mean': 0.6451612903225806, 'std': 0.31691168593614655, 'min': 0.0, 'max': 0.9989594172736732, 'skewness': -0.6304339420761846, 'kurtosis': -0.882180438157667}",3,1,"[0, 1]",2,"(32, 32)",True
1033,pipe,6815.438554189565,1.0,-0.2,turbulent,79ce8774a560e7cb4ae666d4c0e17d5e824e2a9236823c90a24f561248c14f52,0.0,0.0,0.0,"{'mean': -0.029256356969529614, 'std': 0.9833217427687496, 'min': -3.6484128252147836, 'max': 3.1788536793675353, 'skewness': -0.04588912403417841, 'kurtosis': 0.09801182439059009}",3,1,"[0, 2]",2,"(32, 32)",True
4018,cavity,7663.09432393553,2.0,-0.2,turbulent,9ef76ef7adfd195188c4169019f3dde810da3300fc70f03185189458ccf6e8a0,0.0,0.0,0.0,"{'mean': -0.029256356969529614, 'std': 0.9833217427687496, 'min': -3.6484128252147836, 'max': 3.1788536793675353, 'skewness': -0.04588912403417841, 'kurtosis': 0.09801182439059009}",3,1,"[0, 2]",2,"(32, 32)",True
4177,cavity,17409.116166580472,0.5,-0.15,turbulent,34fa8bb57212d6375a9e2a722eeba8de99a5cc6c778a0815580eb51c85075dca,0.0,0.0,0.0,"{'mean': 0.6451612903225806, 'std': 0.31691168593614655, 'min': 0.0, 'max': 0.9989594172736732, 'skewness': -0.6304339420761846, 'kurtosis': -0.882180438157667}",3,1,"[0, 1]",2,"(32, 32)",True
1267,pipe,19574.338205844306,2.0,-0.15,turbulent,4c9496c013d14bc98fe1ad2120910a36cfcd012d975619fe6bea008673976aef,0.0,0.0,0.0,"{'mean': -0.029256356969529614, 'std': 0.9833217427687496, 'min': -3.6484128252147836, 'max': 3.1788536793675353, 'skewness': -0.04588912403417841, 'kurtosis': 0.09801182439059009}",3,1,"[0, 2]",2,"(32, 32)",True
2161,channel,2357.142857142857,1.5,-0.1,transition,cd3b957b0ad274eee19fac2f570ea076929f6fa23e5668b235990469608c008f,0.0,0.0,0.0,"{'mean': -0.029256356969529614, 'std': 0.9833217427687496, 'min': -3.6484128252147836, 'max': 3.1788536793675353, 'skewness': -0.04588912403417841, 'kurtosis': 0.09801182439059009}",3,1,"[0, 2]",2,"(32, 32)",True
1557,channel,245.26315789473682,1.0,-0.15,laminar,106b90f06f5b09a35f6c6d7dd046260c57027dbe841d53291b4060b5c52e6a0e,0.0009837150573730469,0.0,0.0009837150573730469,"{'mean': -0.029256356969529614, 'std': 0.9833217427687496, 'min': -3.6484128252147836, 'max': 3.1788536793675353, 'skewness': -0.04588912403417841, 'kurtosis': 0.09801182439059009}",3,1,"[0, 2]",2,"(32, 32)",True
4098,cavity,10892.693033225416,2.5,-0.2,turbulent,3474c34918e9ad94a7c9eafedb11ee65d71c033cff69ebd483fed49013ae0d76,0.0,0.0,0.0,"{'mean': -0.029256356969529614, 'std': 0.9833217427687496, 'min': -3.6484128252147836, 'max': 3.1788536793675353, 'skewness': -0.04588912403417841, 'kurtosis': 0.09801182439059009}",3,1,"[0, 2]",2,"(32, 32)",True
3797,cavity,3000.0,2.5,-0.15,turbulent,4fa5bf4fe30adc09143e3f5f9ef125727c06bfab06b14d72366fa084e0321478,0.0,0.0,0.0,"{'mean': -0.029256356969529614, 'std': 0.9833217427687496, 'min': -3.6484128252147836, 'max': 3.1788536793675353, 'skewness': -0.04588912403417841, 'kurtosis': 0.09801182439059009}",3,1,"[0, 2]",2,"(32, 32)",True
3929,cavity,5391.046496804163,0.5,-0.25,turbulent,3368b998e2977583cb83085ea4a650ec87f8e9a610a0e4f5981f8408d6d09cd4,0.0,0.0,0.0,"{'mean': -0.029256356969529614, 'std': 0.9833217427687496, 'min': -3.6484128252147836, 'max': 3.1788536793675353, 'skewness': -0.04588912403417841, 'kurtosis': 0.09801182439059009}",3,1,"[0, 2]",2,"(32, 32)",True
3790,cavity,3000.0,2.0,-0.05,turbulent,28e9aec0cc60063c1ddeab9537cb19ff83a96cf08ae3b77b6e34daf74bba648f,0.0,0.0,0.0,"{'mean': 0.6451612903225806, 'std': 0.31691168593614655, 'min': 0.0, 'max': 0.9989594172736732, 'skewness': -0.6304339420761846, 'kurtosis': -0.882180438157667}",3,1,"[0, 1]",2,"(32, 32)",True
4409,cavity,49999.99999999999,1.0,-0.25,turbulent,1b9abfb60551f61c1a90e672a7a3fcdea959f2ae25ec64e00120da214bfc842d,0.0,0.0,0.0,"{'mean': 0.6451612903225806, 'std': 0.31691168593614655, 'min': 0.0, 'max': 0.9989594172736732, 'skewness': -0.6304339420761846, 'kurtosis': -0.882180438157667}",3,1,"[0, 1]",2,"(32, 32)",True
1782,channel,951.0526315789473,1.0,-0.15,laminar,d2b08b4f10d10b5752b095c050872dffee24a6829b7754d278d0b5ead67c7818,0.0,0.0,0.0,"{'mean': -0.029256356969529614, 'std': 0.9833217427687496, 'min': -3.6484128252147836, 'max': 3.1788536793675353, 'skewness': -0.04588912403417841, 'kurtosis': 0.09801182439059009}",3,1,"[0, 2]",2,"(32, 32)",True
3645,cavity,2357.142857142857,2.5,-0.05,transition,aaeb85405c49f0a7381d50174974ca07c34333e4bb94b56cd39bdc1296dd8ef0,0.0,0.0,0.0,"{'mean': 0.6451612903225806, 'std': 0.31691168593614655, 'min': 0.0, 'max': 0.9989594172736732, 'skewness': -0.6304339420761846, 'kurtosis': -0.882180438157667}",3,1,"[0, 1]",2,"(32, 32)",True
3425,cavity,1500.0,0.5,-0.05,laminar,fbe897d188083a0cbea5f181f92333bfda9dde8a9888bbf2e7692cc127947deb,0.0,0.0,0.0,"{'mean': -0.029256356969529614, 'std': 0.9833217427687496, 'min': -3.6484128252147836, 'max': 3.1788536793675353, 'skewness': -0.04588912403417841, 'kurtosis': 0.09801182439059009}",3,1,"[0, 2]",2,"(32, 32)",True
600,pipe,2035.7142857142858,0.5,-0.05,transition,407142065424e39d43dbd1ea244d5b1d99d8a975a5357b661f23f2d29bd4bd90,0.0,0.0,0.0,"{'mean': -0.029256356969529614, 'std': 0.9833217427687496, 'min': -3.6484128252147836, 'max': 3.1788536793675353, 'skewness': -0.04588912403417841, 'kurtosis': 0.09801182439059009}",3,1,"[0, 2]",2,"(32, 32)",True
3368,cavity,1264.7368421052631,2.0,-0.2,laminar,69752fe371394136c3a172495a9bb559ea0659f97d29f78cf8a1044d2eabf474,0.0,0.0,0.0,"{'mean': -0.029256356969529614, 'std': 0.9833217427687496, 'min': -3.6484128252147836, 'max': 3.1788536793675353, 'skewness': -0.04588912403417841, 'kurtosis': 0.09801182439059009}",3,1,"[0, 2]",2,"(32, 32)",True
2108,channel,2142.857142857143,1.0,-0.2,transition,88f8e5224f40290fa142aac34b69a5212134c44265721ba1d759c50eed97a7bc,0.0,0.0,0.0,"{'mean': -0.029256356969529614, 'std': 0.9833217427687496, 'min': -3.6484128252147836, 'max': 3.1788536793675353, 'skewness': -0.04588912403417841, 'kurtosis': 0.09801182439059009}",3,1,"[0, 2]",2,"(32, 32)",True
3291,cavity,1029.4736842105262,2.0,-0.1,laminar,f44d9234c4f77c896df0c6e5201af88f7ee37a66708b071620a4e25b632793e6,0.0,0.0,0.0,"{'mean': -0.029256356969529614, 'std': 0.9833217427687496, 'min': -3.6484128252147836, 'max': 3.1788536793675353, 'skewness': -0.04588912403417841, 'kurtosis': 0.09801182439059009}",3,1,"[0, 2]",2,"(32, 32)",True
2310,channel,3000.0,1.5,-0.05,turbulent,61a3700bb9972da7932dd352e4c668a6d1c6fb84a0548947ec8e26209598322b,0.0,0.0,0.0,"{'mean': -0.029256356969529614, 'std': 0.9833217427687496, 'min': -3.6484128252147836, 'max': 3.1788536793675353, 'skewness': -0.04588912403417841, 'kurtosis': 0.09801182439059009}",3,1,"[0, 2]",2,"(32, 32)",True
3710,cavity,2678.5714285714284,1.5,-0.05,turbulent,0bcd3023188cc3ee479fc323590bc95afa22cce714e798275b6c7a2e3012d1cf,0.0,0.0,0.0,"{'mean': -0.029256356969529614, 'std': 0.9833217427687496, 'min': -3.6484128252147836, 'max': 3.1788536793675353, 'skewness': -0.04588912403417841, 'kurtosis': 0.09801182439059009}",3,1,"[0, 2]",2,"(32, 32)",True
1857,channel,1186.3157894736842,1.0,-0.15,laminar,e4fb674502ceed54eb5f69a06146fac9d02967228175cb9ac86a0b746613a8b2,0.0,0.0,0.0,"{'mean': 0.6451612903225806, 'std': 0.31691168593614655, 'min': 0.0, 'max': 0.9989594172736732, 'skewness': -0.6304339420761846, 'kurtosis': -0.882180438157667}",3,1,"[0, 1]",2,"(32, 32)",True
3430,cavity,1500.0,1.0,-0.05,laminar,c0d466cf8caae08f26747c1fbd729ea631d5f686ef9bebcbb5ba3159b3e30606,0.0,0.0,0.0,"{'mean': -0.029256356969529614, 'std': 0.9833217427687496, 'min': -3.6484128252147836, 'max': 3.1788536793675353, 'skewness': -0.04588912403417841, 'kurtosis': 0.09801182439059009}",3,1,"[0, 2]",2,"(32, 32)",True
1485,channel,10.0,1.5,-0.05,laminar,1edb8720962ab72539dbb3f2bc44103a6d622ff5f17b809b12e50fa1bf027476,0.0,0.0,0.0,"{'mean': -0.029256356969529614, 'std': 0.9833217427687496, 'min': -3.6484128252147836, 'max': 3.1788536793675353, 'skewness': -0.04588912403417841, 'kurtosis': 0.09801182439059009}",3,1,"[0, 2]",2,"(32, 32)",True
3991,cavity,6815.438554189565,2.0,-0.1,turbulent,97b32ff7fffedafd412b5f34dcf89d1c7a16b4b3001db7813013fd15f30b6cd6,0.0,0.0,0.0,"{'mean': 0.6451612903225806, 'std': 0.31691168593614655, 'min': 0.0, 'max': 0.9989594172736732, 'skewness': -0.6304339420761846, 'kurtosis': -0.882180438157667}",3,1,"[0, 1]",2,"(32, 32)",True
3030,cavity,245.26315789473682,1.0,-0.05,laminar,017f5fcb1c512ff8a0de2bd2310e92fe7215b7205d4bf5b55cbc1e7504a7dcfc,0.0,0.0,0.0,"{'mean': 0.6451612903225806, 'std': 0.31691168593614655, 'min': 0.0, 'max': 0.9989594172736732, 'skewness': -0.6304339420761846, 'kurtosis': -0.882180438157667}",3,1,"[0, 1]",2,"(32, 32)",True
3817,cavity,3000.0000000000014,2.0,-0.15,turbulent,dee11f5f9301db1077bd99b572a6df8e966316d2b1efbeb6b407dcbbf46280bb,0.0,0.0,0.0,"{'mean': -0.029256356969529614, 'std': 0.9833217427687496, 'min': -3.6484128252147836, 'max': 3.1788536793675353, 'skewness': -0.04588912403417841, 'kurtosis': 0.09801182439059009}",3,1,"[0, 2]",2,"(32, 32)",True
3330,cavity,1186.3157894736842,1.0,-0.05,laminar,dd0183e332fa9860c447512e25f8aa551949240b9ddfaec5ee3b655787305d0d,0.0,0.0,0.0,"{'mean': 0.6451612903225806, 'std': 0.31691168593614655, 'min': 0.0, 'max': 0.9989594172736732, 'skewness': -0.6304339420761846, 'kurtosis': -0.882180438157667}",3,1,"[0, 1]",2,"(32, 32)",True
744,pipe,2571.4285714285716,2.0,-0.25,turbulent,2ef7478d5e9c5505fe15810e1b9a03230b4f26033deb033be2821b663afcb433,0.0,0.0,0.0,"{'mean': -0.029256356969529614, 'std': 0.9833217427687496, 'min': -3.6484128252147836, 'max': 3.1788536793675353, 'skewness': -0.04588912403417841, 'kurtosis': 0.09801182439059009}",3,1,"[0, 2]",2,"(32, 32)",True
2284,channel,2892.857142857143,1.0,-0.25,turbulent,f521a159158152d93742005beecc97bbf3d0253925f8975705bdd07eabb6a4f6,0.0,0.0,0.0,"{'mean': -0.029256356969529614, 'std': 0.9833217427687496, 'min': -3.6484128252147836, 'max': 3.1788536793675353, 'skewness': -0.04588912403417841, 'kurtosis': 0.09801182439059009}",3,1,"[0, 2]",2,"(32, 32)",True
3243,cavity,872.6315789473684,2.0,-0.2,laminar,9f069acce02b0277ae7e51814604159f6acb052c7a3dd217f71c2f7e97770cc6,0.0,0.0,0.0,"{'mean': 0.6451612903225806, 'std': 0.31691168593614655, 'min': 0.0, 'max': 0.9989594172736732, 'skewness': -0.6304339420761846, 'kurtosis': -0.882180438157667}",3,1,"[0, 1]",2,"(32, 32)",True
3668,cavity,2464.285714285714,2.0,-0.2,transition,eb634af01d538aed2a346e109916900dc87589f30091152d9d3a1664cd28943d,0.0,0.0,0.0,"{'mean': -0.029256356969529614, 'std': 0.9833217427687496, 'min': -3.6484128252147836, 'max': 3.1788536793675353, 'skewness': -0.04588912403417841, 'kurtosis': 0.09801182439059009}",3,1,"[0, 2]",2,"(32, 32)",True
3431,cavity,1500.0,1.0,-0.1,laminar,d95a8ba8a864b089021dc67371d1dc2d8ea4fd7cf56f979be20795dd2cf7ba6c,0.0,0.0,0.0,"{'mean': -0.029256356969529614, 'std': 0.9833217427687496, 'min': -3.6484128252147836, 'max': 3.1788536793675353, 'skewness': -0.04588912403417841, 'kurtosis': 0.09801182439059009}",3,1,"[0, 2]",2,"(32, 32)",True
3166,cavity,637.3684210526316,2.0,-0.1,laminar,eab8d3ca4a6662705dd20f95610864206bf349c4cf2243ead0e0020c0849354d,0.0,0.0,0.0,"{'mean': -0.029256356969529614, 'std': 0.9833217427687496, 'min': -3.6484128252147836, 'max': 3.1788536793675353, 'skewness': -0.04588912403417841, 'kurtosis': 0.09801182439059009}",3,1,"[0, 2]",2,"(32, 32)",True
1860,channel,1186.3157894736842,1.5,-0.05,laminar,6d805e9cb102af8c555a7e379247ebc6e5d8ca5b0baaffb762767181b5f2b329,0.0,0.0,0.0,"{'mean': -0.029256356969529614, 'std': 0.9833217427687496, 'min': -3.6484128252147836, 'max': 3.1788536793675353, 'skewness': -0.04588912403417841, 'kurtosis': 0.09801182439059009}",3,1,"[0, 2]",2,"(32, 32)",True
3127,cavity,558.9473684210526,0.5,-0.15,laminar,80b05052a62a4be6f7aedd6c522a5847db64e73f2842b374ea268802f4ba1d52,0.0,0.0,0.0,"{'mean': -0.029256356969529614, 'std': 0.9833217427687496, 'min': -3.6484128252147836, 'max': 3.1788536793675353, 'skewness': -0.04588912403417841, 'kurtosis': 0.09801182439059009}",3,1,"[0, 2]",2,"(32, 32)",True
76,pipe,245.26315789473682,0.5,-0.1,laminar,9a1fe6abb869dd804a9c9a653cc41af91c8c9860cf1aac41a3aa64bc7bfadae8,0.0009992122650146484,0.0,0.0009992122650146484,"{'mean': 0.6451612903225806, 'std': 0.31691168593614655, 'min': 0.0, 'max': 0.9989594172736732, 'skewness': -0.6304339420761846, 'kurtosis': -0.882180438157667}",3,1,"[0, 1]",2,"(32, 32)",True
4203,cavity,19574.338205844306,0.5,-0.2,turbulent,8a50a79e82530b221cc3c90bbdb2f985663d222c5042b19166476454e7346961,0.0,0.0,0.0,"{'mean': -0.029256356969529614, 'std': 0.9833217427687496, 'min': -3.6484128252147836, 'max': 3.1788536793675353, 'skewness': -0.04588912403417841, 'kurtosis': 0.09801182439059009}",3,1,"[0, 2]",2,"(32, 32)",True
1093,pipe,8616.175489020434,2.0,-0.2,turbulent,e9053fca7f1a22f10b45d6a7aefea2f5e6e006a5af19251e05f8b70fc563c2fa,0.0,0.0,0.0,"{'mean': -0.029256356969529614, 'std': 0.9833217427687496, 'min': -3.6484128252147836, 'max': 3.1788536793675353, 'skewness': -0.04588912403417841, 'kurtosis': 0.09801182439059009}",3,1,"[0, 2]",2,"(32, 32)",True
102,pipe,323.6842105263158,0.5,-0.15,laminar,8388156156c08f2a2387d26cf4514d09d275d5f1afb6807745d5a73b310b5719,0.0,0.0,0.0,"{'mean': 0.6451612903225806, 'std': 0.31691168593614655, 'min': 0.0, 'max': 0.9989594172736732, 'skewness': -0.6304339420761846, 'kurtosis': -0.882180438157667}",3,1,"[0, 1]",2,"(32, 32)",True
4049,cavity,8616.175489020434,2.5,-0.25,turbulent,aa0b230f8f02ec1ac6e657aa30b57c890caefc7a1242b4131ac7e6753cfbb02e,0.0,0.0,0.0,"{'mean': 0.6451612903225806, 'std': 0.31691168593614655, 'min': 0.0, 'max': 0.9989594172736732, 'skewness': -0.6304339420761846, 'kurtosis': -0.882180438157667}",3,1,"[0, 1]",2,"(32, 32)",True
4101,cavity,12247.448713915892,0.5,-0.1,turbulent,12359a6fc1e64db80c34a15ed577ad7148b4a2522648bd3a8bc28fa88c0e7e4d,0.0,0.0,0.0,"{'mean': 0.6451612903225806, 'std': 0.31691168593614655, 'min': 0.0, 'max': 0.9989594172736732, 'skewness': -0.6304339420761846, 'kurtosis': -0.882180438157667}",3,1,"[0, 1]",2,"(32, 32)",True
1352,pipe,31284.451574100145,0.5,-0.15,turbulent,9c7c5d817d7203a79b99e18deb5ec44ca2a4841c7291ce71d8138954d8fc2a0f,0.0,0.0,0.0,"{'mean': 0.6451612903225806, 'std': 0.31691168593614655, 'min': 0.0, 'max': 0.9989594172736732, 'skewness': -0.6304339420761846, 'kurtosis': -0.882180438157667}",3,1,"[0, 1]",2,"(32, 32)",True
2132,channel,2250.0,1.0,-0.15,transition,94044c8fd54e593205088484a6b0c5270343a9cca170b19407c798eba7f68a71,0.0,0.0,0.0,"{'mean': -0.029256356969529614, 'std': 0.9833217427687496, 'min': -3.6484128252147836, 'max': 3.1788536793675353, 'skewness': -0.04588912403417841, 'kurtosis': 0.09801182439059009}",3,1,"[0, 2]",2,"(32, 32)",True
44,pipe,88.42105263157895,2.0,-0.25,laminar,6fd78ae64f7201b1a1d991ec0a596ba7e97e1e589415d131bb3945169241df3c,0.0,0.0,0.0,"{'mean': 0.6451612903225806, 'std': 0.31691168593614655, 'min': 0.0, 'max': 0.9989594172736732, 'skewness': -0.6304339420761846, 'kurtosis': -0.882180438157667}",3,1,"[0, 1]",2,"(32, 32)",True
3218,cavity,794.2105263157895,2.0,-0.2,laminar,45d1fa89d49380799e48591854fc96a064a72b33283181d7af85325980b2652e,0.0,0.0,0.0,"{'mean': 0.6451612903225806, 'std': 0.31691168593614655, 'min': 0.0, 'max': 0.9989594172736732, 'skewness': -0.6304339420761846, 'kurtosis': -0.882180438157667}",3,1,"[0, 1]",2,"(32, 32)",True
2987,cavity,88.42105263157895,1.5,-0.15,laminar,f0200f9be40546e7ffb983700eed2930bc85a963ff7423b1c0904ccf4f08972a,0.0,0.0,0.0,"{'mean': -0.029256356969529614, 'std': 0.9833217427687496, 'min': -3.6484128252147836, 'max': 3.1788536793675353, 'skewness': -0.04588912403417841, 'kurtosis': 0.09801182439059009}",3,1,"[0, 2]",2,"(32, 32)",True
393,pipe,1186.3157894736842,2.0,-0.2,laminar,7c6dfa091ce779e0ddf74222368ed591be6701749188f36369b78476dcfd51b1,0.0,0.0,0.0,"{'mean': -0.029256356969529614, 'std': 0.9833217427687496, 'min': -3.6484128252147836, 'max': 3.1788536793675353, 'skewness': -0.04588912403417841, 'kurtosis': 0.09801182439059009}",3,1,"[0, 2]",2,"(32, 32)",True
314,pipe,951.0526315789473,1.5,-0.25,laminar,c7ada592152f4f1087a2c77609eb85ccf9a4498de9c7804a1b497681f3a0dc1e,0.0,0.0,0.0,"{'mean': -0.029256356969529614, 'std': 0.9833217427687496, 'min': -3.6484128252147836, 'max': 3.1788536793675353, 'skewness': -0.04588912403417841, 'kurtosis': 0.09801182439059009}",3,1,"[0, 2]",2,"(32, 32)",True
591,pipe,1928.5714285714284,2.0,-0.1,transition,65cff0ddfef7bf446aa7442709469a256a883cdb22ec0c0407e5baa2783f4166,0.0,0.0,0.0,"{'mean': 0.6451612903225806, 'std': 0.31691168593614655, 'min': 0.0, 'max': 0.9989594172736732, 'skewness': -0.6304339420761846, 'kurtosis': -0.882180438157667}",3,1,"[0, 1]",2,"(32, 32)",True
3709,cavity,2678.5714285714284,1.0,-0.25,turbulent,f40f48a6ecfb30633309fb8d1df831e04771bb094709250c2719a317b7ba312d,0.0,0.0,0.0,"{'mean': -0.029256356969529614, 'std': 0.9833217427687496, 'min': -3.6484128252147836, 'max': 3.1788536793675353, 'skewness': -0.04588912403417841, 'kurtosis': 0.09801182439059009}",3,1,"[0, 2]",2,"(32, 32)",True
2825,channel,31284.451574100145,0.5,-0.05,turbulent,f9fd1cc5786ef44e2eed286529985d6b9a340bf058328857ad12cbc737404b91,0.0,0.0,0.0,"{'mean': 0.6451612903225806, 'std': 0.31691168593614655, 'min': 0.0, 'max': 0.9989594172736732, 'skewness': -0.6304339420761846, 'kurtosis': -0.882180438157667}",3,1,"[0, 1]",2,"(32, 32)",True
1843,channel,1107.8947368421052,2.0,-0.2,laminar,dfe0ecec540d00a78a5d1024d55c84441765cab4fcbde2474b29ab22d2cfd4ad,0.0,0.0,0.0,"{'mean': -0.029256356969529614, 'std': 0.9833217427687496, 'min': -3.6484128252147836, 'max': 3.1788536793675353, 'skewness': -0.04588912403417841, 'kurtosis': 0.09801182439059009}",3,1,"[0, 2]",2,"(32, 32)",True
2718,channel,17409.116166580472,2.0,-0.2,turbulent,e596f8b39834661d5ffd890ed9839620841cd183b5deffe816aa0c85de4dcbc4,0.0,0.0,0.0,"{'mean': -0.029256356969529614, 'std': 0.9833217427687496, 'min': -3.6484128252147836, 'max': 3.1788536793675353, 'skewness': -0.04588912403417841, 'kurtosis': 0.09801182439059009}",3,1,"[0, 2]",2,"(32, 32)",True
95,pipe,245.26315789473682,2.5,-0.05,laminar,bf2c1fcec82b82e86ecdacb17bb7083a819f4daa5e4bb709988fbba64faaabc4,0.0,0.0,0.0,"{'mean': -0.029256356969529614, 'std': 0.9833217427687496, 'min': -3.6484128252147836, 'max': 3.1788536793675353, 'skewness': -0.04588912403417841, 'kurtosis': 0.09801182439059009}",3,1,"[0, 2]",2,"(32, 32)",True
731,pipe,2571.4285714285716,1.0,-0.1,turbulent,aff4c5158cf23f3de99c9fc6cb97f5fb9ca44d83fcfc01f7e542238cb6a2ebc9,0.0,0.0,0.0,"{'mean': -0.029256356969529614, 'std': 0.9833217427687496, 'min': -3.6484128252147836, 'max': 3.1788536793675353, 'skewness': -0.04588912403417841, 'kurtosis': 0.09801182439059009}",3,1,"[0, 2]",2,"(32, 32)",True
356,pipe,1107.8947368421052,1.0,-0.1,laminar,529fe5800bb8ac6f7d582687099f09601e9a0db205a18f8c5b556776227a4a0c,0.0,0.0,0.0,"{'mean': 0.6451612903225806, 'std': 0.31691168593614655, 'min': 0.0, 'max': 0.9989594172736732, 'skewness': -0.6304339420761846, 'kurtosis': -0.882180438157667}",3,1,"[0, 1]",2,"(32, 32)",True
1049,pipe,6815.438554189565,2.5,-0.25,turbulent,cda5d9030b9ea02628143390779f1b3f574a442a634d366e91ea18c84d392dd9,0.0,0.0,0.0,"{'mean': -0.029256356969529614, 'std': 0.9833217427687496, 'min': -3.6484128252147836, 'max': 3.1788536793675353, 'skewness': -0.04588912403417841, 'kurtosis': 0.09801182439059009}",3,1,"[0, 2]",2,"(32, 32)",True
1232,pipe,17409.116166580472,1.0,-0.15,turbulent,1fae383106648e08ff179043d97f41b2c3e1af5f23d890f9517e2d36af361c0d,0.0,0.0,0.0,"{'mean': -0.029256356969529614, 'std': 0.9833217427687496, 'min': -3.6484128252147836, 'max': 3.1788536793675353, 'skewness': -0.04588912403417841, 'kurtosis': 0.09801182439059009}",3,1,"[0, 2]",2,"(32, 32)",True
3120,cavity,480.52631578947364,2.5,-0.05,laminar,60d27c9459d828e3cefc2ccd798cc33ef19a00ae12420e8f28ed1ec0140bca37,0.0,0.0,0.0,"{'mean': -0.029256356969529614, 'std': 0.9833217427687496, 'min': -3.6484128252147836, 'max': 3.1788536793675353, 'skewness': -0.04588912403417841, 'kurtosis': 0.09801182439059009}",3,1,"[0, 2]",2,"(32, 32)",True
1379,pipe,35175.3891372923,0.5,-0.25,turbulent,6c1d740d4b71a5b40aeca2f2fe596119b64fdb3e48d929b3b111f897befa38a4,0.0,0.0,0.0,"{'mean': -0.029256356969529614, 'std': 0.9833217427687496, 'min': -3.6484128252147836, 'max': 3.1788536793675353, 'skewness': -0.04588912403417841, 'kurtosis': 0.09801182439059009}",3,1,"[0, 2]",2,"(32, 32)",True
3877,cavity,4264.3451480959675,0.5,-0.15,turbulent,524b48cbb20e2e1668194e27c7bfa741fbd3a0d66574a8abc7a4486e4171c2dd,0.0,0.0,0.0,"{'mean': -0.029256356969529614, 'std': 0.9833217427687496, 'min': -3.6484128252147836, 'max': 3.1788536793675353, 'skewness': -0.04588912403417841, 'kurtosis': 0.09801182439059009}",3,1,"[0, 2]",2,"(32, 32)",True
1682,channel,637.3684210526316,1.0,-0.15,laminar,473a1a4139f5dcad1a2ceeb524083dbfa8afb836cff8d2ba747c89d0b24ac024,0.0,0.0,0.0,"{'mean': -0.029256356969529614, 'std': 0.9833217427687496, 'min': -3.6484128252147836, 'max': 3.1788536793675353, 'skewness': -0.04588912403417841, 'kurtosis': 0.09801182439059009}",3,1,"[0, 2]",2,"(32, 32)",True
263,pipe,794.2105263157895,1.5,-0.2,laminar,466dfaf1bb478843fae72de13666e7733f56e2a06566f9e61b40fdf7d26d3cf1,0.0,0.0,0.0,"{'mean': 0.6451612903225806, 'std': 0.31691168593614655, 'min': 0.0, 'max': 0.9989594172736732, 'skewness': -0.6304339420761846, 'kurtosis': -0.882180438157667}",3,1,"[0, 1]",2,"(32, 32)",True
4216,cavity,19574.338205844306,2.0,-0.1,turbulent,01a8d8bb2e09143ef74faa45880c4a54a46e083206b9def5cd8439f77fd150f3,0.0,0.0,0.0,"{'mean': -0.029256356969529614, 'std': 0.9833217427687496, 'min': -3.6484128252147836, 'max': 3.1788536793675353, 'skewness': -0.04588912403417841, 'kurtosis': 0.09801182439059009}",3,1,"[0, 2]",2,"(32, 32)",True
4333,cavity,35175.3891372923,1.0,-0.2,turbulent,423d4757ddd515d48c35b19d01b9daa557fe22061f1e8ac64f88231ea89258ed,0.0,0.0,0.0,"{'mean': -0.029256356969529614, 'std': 0.9833217427687496, 'min': -3.6484128252147836, 'max': 3.1788536793675353, 'skewness': -0.04588912403417841, 'kurtosis': 0.09801182439059009}",3,1,"[0, 2]",2,"(32, 32)",True
1487,channel,10.0,1.5,-0.15,laminar,e8163128f361af903d2070a082d429fedb4862cce9d89de10159fcffa16b0825,0.0,0.0,0.0,"{'mean': -0.029256356969529614, 'std': 0.9833217427687496, 'min': -3.6484128252147836, 'max': 3.1788536793675353, 'skewness': -0.04588912403417841, 'kurtosis': 0.09801182439059009}",3,1,"[0, 2]",2,"(32, 32)",True
1451,pipe,49999.99999999999,0.5,-0.1,turbulent,508b5e88e204db4c9e6ba828c3fae30c497d7854ee99dfaa6036183a3956c5d0,0.0,0.0,0.0,"{'mean': 0.6451612903225806, 'std': 0.31691168593614655, 'min': 0.0, 'max': 0.9989594172736732, 'skewness': -0.6304339420761846, 'kurtosis': -0.882180438157667}",3,1,"[0, 1]",2,"(32, 32)",True
2513,channel,6815.438554189565,1.5,-0.2,turbulent,36c2b6e18922325362134b50be7286e56506438551cd23985730c39ee9bc683b,0.0,0.0,0.0,"{'mean': 0.6451612903225806, 'std': 0.31691168593614655, 'min': 0.0, 'max': 0.9989594172736732, 'skewness': -0.6304339420761846, 'kurtosis': -0.882180438157667}",3,1,"[0, 1]",2,"(32, 32)",True
1738,channel,794.2105263157895,1.5,-0.2,laminar,918a1f78825b9216b69f2c41bfdb71f55c5308d981c889f7d3f83fea910c8369,0.0,0.0,0.0,"{'mean': -0.029256356969529614, 'std': 0.9833217427687496, 'min': -3.6484128252147836, 'max': 3.1788536793675353, 'skewness': -0.04588912403417841, 'kurtosis': 0.09801182439059009}",3,1,"[0, 2]",2,"(32, 32)",True
18,pipe,10.0,2.0,-0.2,laminar,183954973d413bda871ed693b4540d5b856d4e1aa76b64d021abbbf4b2278efc,0.0,0.0,0.0,"{'mean': -0.029256356969529614, 'std': 0.9833217427687496, 'min': -3.6484128252147836, 'max': 3.1788536793675353, 'skewness': -0.04588912403417841, 'kurtosis': 0.09801182439059009}",3,1,"[0, 2]",2,"(32, 32)",True
2359,channel,3373.118661259842,1.0,-0.25,turbulent,318f82ad9e9a5d5a6f92bee12f99321eb880f048c196205c2b9093b77ad5e0be,0.0,0.0,0.0,"{'mean': -0.029256356969529614, 'std': 0.9833217427687496, 'min': -3.6484128252147836, 'max': 3.1788536793675353, 'skewness': -0.04588912403417841, 'kurtosis': 0.09801182439059009}",3,1,"[0, 2]",2,"(32, 32)",True
2863,channel,35175.3891372923,1.5,-0.2,turbulent,981bcd88fe81d19ea996dedd3df80a3c657c3cb403a1b619f0de9010f577437b,0.0010142326354980469,0.0,0.0010142326354980469,"{'mean': -0.029256356969529614, 'std': 0.9833217427687496, 'min': -3.6484128252147836, 'max': 3.1788536793675353, 'skewness': -0.04588912403417841, 'kurtosis': 0.09801182439059009}",3,1,"[0, 2]",2,"(32, 32)",True
1335,pipe,27823.91138509389,1.5,-0.05,turbulent,056e304a8537ca36f3c3bb7deee5e331d572e4f9198e19c00d8dbff92db4cf17,0.0,0.0,0.0,"{'mean': -0.029256356969529614, 'std': 0.9833217427687496, 'min': -3.6484128252147836, 'max': 3.1788536793675353, 'skewness': -0.04588912403417841, 'kurtosis': 0.09801182439059009}",3,1,"[0, 2]",2,"(32, 32)",True
515,pipe,1607.142857142857,2.0,-0.05,transition,652b7d1ac18e3a6d6d16ffa20e2e0c4457754b68ff6a3e1934638dac4de6855c,0.0,0.0,0.0,"{'mean': -0.029256356969529614, 'std': 0.9833217427687496, 'min': -3.6484128252147836, 'max': 3.1788536793675353, 'skewness': -0.04588912403417841, 'kurtosis': 0.09801182439059009}",3,1,"[0, 2]",2,"(32, 32)",True
2189,channel,2464.285714285714,1.5,-0.25,transition,70a42e50623b5f480f6f9c3b3ae3910295e1921bf72274173b77454ffa7d03f7,0.0,0.0,0.0,"{'mean': 0.6451612903225806, 'std': 0.31691168593614655, 'min': 0.0, 'max': 0.9989594172736732, 'skewness': -0.6304339420761846, 'kurtosis': -0.882180438157667}",3,1,"[0, 1]",2,"(32, 32)",True
3794,cavity,3000.0,2.0,-0.25,turbulent,dbfbd2cb4790ab5f6dcce76528f86fb3445d2fe13d09034c3815ba9e614f7de2,0.0,0.0,0.0,"{'mean': -0.029256356969529614, 'std': 0.9833217427687496, 'min': -3.6484128252147836, 'max': 3.1788536793675353, 'skewness': -0.04588912403417841, 'kurtosis': 0.09801182439059009}",3,1,"[0, 2]",2,"(32, 32)",True
539,pipe,1714.2857142857142,1.5,-0.25,transition,8e2e1065c4abe3477f6a36448bba1e331e882edfe36b6d6be2ffd56e56f36111,0.0,0.0,0.0,"{'mean': -0.029256356969529614, 'std': 0.9833217427687496, 'min': -3.6484128252147836, 'max': 3.1788536793675353, 'skewness': -0.04588912403417841, 'kurtosis': 0.09801182439059009}",3,1,"[0, 2]",2,"(32, 32)",True
209,pipe,637.3684210526316,1.0,-0.25,laminar,7816915d4a2e31f3770f964af8b1cc13a052d6a36aaefd79cfb91024b392f7b0,0.0,0.0,0.0,"{'mean': 0.6451612903225806, 'std': 0.31691168593614655, 'min': 0.0, 'max': 0.9989594172736732, 'skewness': -0.6304339420761846, 'kurtosis': -0.882180438157667}",3,1,"[0, 1]",2,"(32, 32)",True
3962,cavity,6061.546514029872,1.5,-0.15,turbulent,a9c5b9ed18f28483983705e251df3e3e24f576781d8ebf9bcdf4100a47207d1c,0.0,0.0,0.0,"{'mean': -0.029256356969529614, 'std': 0.9833217427687496, 'min': -3.6484128252147836, 'max': 3.1788536793675353, 'skewness': -0.04588912403417841, 'kurtosis': 0.09801182439059009}",3,1,"[0, 2]",2,"(32, 32)",True
3009,cavity,166.8421052631579,1.0,-0.25,laminar,b1f127d241e50f0b683da3dcd17cd5461b4130636cf3f430d5b63dbfcb8d8a73,0.0,0.0,0.0,"{'mean': 0.6451612903225806, 'std': 0.31691168593614655, 'min': 0.0, 'max': 0.9989594172736732, 'skewness': -0.6304339420761846, 'kurtosis': -0.882180438157667}",3,1,"[0, 1]",2,"(32, 32)",True
3688,cavity,2571.4285714285716,1.5,-0.2,turbulent,8a7ee4c7f5ffec8697bb24c046ce3b96fa97c8eabda07dd0adda42b9d9f65616,0.0,0.0,0.0,"{'mean': -0.029256356969529614, 'std': 0.9833217427687496, 'min': -3.6484128252147836, 'max': 3.1788536793675353, 'skewness': -0.04588912403417841, 'kurtosis': 0.09801182439059009}",3,1,"[0, 2]",2,"(32, 32)",True
4117,cavity,12247.448713915892,2.0,-0.15,turbulent,1083e03c6eadb0afa1ca9bb19496b196e1792fe27df383ad180af20f86695bef,0.0,0.0,0.0,"{'mean': 0.6451612903225806, 'std': 0.31691168593614655, 'min': 0.0, 'max': 0.9989594172736732, 'skewness': -0.6304339420761846, 'kurtosis': -0.882180438157667}",3,1,"[0, 1]",2,"(32, 32)",True
4424,cavity,49999.99999999999,2.5,-0.25,turbulent,26aca7c11e5628728ded4a20fcd85d1c7014ecafdf3eb7106bc56e3835f46a0e,0.0,0.0,0.0,"{'mean': -0.029256356969529614, 'std': 0.9833217427687496, 'min': -3.6484128252147836, 'max': 3.1788536793675353, 'skewness': -0.04588912403417841, 'kurtosis': 0.09801182439059009}",3,1,"[0, 2]",2,"(32, 32)",True
921,pipe,3792.643167646458,2.5,-0.1,turbulent,4dd36e7ae6d322673acf82d95e0b740be00641d1554b8011d5f6793a9f57aaa4,0.0,0.0,0.0,"{'mean': -0.029256356969529614, 'std': 0.9833217427687496, 'min': -3.6484128252147836, 'max': 3.1788536793675353, 'skewness': -0.04588912403417841, 'kurtosis': 0.09801182439059009}",3,1,"[0, 2]",2,"(32, 32)",True
1884,channel,1264.7368421052631,1.0,-0.25,laminar,276d826a81b73e3c169263b0208c8d345f30a60879e1e4c5f87101a54f6166f6,0.0,0.0,0.0,"{'mean': -0.029256356969529614, 'std': 0.9833217427687496, 'min': -3.6484128252147836, 'max': 3.1788536793675353, 'skewness': -0.04588912403417841, 'kurtosis': 0.09801182439059009}",3,1,"[0, 2]",2,"(32, 32)",True
265,pipe,794.2105263157895,2.0,-0.05,laminar,12cdb59546e3aab658e3b03bca0c411d013570ebacee68fc8c82373ee5c23b2d,0.0,0.0,0.0,"{'mean': -0.029256356969529614, 'std': 0.9833217427687496, 'min': -3.6484128252147836, 'max': 3.1788536793675353, 'skewness': -0.04588912403417841, 'kurtosis': 0.09801182439059009}",3,1,"[0, 2]",2,"(32, 32)",True
4016,cavity,7663.09432393553,2.0,-0.1,turbulent,86ff7e65fe92a690f68668b3ad73811cd62769990d5826075f6c97c0d3fce017,0.0,0.0,0.0,"{'mean': 0.6451612903225806, 'std': 0.31691168593614655, 'min': 0.0, 'max': 0.9989594172736732, 'skewness': -0.6304339420761846, 'kurtosis': -0.882180438157667}",3,1,"[0, 1]",2,"(32, 32)",True
4187,cavity,17409.116166580472,1.5,-0.15,turbulent,877167d674f366caf79f1481c5d4e9e1268936b36694171b063bc89aa72703eb,0.0,0.0,0.0,"{'mean': -0.029256356969529614, 'std': 0.9833217427687496, 'min': -3.6484128252147836, 'max': 3.1788536793675353, 'skewness': -0.04588912403417841, 'kurtosis': 0.09801182439059009}",3,1,"[0, 2]",2,"(32, 32)",True
1973,channel,1500.0,2.5,-0.2,laminar,a061104f5d1f6d245edd7ab18fdcfc0c4d9506ada8bdad008dba842cdca53c74,0.0,0.0,0.0,"{'mean': 0.6451612903225806, 'std': 0.31691168593614655, 'min': 0.0, 'max': 0.9989594172736732, 'skewness': -0.6304339420761846, 'kurtosis': -0.882180438157667}",3,1,"[0, 1]",2,"(32, 32)",True
3381,cavity,1343.157894736842,1.0,-0.1,laminar,e63139c1fca0821021884798dbf3dd2c79476f233d88304f923ac7b18fa7c7c9,0.0,0.0,0.0,"{'mean': -0.029256356969529614, 'std': 0.9833217427687496, 'min': -3.6484128252147836, 'max': 3.1788536793675353, 'skewness': -0.04588912403417841, 'kurtosis': 0.09801182439059009}",3,1,"[0, 2]",2,"(32, 32)",True
3523,cavity,1821.4285714285716,2.5,-0.2,transition,992d1c4260a328eb2b7f3f16052fa00d7305fb27b63c8cce3ef13de8a9b7e778,0.0,0.0,0.0,"{'mean': -0.029256356969529614, 'std': 0.9833217427687496, 'min': -3.6484128252147836, 'max': 3.1788536793675353, 'skewness': -0.04588912403417841, 'kurtosis': 0.09801182439059009}",3,1,"[0, 2]",2,"(32, 32)",True
2274,channel,2785.714285714286,2.5,-0.25,turbulent,40bc7c5fed1fc39e576b8664d97a98fb86604daa049be84c50885ee59d94f170,0.0,0.0,0.0,"{'mean': -0.029256356969529614, 'std': 0.9833217427687496, 'min': -3.6484128252147836, 'max': 3.1788536793675353, 'skewness': -0.04588912403417841, 'kurtosis': 0.09801182439059009}",3,1,"[0, 2]",2,"(32, 32)",True
1150,pipe,12247.448713915892,0.5,-0.05,turbulent,ed508d1c0fea4d7b2b4e58605cfeba97b9ca738cc17bc21184e0931fd84ef366,0.0,0.0,0.0,"{'mean': 0.6451612903225806, 'std': 0.31691168593614655, 'min': 0.0, 'max': 0.9989594172736732, 'skewness': -0.6304339420761846, 'kurtosis': -0.882180438157667}",3,1,"[0, 1]",2,"(32, 32)",True
4324,cavity,31284.451574100145,2.5,-0.25,turbulent,9785a88566fe17e7fed15e8240d2d0a446a7d6da0aa242e579b06e52e9748247,0.0,0.0,0.0,"{'mean': 0.6451612903225806, 'std': 0.31691168593614655, 'min': 0.0, 'max': 0.9989594172736732, 'skewness': -0.6304339420761846, 'kurtosis': -0.882180438157667}",3,1,"[0, 1]",2,"(32, 32)",True
12,pipe,10.0,1.5,-0.15,laminar,4b969a1b0b03bb5982de3b0d750d6af3ee0a5914d34e32c846cbf05f9ef5bc0c,0.0,0.0,0.0,"{'mean': -0.029256356969529614, 'std': 0.9833217427687496, 'min': -3.6484128252147836, 'max': 3.1788536793675353, 'skewness': -0.04588912403417841, 'kurtosis': 0.09801182439059009}",3,1,"[0, 2]",2,"(32, 32)",True
907,pipe,3792.643167646458,1.0,-0.15,turbulent,ddd5eb4e293a4a2595434945bcd1acabefe318c1b380c01a1fedeec5416f0acf,0.0,0.0,0.0,"{'mean': -0.029256356969529614, 'std': 0.9833217427687496, 'min': -3.6484128252147836, 'max': 3.1788536793675353, 'skewness': -0.04588912403417841, 'kurtosis': 0.09801182439059009}",3,1,"[0, 2]",2,"(32, 32)",True
4189,cavity,17409.116166580472,1.5,-0.25,turbulent,07c4d584d0ad9c9165b77fca88f9098cff27590336c9cf4b3d458a65b9799745,0.0,0.0,0.0,"{'mean': -0.029256356969529614, 'std': 0.9833217427687496, 'min': -3.6484128252147836, 'max': 3.1788536793675353, 'skewness': -0.04588912403417841, 'kurtosis': 0.09801182439059009}",3,1,"[0, 2]",2,"(32, 32)",True
1930,channel,1421.578947368421,1.0,-0.05,laminar,18482fe5dad04ed1c121dc05eff8006100cb11b210ecdb14effc1543f94af4f1,0.0,0.0,0.0,"{'mean': 0.6451612903225806, 'std': 0.31691168593614655, 'min': 0.0, 'max': 0.9989594172736732, 'skewness': -0.6304339420761846, 'kurtosis': -0.882180438157667}",3,1,"[0, 1]",2,"(32, 32)",True
859,pipe,3000.0000000000014,1.0,-0.25,turbulent,81aafa6974305c1caf26dbd8c7ee8e7c9217579ecfc2e797409ab2fc4418c1e4,0.0,0.0,0.0,"{'mean': -0.029256356969529614, 'std': 0.9833217427687496, 'min': -3.6484128252147836, 'max': 3.1788536793675353, 'skewness': -0.04588912403417841, 'kurtosis': 0.09801182439059009}",3,1,"[0, 2]",2,"(32, 32)",True
2436,channel,4794.714065698457,1.5,-0.1,turbulent,18fe5eeb1313330889c1021bb2f111a8bfe9ca5c929b73762383e2a8b3b10296,0.0009984970092773438,0.0,0.0009984970092773438,"{'mean': -0.029256356969529614, 'std': 0.9833217427687496, 'min': -3.6484128252147836, 'max': 3.1788536793675353, 'skewness': -0.04588912403417841, 'kurtosis': 0.09801182439059009}",3,1,"[0, 2]",2,"(32, 32)",True
4235,cavity,22008.85516131499,1.5,-0.05,turbulent,8ec7090fb90826c079fc3b6df90314c31da120e99172ce1da124a277a42479a7,0.0,0.0,0.0,"{'mean': 0.6451612903225806, 'std': 0.31691168593614655, 'min': 0.0, 'max': 0.9989594172736732, 'skewness': -0.6304339420761846, 'kurtosis': -0.882180438157667}",3,1,"[0, 1]",2,"(32, 32)",True
2326,channel,3000.0000000000014,0.5,-0.1,turbulent,903c19ab917fc46110da6da115c3b9ab900b0c370083255bbb31cdd1c9514ba0,0.0,0.0,0.0,"{'mean': -0.029256356969529614, 'std': 0.9833217427687496, 'min': -3.6484128252147836, 'max': 3.1788536793675353, 'skewness': -0.04588912403417841, 'kurtosis': 0.09801182439059009}",3,1,"[0, 2]",2,"(32, 32)",True
3462,cavity,1607.142857142857,1.5,-0.15,transition,156c3c26b1bbd9a38aa6e9738349b7cbb06b7ef72a7aa2bf99073872c2edc827,0.0,0.0,0.0,"{'mean': 0.6451612903225806, 'std': 0.31691168593614655, 'min': 0.0, 'max': 0.9989594172736732, 'skewness': -0.6304339420761846, 'kurtosis': -0.882180438157667}",3,1,"[0, 1]",2,"(32, 32)",True
1746,channel,794.2105263157895,2.5,-0.1,laminar,df06ecb86caf66cf86f123b2688d044779fd1d295c63694fc47e4dbf45da1fa6,0.0,0.0,0.0,"{'mean': -0.029256356969529614, 'std': 0.9833217427687496, 'min': -3.6484128252147836, 'max': 3.1788536793675353, 'skewness': -0.04588912403417841, 'kurtosis': 0.09801182439059009}",3,1,"[0, 2]",2,"(32, 32)",True
1215,pipe,15483.400895311179,2.0,-0.05,turbulent,ecd5dcaae97c986c001cc421fcc903a6b4db094ad763bdb88a8d7ecdfa90fa76,0.0,0.0,0.0,"{'mean': -0.029256356969529614, 'std': 0.9833217427687496, 'min': -3.6484128252147836, 'max': 3.1788536793675353, 'skewness': -0.04588912403417841, 'kurtosis': 0.09801182439059009}",3,1,"[0, 2]",2,"(32, 32)",True
2089,channel,2035.7142857142858,1.5,-0.25,transition,e34edaf8293ea8809e7a51cd49a6caba4fad673bec0996cf08745fa6d3826970,0.0,0.0,0.0,"{'mean': -0.029256356969529614, 'std': 0.9833217427687496, 'min': -3.6484128252147836, 'max': 3.1788536793675353, 'skewness': -0.04588912403417841, 'kurtosis': 0.09801182439059009}",3,1,"[0, 2]",2,"(32, 32)",True
2390,channel,3792.643167646458,2.0,-0.05,turbulent,64c66a8b9f2bf71e1722977fa467cc8013ff6b677d07da1e26ea4736e6f87b40,0.0,0.0,0.0,"{'mean': -0.029256356969529614, 'std': 0.9833217427687496, 'min': -3.6484128252147836, 'max': 3.1788536793675353, 'skewness': -0.04588912403417841, 'kurtosis': 0.09801182439059009}",3,1,"[0, 2]",2,"(32, 32)",True
92,pipe,245.26315789473682,2.0,-0.15,laminar,13dc1a9e191f47ac27dff6268fcf37ccde613d71a097e3386515ef2a885cdf65,0.0,0.0,0.0,"{'mean': -0.029256356969529614, 'std': 0.9833217427687496, 'min': -3.6484128252147836, 'max': 3.1788536793675353, 'skewness': -0.04588912403417841, 'kurtosis': 0.09801182439059009}",3,1,"[0, 2]",2,"(32, 32)",True
26,pipe,88.42105263157895,0.5,-0.1,laminar,077ef5f2545254e18c0db71cbd291d8ec51e74c4ce5cf81b3bf29dff3295f487,0.0,0.0,0.0,"{'mean': -0.029256356969529614, 'std': 0.9833217427687496, 'min': -3.6484128252147836, 'max': 3.1788536793675353, 'skewness': -0.04588912403417841, 'kurtosis': 0.09801182439059009}",3,1,"[0, 2]",2,"(32, 32)",True
1037,pipe,6815.438554189565,1.5,-0.15,turbulent,fe64993dd029fb45b6bd386bf5ac135a2f5edf217fe70bac8a757643e880a6cd,0.0,0.0,0.0,"{'mean': 0.6451612903225806, 'std': 0.31691168593614655, 'min': 0.0, 'max': 0.9989594172736732, 'skewness': -0.6304339420761846, 'kurtosis': -0.882180438157667}",3,1,"[0, 1]",2,"(32, 32)",True
4404,cavity,49999.99999999999,0.5,-0.25,turbulent,ac3df2990794a2ac3ab6a4c76ee6ed4281a5448344db8ee0c87b8dea4822a4f1,0.0,0.0,0.0,"{'mean': -0.029256356969529614, 'std': 0.9833217427687496, 'min': -3.6484128252147836, 'max': 3.1788536793675353, 'skewness': -0.04588912403417841, 'kurtosis': 0.09801182439059009}",3,1,"[0, 2]",2,"(32, 32)",True
2980,cavity,88.42105263157895,1.0,-0.05,laminar,e845a58d3987fc944fdfbd06f722dd0962202bd95bc7e579c93b9f86bd3bced7,0.0,0.0,0.0,"{'mean': -0.029256356969529614, 'std': 0.9833217427687496, 'min': -3.6484128252147836, 'max': 3.1788536793675353, 'skewness': -0.04588912403417841, 'kurtosis': 0.09801182439059009}",3,1,"[0, 2]",2,"(32, 32)",True
1470,pipe,49999.99999999999,2.5,-0.05,turbulent,00a75bc9c2527be5bcc511019b67de959e1240264cf60fec9fcec359e4e334e4,0.0,0.0,0.0,"{'mean': -0.029256356969529614, 'std': 0.9833217427687496, 'min': -3.6484128252147836, 'max': 3.1788536793675353, 'skewness': -0.04588912403417841, 'kurtosis': 0.09801182439059009}",3,1,"[0, 2]",2,"(32, 32)",True
2700,channel,17409.116166580472,0.5,-0.05,turbulent,e03c25b9d8a072deb0b57047fb260c2f08439d06ea1aaf09d7a7bdfca3f8a89d,0.0,0.0,0.0,"{'mean': 0.6451612903225806, 'std': 0.31691168593614655, 'min': 0.0, 'max': 0.9989594172736732, 'skewness': -0.6304339420761846, 'kurtosis': -0.882180438157667}",3,1,"[0, 1]",2,"(32, 32)",True
3774,cavity,2892.857142857143,2.5,-0.25,turbulent,b48010a3339009a023f01febd2c08f5c912579745b23194872acf7b337f57d04,0.0,0.0,0.0,"{'mean': -0.029256356969529614, 'std': 0.9833217427687496, 'min': -3.6484128252147836, 'max': 3.1788536793675353, 'skewness': -0.04588912403417841, 'kurtosis': 0.09801182439059009}",3,1,"[0, 2]",2,"(32, 32)",True
160,pipe,480.52631578947364,1.5,-0.05,laminar,434e4e7fb160383ed83cb19f44d18b94e947ac9e342f6c275e38eae7add942f1,0.0,0.0,0.0,"{'mean': -0.029256356969529614, 'std': 0.9833217427687496, 'min': -3.6484128252147836, 'max': 3.1788536793675353, 'skewness': -0.04588912403417841, 'kurtosis': 0.09801182439059009}",3,1,"[0, 2]",2,"(32, 32)",True
4100,cavity,12247.448713915892,0.5,-0.05,turbulent,d24985c47fbb012f64776c2b3bd022935c85a4aed0c47823662e7ca494043cf4,0.0,0.0,0.0,"{'mean': -0.029256356969529614, 'std': 0.9833217427687496, 'min': -3.6484128252147836, 'max': 3.1788536793675353, 'skewness': -0.04588912403417841, 'kurtosis': 0.09801182439059009}",3,1,"[0, 2]",2,"(32, 32)",True
339,pipe,1029.4736842105262,1.5,-0.25,laminar,e96ad672f98d3d969795aa9a459c52db2c3066af8f7b385f383004ba8787c7b6,0.0,0.001001119613647461,0.001001119613647461,"{'mean': 0.6451612903225806, 'std': 0.31691168593614655, 'min': 0.0, 'max': 0.9989594172736732, 'skewness': -0.6304339420761846, 'kurtosis': -0.882180438157667}",3,1,"[0, 1]",2,"(32, 32)",True
374,pipe,1107.8947368421052,2.5,-0.25,laminar,493a3e2dd6b4cf5fc834a6d7b7619a1126a72e58cc3f3201e41a54a705692649,0.0,0.0,0.0,"{'mean': -0.029256356969529614, 'std': 0.9833217427687496, 'min': -3.6484128252147836, 'max': 3.1788536793675353, 'skewness': -0.04588912403417841, 'kurtosis': 0.09801182439059009}",3,1,"[0, 2]",2,"(32, 32)",True
3372,cavity,1264.7368421052631,2.5,-0.15,laminar,669d7f40e934c2b26d2cd60ca2823cde5b9b99f4629413a3293bc32a3037e0a9,0.0,0.0,0.0,"{'mean': -0.029256356969529614, 'std': 0.9833217427687496, 'min': -3.6484128252147836, 'max': 3.1788536793675353, 'skewness': -0.04588912403417841, 'kurtosis': 0.09801182439059009}",3,1,"[0, 2]",2,"(32, 32)",True
381,pipe,1186.3157894736842,1.0,-0.1,laminar,b1472986987ad136dad624472bc1d1a5f4b105452ba0c83a09fa4dba4ed66b44,0.0,0.0,0.0,"{'mean': -0.029256356969529614, 'std': 0.9833217427687496, 'min': -3.6484128252147836, 'max': 3.1788536793675353, 'skewness': -0.04588912403417841, 'kurtosis': 0.09801182439059009}",3,1,"[0, 2]",2,"(32, 32)",True
999,pipe,5391.046496804163,2.5,-0.25,turbulent,372696ec20bbfc0fc722a8f6763bf1061bf38e43a9c1817827744d57eb8a85da,0.0,0.0,0.0,"{'mean': 0.6451612903225806, 'std': 0.31691168593614655, 'min': 0.0, 'max': 0.9989594172736732, 'skewness': -0.6304339420761846, 'kurtosis': -0.882180438157667}",3,1,"[0, 1]",2,"(32, 32)",True
4419,cavity,49999.99999999999,2.0,-0.25,turbulent,27db791b05a0173507e6b8a6a338f1b7516993b212810792406f568adb050518,0.0,0.0,0.0,"{'mean': -0.029256356969529614, 'std': 0.9833217427687496, 'min': -3.6484128252147836, 'max': 3.1788536793675353, 'skewness': -0.04588912403417841, 'kurtosis': 0.09801182439059009}",3,1,"[0, 2]",2,"(32, 32)",True
1438,pipe,44469.233093619056,1.5,-0.2,turbulent,0da15d5ce7f6989080a956096a24face862d82d8efdf5f05919b475c4baa2e31,0.0,0.0010247230529785156,0.0010247230529785156,"{'mean': -0.029256356969529614, 'std': 0.9833217427687496, 'min': -3.6484128252147836, 'max': 3.1788536793675353, 'skewness': -0.04588912403417841, 'kurtosis': 0.09801182439059009}",3,1,"[0, 2]",2,"(32, 32)",True
3113,cavity,480.52631578947364,1.5,-0.2,laminar,07666b80f5d921eb563cae21eeeb21d365f07fd5a6e74e7308515eaa794ba05e,0.0,0.0,0.0,"{'mean': -0.029256356969529614, 'std': 0.9833217427687496, 'min': -3.6484128252147836, 'max': 3.1788536793675353, 'skewness': -0.04588912403417841, 'kurtosis': 0.09801182439059009}",3,1,"[0, 2]",2,"(32, 32)",True
542,pipe,1714.2857142857142,2.0,-0.15,transition,a6da8678700fe320507457e1f859205a0c68c8fe1e3a2356f72b5e06f5e760c9,0.0,0.0,0.0,"{'mean': -0.029256356969529614, 'std': 0.9833217427687496, 'min': -3.6484128252147836, 'max': 3.1788536793675353, 'skewness': -0.04588912403417841, 'kurtosis': 0.09801182439059009}",3,1,"[0, 2]",2,"(32, 32)",True
1486,channel,10.0,1.5,-0.1,laminar,d69ad7d7b62325b38b34c7c8910e13844a2a3c29155e8340de163e9b45ac0184,0.0,0.0,0.0,"{'mean': -0.029256356969529614, 'std': 0.9833217427687496, 'min': -3.6484128252147836, 'max': 3.1788536793675353, 'skewness': -0.04588912403417841, 'kurtosis': 0.09801182439059009}",3,1,"[0, 2]",2,"(32, 32)",True
2336,channel,3000.0000000000014,1.5,-0.1,turbulent,17c14c5b0816e43ec71f083e0c889e7b287e946238765ff27d0586f38b4e3b06,0.0,0.0,0.0,"{'mean': 0.6451612903225806, 'std': 0.31691168593614655, 'min': 0.0, 'max': 0.9989594172736732, 'skewness': -0.6304339420761846, 'kurtosis': -0.882180438157667}",3,1,"[0, 1]",2,"(32, 32)",True
1515,channel,88.42105263157895,2.0,-0.05,laminar,edff60c373017963fe94b768c67d4e13f3bb5243e8cc00780a4caa474a4a9a1a,0.0,0.0,0.0,"{'mean': -0.029256356969529614, 'std': 0.9833217427687496, 'min': -3.6484128252147836, 'max': 3.1788536793675353, 'skewness': -0.04588912403417841, 'kurtosis': 0.09801182439059009}",3,1,"[0, 2]",2,"(32, 32)",True
3570,cavity,2035.7142857142858,2.5,-0.05,transition,9a0048faa7e8115a05b2e4d8ba475450c51da6a765c6616b02bd49e330fdc7df,0.0,0.0,0.0,"{'mean': -0.029256356969529614, 'std': 0.9833217427687496, 'min': -3.6484128252147836, 'max': 3.1788536793675353, 'skewness': -0.04588912403417841, 'kurtosis': 0.09801182439059009}",3,1,"[0, 2]",2,"(32, 32)",True
1131,pipe,10892.693033225416,1.0,-0.1,turbulent,1a6920244a348e059edcf31649d3e676bc8afd51f1457c93a47ed0ec046611fd,0.0,0.0,0.0,"{'mean': 0.6451612903225806, 'std': 0.31691168593614655, 'min': 0.0, 'max': 0.9989594172736732, 'skewness': -0.6304339420761846, 'kurtosis': -0.882180438157667}",3,1,"[0, 1]",2,"(32, 32)",True
2083,channel,2035.7142857142858,1.0,-0.2,transition,65213cbc5e35660e8af4b5bfe5fedfc133cf07eb4c774bc4f6c612c4425f69f3,0.0,0.0,0.0,"{'mean': -0.029256356969529614, 'std': 0.9833217427687496, 'min': -3.6484128252147836, 'max': 3.1788536793675353, 'skewness': -0.04588912403417841, 'kurtosis': 0.09801182439059009}",3,1,"[0, 2]",2,"(32, 32)",True
1996,channel,1607.142857142857,2.5,-0.1,transition,b05509c38f8809d46e7b86e3934958c9aaeb6b8045fde3c76727d0a92b24484d,0.0,0.0,0.0,"{'mean': -0.029256356969529614, 'std': 0.9833217427687496, 'min': -3.6484128252147836, 'max': 3.1788536793675353, 'skewness': -0.04588912403417841, 'kurtosis': 0.09801182439059009}",3,1,"[0, 2]",2,"(32, 32)",True
4260,cavity,24746.16001919883,1.5,-0.05,turbulent,b24a6b02e080a223d85bb0b8d003fa758a33b936544b575f7e3ae0bd732e816a,0.0,0.0,0.0,"{'mean': -0.029256356969529614, 'std': 0.9833217427687496, 'min': -3.6484128252147836, 'max': 3.1788536793675353, 'skewness': -0.04588912403417841, 'kurtosis': 0.09801182439059009}",3,1,"[0, 2]",2,"(32, 32)",True
932,pipe,4264.3451480959675,1.0,-0.15,turbulent,01a66d9400229bdf0b88704e17b0789f750ed74ae2334f121f65493c49f25b02,0.0,0.0,0.0,"{'mean': -0.029256356969529614, 'std': 0.9833217427687496, 'min': -3.6484128252147836, 'max': 3.1788536793675353, 'skewness': -0.04588912403417841, 'kurtosis': 0.09801182439059009}",3,1,"[0, 2]",2,"(32, 32)",True
689,pipe,2357.142857142857,1.5,-0.25,transition,94160370d9d46a5576ebcd16958fc4cfac27338c302b3a901c13897ccbe7229a,0.0,0.0,0.0,"{'mean': -0.029256356969529614, 'std': 0.9833217427687496, 'min': -3.6484128252147836, 'max': 3.1788536793675353, 'skewness': -0.04588912403417841, 'kurtosis': 0.09801182439059009}",3,1,"[0, 2]",2,"(32, 32)",True
450,pipe,1421.578947368421,0.5,-0.05,laminar,5b3b48624d142b051032237ec146a35f03f9e7d30fbb2f9f86c16a6408eb99a7,0.0,0.0,0.0,"{'mean': -0.029256356969529614, 'std': 0.9833217427687496, 'min': -3.6484128252147836, 'max': 3.1788536793675353, 'skewness': -0.04588912403417841, 'kurtosis': 0.09801182439059009}",3,1,"[0, 2]",2,"(32, 32)",True
3657,cavity,2464.285714285714,1.0,-0.15,transition,7b457f2abb85c71f25d5ebab44a031a09f0c704807d1957c6c4c3b93f7054e56,0.0,0.0,0.0,"{'mean': -0.029256356969529614, 'std': 0.9833217427687496, 'min': -3.6484128252147836, 'max': 3.1788536793675353, 'skewness': -0.04588912403417841, 'kurtosis': 0.09801182439059009}",3,1,"[0, 2]",2,"(32, 32)",True
3894,cavity,4264.3451480959675,2.0,-0.25,turbulent,83b057bbb6ad1c03d057b968ec854897e097caa4cb05227aebfa21d3fe093dff,0.0,0.0,0.0,"{'mean': -0.029256356969529614, 'std': 0.9833217427687496, 'min': -3.6484128252147836, 'max': 3.1788536793675353, 'skewness': -0.04588912403417841, 'kurtosis': 0.09801182439059009}",3,1,"[0, 2]",2,"(32, 32)",True
2424,channel,4264.3451480959675,2.5,-0.25,turbulent,4a3aae43dae4668375a8f5dbf3e637f332f0e94560ff7317d9297a367deda49c,0.0,0.0,0.0,"{'mean': -0.029256356969529614, 'std': 0.9833217427687496, 'min': -3.6484128252147836, 'max': 3.1788536793675353, 'skewness': -0.04588912403417841, 'kurtosis': 0.09801182439059009}",3,1,"[0, 2]",2,"(32, 32)",True
4369,cavity,39550.25383869249,2.0,-0.25,turbulent,8fa86dc35ce092f1cc7214abc8fad9c652fd67896807f801e4c75f65455cb377,0.0,0.0,0.0,"{'mean': -0.029256356969529614, 'std': 0.9833217427687496, 'min': -3.6484128252147836, 'max': 3.1788536793675353, 'skewness': -0.04588912403417841, 'kurtosis': 0.09801182439059009}",3,1,"[0, 2]",2,"(32, 32)",True
2,pipe,10.0,0.5,-0.15,laminar,d1cf5e492a1841cf4a6045a2511b00d948669b904a1bdf7b1dee571da615664a,0.0,0.0,0.0,"{'mean': -0.029256356969529614, 'std': 0.9833217427687496, 'min': -3.6484128252147836, 'max': 3.1788536793675353, 'skewness': -0.04588912403417841, 'kurtosis': 0.09801182439059009}",3,1,"[0, 2]",2,"(32, 32)",True
2556,channel,8616.175489020434,1.0,-0.1,turbulent,d28ece2dde20cfd0054bc01025a3c438ea475c0bc3bb32799f4eda43600ebb98,0.0,0.0,0.0,"{'mean': 0.6451612903225806, 'std': 0.31691168593614655, 'min': 0.0, 'max': 0.9989594172736732, 'skewness': -0.6304339420761846, 'kurtosis': -0.882180438157667}",3,1,"[0, 1]",2,"(32, 32)",True
3704,cavity,2678.5714285714284,0.5,-0.25,turbulent,17290ab6e73a2ae817a630991d835ac3a998d568c8d9b13ff94b58f7ad8c3317,0.0009975433349609375,0.0,0.0009975433349609375,"{'mean': -0.029256356969529614, 'std': 0.9833217427687496, 'min': -3.6484128252147836, 'max': 3.1788536793675353, 'skewness': -0.04588912403417841, 'kurtosis': 0.09801182439059009}",3,1,"[0, 2]",2,"(32, 32)",True
1651,channel,558.9473684210526,0.5,-0.1,laminar,852117e3d6fcf16c94600df764e553a29b2aa05f237e070f5ae5ff405ef5063a,0.0,0.0,0.0,"{'mean': 0.6451612903225806, 'std': 0.31691168593614655, 'min': 0.0, 'max': 0.9989594172736732, 'skewness': -0.6304339420761846, 'kurtosis': -0.882180438157667}",3,1,"[0, 1]",2,"(32, 32)",True
1791,channel,951.0526315789473,2.0,-0.1,laminar,4942df0f5c4998323aaa84eaf471152d312b5f7b09de5d9f88bd9f192b47f666,0.0,0.0,0.0,"{'mean': -0.029256356969529614, 'std': 0.9833217427687496, 'min': -3.6484128252147836, 'max': 3.1788536793675353, 'skewness': -0.04588912403417841, 'kurtosis': 0.09801182439059009}",3,1,"[0, 2]",2,"(32, 32)",True
3621,cavity,2250.0,2.5,-0.1,transition,8072f146c7d33f2e6ecd96d9d43d1e0269e8705e30431c486f88f9d567bf694e,0.0,0.0,0.0,"{'mean': 0.6451612903225806, 'std': 0.31691168593614655, 'min': 0.0, 'max': 0.9989594172736732, 'skewness': -0.6304339420761846, 'kurtosis': -0.882180438157667}",3,1,"[0, 1]",2,"(32, 32)",True
478,pipe,1500.0,0.5,-0.2,laminar,ec788063dd6eb4ca04048917c69bf32487aa07741b21ae9c51fbad969044758f,0.0,0.0,0.0,"{'mean': -0.029256356969529614, 'std': 0.9833217427687496, 'min': -3.6484128252147836, 'max': 3.1788536793675353, 'skewness': -0.04588912403417841, 'kurtosis': 0.09801182439059009}",3,1,"[0, 2]",2,"(32, 32)",True
336,pipe,1029.4736842105262,1.5,-0.1,laminar,9778c8221ca90315b103d1d12d8dd3333d4282b5c2fec4684f3965c05662cdd8,0.0,0.0009887218475341797,0.0009887218475341797,"{'mean': -0.029256356969529614, 'std': 0.9833217427687496, 'min': -3.6484128252147836, 'max': 3.1788536793675353, 'skewness': -0.04588912403417841, 'kurtosis': 0.09801182439059009}",3,1,"[0, 2]",2,"(32, 32)",True
3889,cavity,4264.3451480959675,1.5,-0.25,turbulent,73027ac0ad21c3b1116a08115f456ff4148b4acf70504a1b61a0b7a2d23678d9,0.0,0.0,0.0,"{'mean': -0.029256356969529614, 'std': 0.9833217427687496, 'min': -3.6484128252147836, 'max': 3.1788536793675353, 'skewness': -0.04588912403417841, 'kurtosis': 0.09801182439059009}",3,1,"[0, 2]",2,"(32, 32)",True
1704,channel,715.7894736842105,0.5,-0.25,laminar,0487e9e192d0020383c0d7a580df52ba0b743180459f6643965d3481511b0cdf,0.0,0.0,0.0,"{'mean': -0.029256356969529614, 'std': 0.9833217427687496, 'min': -3.6484128252147836, 'max': 3.1788536793675353, 'skewness': -0.04588912403417841, 'kurtosis': 0.09801182439059009}",3,1,"[0, 2]",2,"(32, 32)",True
2368,channel,3373.118661259842,2.0,-0.2,turbulent,5d2fca520e7738a565dcb0bd72d5873acebdc336cb548c3d3ad74835ef6afee3,0.0,0.0,0.0,"{'mean': 0.6451612903225806, 'std': 0.31691168593614655, 'min': 0.0, 'max': 0.9989594172736732, 'skewness': -0.6304339420761846, 'kurtosis': -0.882180438157667}",3,1,"[0, 1]",2,"(32, 32)",True
2020,channel,1714.2857142857142,2.5,-0.05,transition,8ea1e28b38e8827f01bd5208b0c50719dcb0ee8254609d8447d5be5ba1edc108,0.0,0.0,0.0,"{'mean': -0.029256356969529614, 'std': 0.9833217427687496, 'min': -3.6484128252147836, 'max': 3.1788536793675353, 'skewness': -0.04588912403417841, 'kurtosis': 0.09801182439059009}",3,1,"[0, 2]",2,"(32, 32)",True
3557,cavity,2035.7142857142858,1.0,-0.15,transition,126acaaa4cf4ab4cb1faf0de5277e9a6471a74c2a9a7c06411588e64a131c7d8,0.0,0.0,0.0,"{'mean': -0.029256356969529614, 'std': 0.9833217427687496, 'min': -3.6484128252147836, 'max': 3.1788536793675353, 'skewness': -0.04588912403417841, 'kurtosis': 0.09801182439059009}",3,1,"[0, 2]",2,"(32, 32)",True
3081,cavity,402.10526315789474,1.0,-0.1,laminar,850233c21f0ead855b5879d3bbfcf683c69c3bd1545697df3d7bb0315c1bb671,0.0,0.0,0.0,"{'mean': -0.029256356969529614, 'std': 0.9833217427687496, 'min': -3.6484128252147836, 'max': 3.1788536793675353, 'skewness': -0.04588912403417841, 'kurtosis': 0.09801182439059009}",3,1,"[0, 2]",2,"(32, 32)",True
732,pipe,2571.4285714285716,1.0,-0.15,turbulent,8d91fb4f90a60f1439765cfcd939b32a438b7630d0a0561177e593add4104f9c,0.0,0.0,0.0,"{'mean': -0.029256356969529614, 'std': 0.9833217427687496, 'min': -3.6484128252147836, 'max': 3.1788536793675353, 'skewness': -0.04588912403417841, 'kurtosis': 0.09801182439059009}",3,1,"[0, 2]",2,"(32, 32)",True
1625,channel,480.52631578947364,0.5,-0.05,laminar,d52eaae593a32caedce30b29de2ba398f4fc7bacd7110a84af33ed6f3601da39,0.0,0.0,0.0,"{'mean': -0.029256356969529614, 'std': 0.9833217427687496, 'min': -3.6484128252147836, 'max': 3.1788536793675353, 'skewness': -0.04588912403417841, 'kurtosis': 0.09801182439059009}",3,1,"[0, 2]",2,"(32, 32)",True
2883,channel,39550.25383869249,1.0,-0.2,turbulent,3daec3dba186915b9bc1e5a1d6f19a1837aca0337fdd931a62339457ed796343,0.0,0.0,0.0,"{'mean': -0.029256356969529614, 'std': 0.9833217427687496, 'min': -3.6484128252147836, 'max': 3.1788536793675353, 'skewness': -0.04588912403417841, 'kurtosis': 0.09801182439059009}",3,1,"[0, 2]",2,"(32, 32)",True
1877,channel,1264.7368421052631,0.5,-0.15,laminar,0b931350d8f5a71e09530d331b1a494352eaa4a15deac9cf0961f8e8c79b8e88,0.0,0.0,0.0,"{'mean': -0.029256356969529614, 'std': 0.9833217427687496, 'min': -3.6484128252147836, 'max': 3.1788536793675353, 'skewness': -0.04588912403417841, 'kurtosis': 0.09801182439059009}",3,1,"[0, 2]",2,"(32, 32)",True
1530,channel,166.8421052631579,1.0,-0.05,laminar,d773de4b2f1114fb705e63244a6005184b1517e913c7cd4ce11d2330ffe0fc06,0.0,0.0,0.0,"{'mean': 0.6451612903225806, 'std': 0.31691168593614655, 'min': 0.0, 'max': 0.9989594172736732, 'skewness': -0.6304339420761846, 'kurtosis': -0.882180438157667}",3,1,"[0, 1]",2,"(32, 32)",True
2088,channel,2035.7142857142858,1.5,-0.2,transition,233d5466a91c6ac95039595924a1dd0a4e5b908f50fd338fc752e684ceb8625d,0.0,0.0,0.0,"{'mean': 0.6451612903225806, 'std': 0.31691168593614655, 'min': 0.0, 'max': 0.9989594172736732, 'skewness': -0.6304339420761846, 'kurtosis': -0.882180438157667}",3,1,"[0, 1]",2,"(32, 32)",True
2837,channel,31284.451574100145,1.5,-0.15,turbulent,a294bf80d4bbc9aea13313834ea928a8586f6a8d7b43d46f07e3db5334d73e82,0.0,0.0,0.0,"{'mean': 0.6451612903225806, 'std': 0.31691168593614655, 'min': 0.0, 'max': 0.9989594172736732, 'skewness': -0.6304339420761846, 'kurtosis': -0.882180438157667}",3,1,"[0, 1]",2,"(32, 32)",True
1921,channel,1343.157894736842,2.5,-0.1,laminar,d71f4e8117e8200faa43c0e5b9a1992fbb0bcd0f718b5e89995e36527f7da2b0,0.0,0.0,0.0,"{'mean': 0.6451612903225806, 'std': 0.31691168593614655, 'min': 0.0, 'max': 0.9989594172736732, 'skewness': -0.6304339420761846, 'kurtosis': -0.882180438157667}",3,1,"[0, 1]",2,"(32, 32)",True
3246,cavity,872.6315789473684,2.5,-0.1,laminar,7bd8378b39940d7ef74d4363068128550f14ad03609dd87ec3d8ce4833a84f97,0.0,0.0,0.0,"{'mean': -0.029256356969529614, 'std': 0.9833217427687496, 'min': -3.6484128252147836, 'max': 3.1788536793675353, 'skewness': -0.04588912403417841, 'kurtosis': 0.09801182439059009}",3,1,"[0, 2]",2,"(32, 32)",True
895,pipe,3373.118661259842,2.5,-0.05,turbulent,499cabb74f3254e225bab85da571a1a352c3d839fb34329615ab84d90fb473aa,0.0,0.0,0.0,"{'mean': -0.029256356969529614, 'std': 0.9833217427687496, 'min': -3.6484128252147836, 'max': 3.1788536793675353, 'skewness': -0.04588912403417841, 'kurtosis': 0.09801182439059009}",3,1,"[0, 2]",2,"(32, 32)",True
3528,cavity,1928.5714285714284,0.5,-0.2,transition,dde09b93bb1bcebd1154abae8d2553e5a81225d5a028bdb15f838a8a4f3e21f2,0.0,0.0,0.0,"{'mean': -0.029256356969529614, 'std': 0.9833217427687496, 'min': -3.6484128252147836, 'max': 3.1788536793675353, 'skewness': -0.04588912403417841, 'kurtosis': 0.09801182439059009}",3,1,"[0, 2]",2,"(32, 32)",True
1298,pipe,22008.85516131499,2.5,-0.2,turbulent,2aff1c2fca2cf731b4d6bfa8f0f8cae118402f513081df57e1227af5cda978ae,0.0009987354278564453,0.0,0.0009987354278564453,"{'mean': -0.029256356969529614, 'std': 0.9833217427687496, 'min': -3.6484128252147836, 'max': 3.1788536793675353, 'skewness': -0.04588912403417841, 'kurtosis': 0.09801182439059009}",3,1,"[0, 2]",2,"(32, 32)",True
242,pipe,715.7894736842105,2.0,-0.15,laminar,88057bdab0ecba4df014f09d6cf5451b321ad128c4ddf644484a5707ec36ef3e,0.0,0.0,0.0,"{'mean': -0.029256356969529614, 'std': 0.9833217427687496, 'min': -3.6484128252147836, 'max': 3.1788536793675353, 'skewness': -0.04588912403417841, 'kurtosis': 0.09801182439059009}",3,1,"[0, 2]",2,"(32, 32)",True
1576,channel,323.6842105263158,0.5,-0.1,laminar,55f5329655369c3792c0a54f16255896cb1a3fee3737f2bb97aec6b3caef4a0a,0.0,0.0,0.0,"{'mean': -0.029256356969529614, 'std': 0.9833217427687496, 'min': -3.6484128252147836, 'max': 3.1788536793675353, 'skewness': -0.04588912403417841, 'kurtosis': 0.09801182439059009}",3,1,"[0, 2]",2,"(32, 32)",True
3907,cavity,4794.714065698457,1.0,-0.15,turbulent,9a1dba784a92d49762444aacfb2e5a0564077fae9fc3088b05d8b52f3f85412b,0.0,0.0,0.0,"{'mean': -0.029256356969529614, 'std': 0.9833217427687496, 'min': -3.6484128252147836, 'max': 3.1788536793675353, 'skewness': -0.04588912403417841, 'kurtosis': 0.09801182439059009}",3,1,"[0, 2]",2,"(32, 32)",True
3594,cavity,2142.857142857143,2.0,-0.25,transition,bd6789e466f1c99a90df79b2bf1c1353a58c0a26deea634d15c85e8a81295fa8,0.0,0.0,0.0,"{'mean': -0.029256356969529614, 'std': 0.9833217427687496, 'min': -3.6484128252147836, 'max': 3.1788536793675353, 'skewness': -0.04588912403417841, 'kurtosis': 0.09801182439059009}",3,1,"[0, 2]",2,"(32, 32)",True
1288,pipe,22008.85516131499,1.5,-0.2,turbulent,24eaf5126b11e3d497f50f6f6703b69e0df7dcb624f6e1030af33fd4db6627eb,0.0,0.0,0.0,"{'mean': -0.029256356969529614, 'std': 0.9833217427687496, 'min': -3.6484128252147836, 'max': 3.1788536793675353, 'skewness': -0.04588912403417841, 'kurtosis': 0.09801182439059009}",3,1,"[0, 2]",2,"(32, 32)",True
2070,channel,1928.5714285714284,2.5,-0.05,transition,2781a7a5586ed74b7cd582cda719088a2df03c1a5cf3068b1b0c74d6bebc607d,0.0,0.0,0.0,"{'mean': -0.029256356969529614, 'std': 0.9833217427687496, 'min': -3.6484128252147836, 'max': 3.1788536793675353, 'skewness': -0.04588912403417841, 'kurtosis': 0.09801182439059009}",3,1,"[0, 2]",2,"(32, 32)",True
958,pipe,4794.714065698457,1.0,-0.2,turbulent,98fbb76544cd247e3633f828c0a0334016572962f51989cb4c5ab76098cf346c,0.0,0.0,0.0,"{'mean': -0.029256356969529614, 'std': 0.9833217427687496, 'min': -3.6484128252147836, 'max': 3.1788536793675353, 'skewness': -0.04588912403417841, 'kurtosis': 0.09801182439059009}",3,1,"[0, 2]",2,"(32, 32)",True
404,pipe,1264.7368421052631,0.5,-0.25,laminar,ffee2384614db9c9a2618f0bee4561cbf3c977d419899d1524b06285afa74b62,0.0,0.0,0.0,"{'mean': 0.6451612903225806, 'std': 0.31691168593614655, 'min': 0.0, 'max': 0.9989594172736732, 'skewness': -0.6304339420761846, 'kurtosis': -0.882180438157667}",3,1,"[0, 1]",2,"(32, 32)",True
4262,cavity,24746.16001919883,1.5,-0.15,turbulent,082096dbd4f5549945b90ae0ec4ac1ab699f76c32a260a3260403a7ba7d3683f,0.0,0.0,0.0,"{'mean': -0.029256356969529614, 'std': 0.9833217427687496, 'min': -3.6484128252147836, 'max': 3.1788536793675353, 'skewness': -0.04588912403417841, 'kurtosis': 0.09801182439059009}",3,1,"[0, 2]",2,"(32, 32)",True
392,pipe,1186.3157894736842,2.0,-0.15,laminar,20a677da8d74855b794eac1e20602a9848157493d83a777794277fe47a5bc10a,0.0,0.0,0.0,"{'mean': 0.6451612903225806, 'std': 0.31691168593614655, 'min': 0.0, 'max': 0.9989594172736732, 'skewness': -0.6304339420761846, 'kurtosis': -0.882180438157667}",3,1,"[0, 1]",2,"(32, 32)",True
1575,channel,323.6842105263158,0.5,-0.05,laminar,e4a48fd5acbe0e909b7c9719df56dce33baee3ed8dab2b1938094eac9f01dbbd,0.0,0.0,0.0,"{'mean': 0.6451612903225806, 'std': 0.31691168593614655, 'min': 0.0, 'max': 0.9989594172736732, 'skewness': -0.6304339420761846, 'kurtosis': -0.882180438157667}",3,1,"[0, 1]",2,"(32, 32)",True
3043,cavity,245.26315789473682,2.0,-0.2,laminar,74c81eb01319283e6ba3e0fb338bdd641f8feaa800f3357d51b4f888df3cc7d7,0.0,0.0,0.0,"{'mean': -0.029256356969529614, 'std': 0.9833217427687496, 'min': -3.6484128252147836, 'max': 3.1788536793675353, 'skewness': -0.04588912403417841, 'kurtosis': 0.09801182439059009}",3,1,"[0, 2]",2,"(32, 32)",True
4315,cavity,31284.451574100145,2.0,-0.05,turbulent,90837b3098310e0f0522334857190039b40517e4455697164005b7caec61986d,0.0009975433349609375,0.0,0.0009975433349609375,"{'mean': 0.6451612903225806, 'std': 0.31691168593614655, 'min': 0.0, 'max': 0.9989594172736732, 'skewness': -0.6304339420761846, 'kurtosis': -0.882180438157667}",3,1,"[0, 1]",2,"(32, 32)",True
914,pipe,3792.643167646458,1.5,-0.25,turbulent,582a546d861ec0b9c483dfb86707b66400ba057fe0dce6783e3ee8d2accfeb6c,0.0,0.0,0.0,"{'mean': -0.029256356969529614, 'std': 0.9833217427687496, 'min': -3.6484128252147836, 'max': 3.1788536793675353, 'skewness': -0.04588912403417841, 'kurtosis': 0.09801182439059009}",3,1,"[0, 2]",2,"(32, 32)",True
2968,cavity,10.0,2.0,-0.2,laminar,b366872e23938c2b10980a1af1d49367ff111c435aebd78697fe2a0f29964ef8,0.0,0.0,0.0,"{'mean': 0.6451612903225806, 'std': 0.31691168593614655, 'min': 0.0, 'max': 0.9989594172736732, 'skewness': -0.6304339420761846, 'kurtosis': -0.882180438157667}",3,1,"[0, 1]",2,"(32, 32)",True
3725,cavity,2785.714285714286,0.5,-0.05,turbulent,8a9ea5e8803658716c191982a01b6eb549e05adf08ca360c9365fb7af4a93092,0.0,0.0,0.0,"{'mean': 0.6451612903225806, 'std': 0.31691168593614655, 'min': 0.0, 'max': 0.9989594172736732, 'skewness': -0.6304339420761846, 'kurtosis': -0.882180438157667}",3,1,"[0, 1]",2,"(32, 32)",True
3919,cavity,4794.714065698457,2.0,-0.25,turbulent,e47e896863e7f7e79f87ef09562ce542370ed039e67c9767b88285a087091a7c,0.0,0.0,0.0,"{'mean': -0.029256356969529614, 'std': 0.9833217427687496, 'min': -3.6484128252147836, 'max': 3.1788536793675353, 'skewness': -0.04588912403417841, 'kurtosis': 0.09801182439059009}",3,1,"[0, 2]",2,"(32, 32)",True
2022,channel,1714.2857142857142,2.5,-0.15,transition,b5be0d16ae4249c587487a20f166633a317c508143e67c193b8737ec7fd28301,0.0009856224060058594,0.0,0.0009856224060058594,"{'mean': 0.6451612903225806, 'std': 0.31691168593614655, 'min': 0.0, 'max': 0.9989594172736732, 'skewness': -0.6304339420761846, 'kurtosis': -0.882180438157667}",3,1,"[0, 1]",2,"(32, 32)",True
1630,channel,480.52631578947364,1.0,-0.05,laminar,bd01a0d08f145c1a966de766cfb7d2b7d45e3a1a177aebeb3694b124b5f9cf1a,0.0,0.0,0.0,"{'mean': -0.029256356969529614, 'std': 0.9833217427687496, 'min': -3.6484128252147836, 'max': 3.1788536793675353, 'skewness': -0.04588912403417841, 'kurtosis': 0.09801182439059009}",3,1,"[0, 2]",2,"(32, 32)",True
3139,cavity,558.9473684210526,1.5,-0.25,laminar,e4d79b409830f8b9cc942553375f673de9dcb8c22ab643e652dc156955fa886f,0.0,0.0,0.0,"{'mean': -0.029256356969529614, 'std': 0.9833217427687496, 'min': -3.6484128252147836, 'max': 3.1788536793675353, 'skewness': -0.04588912403417841, 'kurtosis': 0.09801182439059009}",3,1,"[0, 2]",2,"(32, 32)",True
742,pipe,2571.4285714285716,2.0,-0.15,turbulent,488dc1241de2af98fb374ac1d177a80caf011485873053a747824bd80eb7c4cc,0.0,0.0009992122650146484,0.0009992122650146484,"{'mean': -0.029256356969529614, 'std': 0.9833217427687496, 'min': -3.6484128252147836, 'max': 3.1788536793675353, 'skewness': -0.04588912403417841, 'kurtosis': 0.09801182439059009}",3,1,"[0, 2]",2,"(32, 32)",True
1756,channel,872.6315789473684,1.0,-0.1,laminar,4f4a18e3014ad246af32553c076854bb2a4291362e3297c6616c717d235aa4b4,0.0,0.0,0.0,"{'mean': -0.029256356969529614, 'std': 0.9833217427687496, 'min': -3.6484128252147836, 'max': 3.1788536793675353, 'skewness': -0.04588912403417841, 'kurtosis': 0.09801182439059009}",3,1,"[0, 2]",2,"(32, 32)",True
2117,channel,2142.857142857143,2.0,-0.15,transition,1898bb1a43cbce04245125ab272ec9d1b7bfd0dcdebd018997fe977d505de6cc,0.0,0.0,0.0,"{'mean': -0.029256356969529614, 'std': 0.9833217427687496, 'min': -3.6484128252147836, 'max': 3.1788536793675353, 'skewness': -0.04588912403417841, 'kurtosis': 0.09801182439059009}",3,1,"[0, 2]",2,"(32, 32)",True
4209,cavity,19574.338205844306,1.0,-0.25,turbulent,97d700967635b4701af7f148869da5733aec95aff0ae14bb5e42d2c9d5f09268,0.0,0.0,0.0,"{'mean': -0.029256356969529614, 'std': 0.9833217427687496, 'min': -3.6484128252147836, 'max': 3.1788536793675353, 'skewness': -0.04588912403417841, 'kurtosis': 0.09801182439059009}",3,1,"[0, 2]",2,"(32, 32)",True
2848,channel,31284.451574100145,2.5,-0.2,turbulent,74354526e6305cccd58996ac7efb927763033b888f5064cb55e8770cceb8461a,0.0,0.0,0.0,"{'mean': -0.029256356969529614, 'std': 0.9833217427687496, 'min': -3.6484128252147836, 'max': 3.1788536793675353, 'skewness': -0.04588912403417841, 'kurtosis': 0.09801182439059009}",3,1,"[0, 2]",2,"(32, 32)",True
1944,channel,1421.578947368421,2.0,-0.25,laminar,d7fec347891a20b472426edefa1ef4dcf1dfcad2132ad6841e365f1bb9f5c00a,0.0009996891021728516,0.0,0.0009996891021728516,"{'mean': -0.029256356969529614, 'std': 0.9833217427687496, 'min': -3.6484128252147836, 'max': 3.1788536793675353, 'skewness': -0.04588912403417841, 'kurtosis': 0.09801182439059009}",3,1,"[0, 2]",2,"(32, 32)",True
1452,pipe,49999.99999999999,0.5,-0.15,turbulent,f5eb6aefd5cb6fb049ddde052a3d1c458c01703b7f6e5092e4b092a72b7b03e9,0.0,0.0,0.0,"{'mean': -0.029256356969529614, 'std': 0.9833217427687496, 'min': -3.6484128252147836, 'max': 3.1788536793675353, 'skewness': -0.04588912403417841, 'kurtosis': 0.09801182439059009}",3,1,"[0, 2]",2,"(32, 32)",True
3868,cavity,3792.643167646458,2.0,-0.2,turbulent,e8d55e86b81d93137a5bc350f54ad94f2c86941c90e76507a53621be76060a18,0.0,0.0,0.0,"{'mean': 0.6451612903225806, 'std': 0.31691168593614655, 'min': 0.0, 'max': 0.9989594172736732, 'skewness': -0.6304339420761846, 'kurtosis': -0.882180438157667}",3,1,"[0, 1]",2,"(32, 32)",True
2340,channel,3000.0000000000014,2.0,-0.05,turbulent,7654bf03e243d77d3fd07f1e63b4ce7830b001db66c8012a7d202c295b4d3ba6,0.0,0.0,0.0,"{'mean': -0.029256356969529614, 'std': 0.9833217427687496, 'min': -3.6484128252147836, 'max': 3.1788536793675353, 'skewness': -0.04588912403417841, 'kurtosis': 0.09801182439059009}",3,1,"[0, 2]",2,"(32, 32)",True
2121,channel,2142.857142857143,2.5,-0.1,transition,b90dd54eb65924fb889b8ea4ae7983af60d59c2cacb9209391913ee62941756d,0.0,0.0,0.0,"{'mean': 0.6451612903225806, 'std': 0.31691168593614655, 'min': 0.0, 'max': 0.9989594172736732, 'skewness': -0.6304339420761846, 'kurtosis': -0.882180438157667}",3,1,"[0, 1]",2,"(32, 32)",True
990,pipe,5391.046496804163,2.0,-0.05,turbulent,ee29d51bbc87a9cf1ba1e10d278091b4aba8815cd045f3f80c5c06d929e2762f,0.0,0.0009987354278564453,0.0009987354278564453,"{'mean': -0.029256356969529614, 'std': 0.9833217427687496, 'min': -3.6484128252147836, 'max': 3.1788536793675353, 'skewness': -0.04588912403417841, 'kurtosis': 0.09801182439059009}",3,1,"[0, 2]",2,"(32, 32)",True
91,pipe,245.26315789473682,2.0,-0.1,laminar,8d1d16509df5b425818bb3afebdb04a1ba286f9c18c9ef1e02cd2d232f1ba4d7,0.0,0.0,0.0,"{'mean': -0.029256356969529614, 'std': 0.9833217427687496, 'min': -3.6484128252147836, 'max': 3.1788536793675353, 'skewness': -0.04588912403417841, 'kurtosis': 0.09801182439059009}",3,1,"[0, 2]",2,"(32, 32)",True
1865,channel,1186.3157894736842,2.0,-0.05,laminar,6388d434e27a60f75918c31e4cd67ca014bfc24e3d002a7e02fc45c50906e8cf,0.0,0.0,0.0,"{'mean': 0.6451612903225806, 'std': 0.31691168593614655, 'min': 0.0, 'max': 0.9989594172736732, 'skewness': -0.6304339420761846, 'kurtosis': -0.882180438157667}",3,1,"[0, 1]",2,"(32, 32)",True
214,pipe,637.3684210526316,1.5,-0.25,laminar,d26761628b7e5a46d600fa0123b62b9103d24dbf0e4944a7d707f41f85769446,0.0,0.0,0.0,"{'mean': -0.029256356969529614, 'std': 0.9833217427687496, 'min': -3.6484128252147836, 'max': 3.1788536793675353, 'skewness': -0.04588912403417841, 'kurtosis': 0.09801182439059009}",3,1,"[0, 2]",2,"(32, 32)",True
2673,channel,13770.69926991083,2.5,-0.2,turbulent,24cf40a6e61e70d39e337385cd50354b7b7635b5fa0ecb925b3ea63cdec14f4c,0.0,0.0,0.0,"{'mean': -0.029256356969529614, 'std': 0.9833217427687496, 'min': -3.6484128252147836, 'max': 3.1788536793675353, 'skewness': -0.04588912403417841, 'kurtosis': 0.09801182439059009}",3,1,"[0, 2]",2,"(32, 32)",True
3001,cavity,166.8421052631579,0.5,-0.1,laminar,b4b58b2ce132a943376e62121e7088fd14af0c773f265b5b00c165c01ada9e91,0.0,0.0,0.0,"{'mean': -0.029256356969529614, 'std': 0.9833217427687496, 'min': -3.6484128252147836, 'max': 3.1788536793675353, 'skewness': -0.04588912403417841, 'kurtosis': 0.09801182439059009}",3,1,"[0, 2]",2,"(32, 32)",True
4299,cavity,27823.91138509389,2.5,-0.25,turbulent,6c1f7d1c7f66230254449fe4b8d011aa04714e292bbeafa6835e78e7c85213ff,0.0,0.0,0.0,"{'mean': -0.029256356969529614, 'std': 0.9833217427687496, 'min': -3.6484128252147836, 'max': 3.1788536793675353, 'skewness': -0.04588912403417841, 'kurtosis': 0.09801182439059009}",3,1,"[0, 2]",2,"(32, 32)",True
619,pipe,2035.7142857142858,2.0,-0.25,transition,9f4cc863e0c9bd03afce057f70e32fb122ede8df7fcfa4ff9e8a731d7a0fa10c,0.0,0.0,0.0,"{'mean': -0.029256356969529614, 'std': 0.9833217427687496, 'min': -3.6484128252147836, 'max': 3.1788536793675353, 'skewness': -0.04588912403417841, 'kurtosis': 0.09801182439059009}",3,1,"[0, 2]",2,"(32, 32)",True
2904,channel,44469.233093619056,0.5,-0.25,turbulent,7aee0edde7e4562d8ab439e6ecfcb0bc73047cdb4690e1f12e6365c10d7117f4,0.0,0.0,0.0,"{'mean': -0.029256356969529614, 'std': 0.9833217427687496, 'min': -3.6484128252147836, 'max': 3.1788536793675353, 'skewness': -0.04588912403417841, 'kurtosis': 0.09801182439059009}",3,1,"[0, 2]",2,"(32, 32)",True
3221,cavity,794.2105263157895,2.5,-0.1,laminar,020ac42b81748cfaa8abb8a6e09b1955278a7ffa1f44a4a5ea5cdf94a6f6ebb6,0.0,0.0,0.0,"{'mean': -0.029256356969529614, 'std': 0.9833217427687496, 'min': -3.6484128252147836, 'max': 3.1788536793675353, 'skewness': -0.04588912403417841, 'kurtosis': 0.09801182439059009}",3,1,"[0, 2]",2,"(32, 32)",True
782,pipe,2785.714285714286,1.0,-0.15,turbulent,df487661e550467a3d0ecf4d9e4786f9eddddfbb9f1deacc22a49a2517e33150,0.0,0.0,0.0,"{'mean': -0.029256356969529614, 'std': 0.9833217427687496, 'min': -3.6484128252147836, 'max': 3.1788536793675353, 'skewness': -0.04588912403417841, 'kurtosis': 0.09801182439059009}",3,1,"[0, 2]",2,"(32, 32)",True
4167,cavity,15483.400895311179,2.0,-0.15,turbulent,99ac9c74252ff3e3646ffd48f47ffa2fc0f1ccac6d51f4ef04688a6b5da377de,0.0,0.0,0.0,"{'mean': -0.029256356969529614, 'std': 0.9833217427687496, 'min': -3.6484128252147836, 'max': 3.1788536793675353, 'skewness': -0.04588912403417841, 'kurtosis': 0.09801182439059009}",3,1,"[0, 2]",2,"(32, 32)",True
4118,cavity,12247.448713915892,2.0,-0.2,turbulent,e2d410ab5227f52848902856021e86e52e1b154e884700fca8d0ac0c2ccdc6a9,0.001188039779663086,0.0,0.001188039779663086,"{'mean': 0.6451612903225806, 'std': 0.31691168593614655, 'min': 0.0, 'max': 0.9989594172736732, 'skewness': -0.6304339420761846, 'kurtosis': -0.882180438157667}",3,1,"[0, 1]",2,"(32, 32)",True
1741,channel,794.2105263157895,2.0,-0.1,laminar,7d9d80b3ea464c17d0e92f7ea1bf08ba2925af729fd261daa8ee69c78fb12657,0.0,0.0,0.0,"{'mean': -0.029256356969529614, 'std': 0.9833217427687496, 'min': -3.6484128252147836, 'max': 3.1788536793675353, 'skewness': -0.04588912403417841, 'kurtosis': 0.09801182439059009}",3,1,"[0, 2]",2,"(32, 32)",True
310,pipe,951.0526315789473,1.5,-0.05,laminar,00823b4b6fb83832f0fc037bc8cd4ffc50aac547e77b24b29aaf444ae2be6211,0.0,0.0,0.0,"{'mean': -0.029256356969529614, 'std': 0.9833217427687496, 'min': -3.6484128252147836, 'max': 3.1788536793675353, 'skewness': -0.04588912403417841, 'kurtosis': 0.09801182439059009}",3,1,"[0, 2]",2,"(32, 32)",True
1917,channel,1343.157894736842,2.0,-0.15,laminar,43f4b03958d9bb4809fce178fa132bf33c9f088cf2796c29061021d66623de73,0.0,0.0,0.0,"{'mean': -0.029256356969529614, 'std': 0.9833217427687496, 'min': -3.6484128252147836, 'max': 3.1788536793675353, 'skewness': -0.04588912403417841, 'kurtosis': 0.09801182439059009}",3,1,"[0, 2]",2,"(32, 32)",True
4363,cavity,39550.25383869249,1.5,-0.2,turbulent,f9afe608584f0f92b509f249c2155147eeb04a7f38b6b6a35b86fb6c47cc574e,0.0,0.0,0.0,"{'mean': 0.6451612903225806, 'std': 0.31691168593614655, 'min': 0.0, 'max': 0.9989594172736732, 'skewness': -0.6304339420761846, 'kurtosis': -0.882180438157667}",3,1,"[0, 1]",2,"(32, 32)",True
2204,channel,2571.4285714285716,0.5,-0.25,turbulent,c245bda2ecb3d90fca2cca0c7c82d62dd24940e1247a306030e43cb279cb3a49,0.0,0.0,0.0,"{'mean': -0.029256356969529614, 'std': 0.9833217427687496, 'min': -3.6484128252147836, 'max': 3.1788536793675353, 'skewness': -0.04588912403417841, 'kurtosis': 0.09801182439059009}",3,1,"[0, 2]",2,"(32, 32)",True
2571,channel,8616.175489020434,2.5,-0.1,turbulent,92dfed1580bfe852d8ca3626fe1f2dc757302af3423517c245fc23fca103968d,0.0010004043579101562,0.0,0.0010004043579101562,"{'mean': -0.029256356969529614, 'std': 0.9833217427687496, 'min': -3.6484128252147836, 'max': 3.1788536793675353, 'skewness': -0.04588912403417841, 'kurtosis': 0.09801182439059009}",3,1,"[0, 2]",2,"(32, 32)",True
398,pipe,1186.3157894736842,2.5,-0.2,laminar,f226c773e1d7fd092afbdf748f35ceebc1fb91078152387d6dda1d27807c9791,0.0,0.0,0.0,"{'mean': 0.6451612903225806, 'std': 0.31691168593614655, 'min': 0.0, 'max': 0.9989594172736732, 'skewness': -0.6304339420761846, 'kurtosis': -0.882180438157667}",3,1,"[0, 1]",2,"(32, 32)",True
2855,channel,35175.3891372923,1.0,-0.05,turbulent,8aaeee738421a3e1f52a6cc04cd3f2fb2044545634a691be20425abed720b7b2,0.0,0.0,0.0,"{'mean': -0.029256356969529614, 'std': 0.9833217427687496, 'min': -3.6484128252147836, 'max': 3.1788536793675353, 'skewness': -0.04588912403417841, 'kurtosis': 0.09801182439059009}",3,1,"[0, 2]",2,"(32, 32)",True
2102,channel,2142.857142857143,0.5,-0.15,transition,c0fb7128cbb03ec68b7f2fa7c717466d95134b1383b20067357acba495126c22,0.0,0.0,0.0,"{'mean': -0.029256356969529614, 'std': 0.9833217427687496, 'min': -3.6484128252147836, 'max': 3.1788536793675353, 'skewness': -0.04588912403417841, 'kurtosis': 0.09801182439059009}",3,1,"[0, 2]",2,"(32, 32)",True
1985,channel,1607.142857142857,1.5,-0.05,transition,43d22eaef1596379b4b39e3af4ec9b3bbf98714553c3e7484f40d72013938833,0.0,0.0,0.0,"{'mean': -0.029256356969529614, 'std': 0.9833217427687496, 'min': -3.6484128252147836, 'max': 3.1788536793675353, 'skewness': -0.04588912403417841, 'kurtosis': 0.09801182439059009}",3,1,"[0, 2]",2,"(32, 32)",True
4218,cavity,19574.338205844306,2.0,-0.2,turbulent,cc3b5ceee6ff99571cfe4e53071aa01748d5f094d13f96bc525d6a60b8911a25,0.0,0.0,0.0,"{'mean': -0.029256356969529614, 'std': 0.9833217427687496, 'min': -3.6484128252147836, 'max': 3.1788536793675353, 'skewness': -0.04588912403417841, 'kurtosis': 0.09801182439059009}",3,1,"[0, 2]",2,"(32, 32)",True
747,pipe,2571.4285714285716,2.5,-0.15,turbulent,f67e304a97f61c76e5739ff5b15d02c6a9a333b861d720b4c362d5aaf94cd8ab,0.0,0.0,0.0,"{'mean': -0.029256356969529614, 'std': 0.9833217427687496, 'min': -3.6484128252147836, 'max': 3.1788536793675353, 'skewness': -0.04588912403417841, 'kurtosis': 0.09801182439059009}",3,1,"[0, 2]",2,"(32, 32)",True
3660,cavity,2464.285714285714,1.5,-0.05,transition,10cff974688e87ab601872289505cae8d2f9cb10ab28ef754aa9d2dd632cfd3f,0.0,0.0,0.0,"{'mean': -0.029256356969529614, 'std': 0.9833217427687496, 'min': -3.6484128252147836, 'max': 3.1788536793675353, 'skewness': -0.04588912403417841, 'kurtosis': 0.09801182439059009}",3,1,"[0, 2]",2,"(32, 32)",True
2355,channel,3373.118661259842,1.0,-0.05,turbulent,c154abde2c54ad7835b0fd968ccc5c4d04a0e0c95331dc3afdd0d4fa8da7eee4,0.0,0.0,0.0,"{'mean': 0.6451612903225806, 'std': 0.31691168593614655, 'min': 0.0, 'max': 0.9989594172736732, 'skewness': -0.6304339420761846, 'kurtosis': -0.882180438157667}",3,1,"[0, 1]",2,"(32, 32)",True
1830,channel,1107.8947368421052,1.0,-0.05,laminar,9140d725bb4e59639a651758079bdf0ca117db46487ad78a83e957cd70090580,0.0,0.0,0.0,"{'mean': -0.029256356969529614, 'std': 0.9833217427687496, 'min': -3.6484128252147836, 'max': 3.1788536793675353, 'skewness': -0.04588912403417841, 'kurtosis': 0.09801182439059009}",3,1,"[0, 2]",2,"(32, 32)",True
3151,cavity,637.3684210526316,0.5,-0.1,laminar,f53763a536530486ae25000de42341f022784c910c7116acf73eab470adc3f48,0.0,0.0,0.0,"{'mean': -0.029256356969529614, 'std': 0.9833217427687496, 'min': -3.6484128252147836, 'max': 3.1788536793675353, 'skewness': -0.04588912403417841, 'kurtosis': 0.09801182439059009}",3,1,"[0, 2]",2,"(32, 32)",True
298,pipe,872.6315789473684,2.5,-0.2,laminar,a432ba52d6101987f5141eacf82a79f04e061bbe8d9c27c3947b2d3d96d5c71e,0.0,0.0,0.0,"{'mean': -0.029256356969529614, 'std': 0.9833217427687496, 'min': -3.6484128252147836, 'max': 3.1788536793675353, 'skewness': -0.04588912403417841, 'kurtosis': 0.09801182439059009}",3,1,"[0, 2]",2,"(32, 32)",True
514,pipe,1607.142857142857,1.5,-0.25,transition,0f56e35ef30ec49546557dec37387a58115ede2e450a76376a3446c7e1c1491d,0.0,0.0,0.0,"{'mean': -0.029256356969529614, 'std': 0.9833217427687496, 'min': -3.6484128252147836, 'max': 3.1788536793675353, 'skewness': -0.04588912403417841, 'kurtosis': 0.09801182439059009}",3,1,"[0, 2]",2,"(32, 32)",True
1166,pipe,12247.448713915892,2.0,-0.1,turbulent,feaff629be86e496871e4c7c6b8a9a64817652539ab54271d1a1e4eaadab6a13,0.0,0.0,0.0,"{'mean': -0.029256356969529614, 'std': 0.9833217427687496, 'min': -3.6484128252147836, 'max': 3.1788536793675353, 'skewness': -0.04588912403417841, 'kurtosis': 0.09801182439059009}",3,1,"[0, 2]",2,"(32, 32)",True
3505,cavity,1821.4285714285716,1.0,-0.05,transition,5b3099c96f7ab6315ba41a735c1a6ed8a4402a9a0d4dfe414508149e452710c7,0.0,0.0,0.0,"{'mean': -0.029256356969529614, 'std': 0.9833217427687496, 'min': -3.6484128252147836, 'max': 3.1788536793675353, 'skewness': -0.04588912403417841, 'kurtosis': 0.09801182439059009}",3,1,"[0, 2]",2,"(32, 32)",True
332,pipe,1029.4736842105262,1.0,-0.15,laminar,25b5eb40906abe2f9e4a40248b6037be2ac014c8f78045480c308eca1e3a535b,0.0,0.0,0.0,"{'mean': -0.029256356969529614, 'std': 0.9833217427687496, 'min': -3.6484128252147836, 'max': 3.1788536793675353, 'skewness': -0.04588912403417841, 'kurtosis': 0.09801182439059009}",3,1,"[0, 2]",2,"(32, 32)",True
4323,cavity,31284.451574100145,2.5,-0.2,turbulent,ba314ac83ca1b1d0e666995602308afef54d868be0923e93685f51917b36a21d,0.0,0.0,0.0,"{'mean': -0.029256356969529614, 'std': 0.9833217427687496, 'min': -3.6484128252147836, 'max': 3.1788536793675353, 'skewness': -0.04588912403417841, 'kurtosis': 0.09801182439059009}",3,1,"[0, 2]",2,"(32, 32)",True
1388,pipe,35175.3891372923,1.5,-0.2,turbulent,953dfbc00d850ee4b22ab92c999232ec2b71631a263175e2e457dc15a47de798,0.0,0.0,0.0,"{'mean': 0.6451612903225806, 'std': 0.31691168593614655, 'min': 0.0, 'max': 0.9989594172736732, 'skewness': -0.6304339420761846, 'kurtosis': -0.882180438157667}",3,1,"[0, 1]",2,"(32, 32)",True
2913,channel,44469.233093619056,1.5,-0.2,turbulent,b18120fee5e7e6917cc506ad70b6d694914e6fa533550666d95ffb335c9ae1b1,0.0,0.0009999275207519531,0.0009999275207519531,"{'mean': -0.029256356969529614, 'std': 0.9833217427687496, 'min': -3.6484128252147836, 'max': 3.1788536793675353, 'skewness': -0.04588912403417841, 'kurtosis': 0.09801182439059009}",3,1,"[0, 2]",2,"(32, 32)",True
536,pipe,1714.2857142857142,1.5,-0.1,transition,20536515774d6a3a36beccb7f2b0051c1afc54bb4b2b825fcb29e0141e62d804,0.0,0.0,0.0,"{'mean': -0.029256356969529614, 'std': 0.9833217427687496, 'min': -3.6484128252147836, 'max': 3.1788536793675353, 'skewness': -0.04588912403417841, 'kurtosis': 0.09801182439059009}",3,1,"[0, 2]",2,"(32, 32)",True
1772,channel,872.6315789473684,2.5,-0.15,laminar,d6b396c516e862fc7fb3fc21949720ff9731ccf3c447e7374f3e56b37ee7073d,0.0,0.0,0.0,"{'mean': -0.029256356969529614, 'std': 0.9833217427687496, 'min': -3.6484128252147836, 'max': 3.1788536793675353, 'skewness': -0.04588912403417841, 'kurtosis': 0.09801182439059009}",3,1,"[0, 2]",2,"(32, 32)",True
783,pipe,2785.714285714286,1.0,-0.2,turbulent,fc43cf95f2ed1d162b8b335d7dce04686a46089ccf524d4e51629779ec3648a3,0.0,0.0,0.0,"{'mean': -0.029256356969529614, 'std': 0.9833217427687496, 'min': -3.6484128252147836, 'max': 3.1788536793675353, 'skewness': -0.04588912403417841, 'kurtosis': 0.09801182439059009}",3,1,"[0, 2]",2,"(32, 32)",True
3804,cavity,3000.0000000000014,0.5,-0.25,turbulent,d51c606df1f6e9793998dab7a01a8157d4201787fe24db5db65f65d1ff5ee09f,0.0,0.0,0.0,"{'mean': -0.029256356969529614, 'std': 0.9833217427687496, 'min': -3.6484128252147836, 'max': 3.1788536793675353, 'skewness': -0.04588912403417841, 'kurtosis': 0.09801182439059009}",3,1,"[0, 2]",2,"(32, 32)",True
436,pipe,1343.157894736842,1.5,-0.1,laminar,a7a632b3df7fc4257a72a01eabe0787944ebf27379c31fbf90e0cb37f520e303,0.0,0.0,0.0,"{'mean': 0.6451612903225806, 'std': 0.31691168593614655, 'min': 0.0, 'max': 0.9989594172736732, 'skewness': -0.6304339420761846, 'kurtosis': -0.882180438157667}",3,1,"[0, 1]",2,"(32, 32)",True
115,pipe,323.6842105263158,2.0,-0.05,laminar,f6bc7cef2fa4dfd5fdbacc01af1959076bfb67d38dd0666c8b626d597f7b9d03,0.0,0.0,0.0,"{'mean': 0.6451612903225806, 'std': 0.31691168593614655, 'min': 0.0, 'max': 0.9989594172736732, 'skewness': -0.6304339420761846, 'kurtosis': -0.882180438157667}",3,1,"[0, 1]",2,"(32, 32)",True
2251,channel,2785.714285714286,0.5,-0.1,turbulent,556a61678c083852241b5c2226b0f19d767b8c9fed1a4d6a6432e8030c87aa95,0.0,0.0,0.0,"{'mean': -0.029256356969529614, 'std': 0.9833217427687496, 'min': -3.6484128252147836, 'max': 3.1788536793675353, 'skewness': -0.04588912403417841, 'kurtosis': 0.09801182439059009}",3,1,"[0, 2]",2,"(32, 32)",True
3077,cavity,402.10526315789474,0.5,-0.15,laminar,2707dba6bfea259620b84d32728e0d8588e77fafffa7efe4386776d567221187,0.0,0.0,0.0,"{'mean': 0.6451612903225806, 'std': 0.31691168593614655, 'min': 0.0, 'max': 0.9989594172736732, 'skewness': -0.6304339420761846, 'kurtosis': -0.882180438157667}",3,1,"[0, 1]",2,"(32, 32)",True
3547,cavity,1928.5714285714284,2.5,-0.15,transition,fdc3fc31ba3b39d1e130661dff5e83e1e6fa9a456ea3d095bd1034401299195c,0.0,0.0,0.0,"{'mean': -0.029256356969529614, 'std': 0.9833217427687496, 'min': -3.6484128252147836, 'max': 3.1788536793675353, 'skewness': -0.04588912403417841, 'kurtosis': 0.09801182439059009}",3,1,"[0, 2]",2,"(32, 32)",True
2032,channel,1821.4285714285716,1.0,-0.15,transition,778e9973dd16dd398dbf97cc87dc3cc788c0bdbd34988aa1f4648f13297cbc9a,0.0,0.0,0.0,"{'mean': -0.029256356969529614, 'std': 0.9833217427687496, 'min': -3.6484128252147836, 'max': 3.1788536793675353, 'skewness': -0.04588912403417841, 'kurtosis': 0.09801182439059009}",3,1,"[0, 2]",2,"(32, 32)",True
3943,cavity,5391.046496804163,2.0,-0.2,turbulent,1e077a4c15b61f6387d021c98fe3426da95427b276871d2a19bda8f46511322b,0.0,0.0,0.0,"{'mean': 0.6451612903225806, 'std': 0.31691168593614655, 'min': 0.0, 'max': 0.9989594172736732, 'skewness': -0.6304339420761846, 'kurtosis': -0.882180438157667}",3,1,"[0, 1]",2,"(32, 32)",True
343,pipe,1029.4736842105262,2.0,-0.2,laminar,6a4728913630932881e58b71482bc2defad624a9f5b70e2869b34161b1dae5d0,0.0,0.0,0.0,"{'mean': -0.029256356969529614, 'std': 0.9833217427687496, 'min': -3.6484128252147836, 'max': 3.1788536793675353, 'skewness': -0.04588912403417841, 'kurtosis': 0.09801182439059009}",3,1,"[0, 2]",2,"(32, 32)",True
3041,cavity,245.26315789473682,2.0,-0.1,laminar,ad9add413f88539ff24ac1eb07cbdc996692c5850fc6b6777eea67fc48e02053,0.0,0.0,0.0,"{'mean': -0.029256356969529614, 'std': 0.9833217427687496, 'min': -3.6484128252147836, 'max': 3.1788536793675353, 'skewness': -0.04588912403417841, 'kurtosis': 0.09801182439059009}",3,1,"[0, 2]",2,"(32, 32)",True
1622,channel,402.10526315789474,2.5,-0.15,laminar,0fc450794ca70759863896df095f4c172454f4e6e4b82acb384bad665180f6cd,0.0,0.0,0.0,"{'mean': 0.6451612903225806, 'std': 0.31691168593614655, 'min': 0.0, 'max': 0.9989594172736732, 'skewness': -0.6304339420761846, 'kurtosis': -0.882180438157667}",3,1,"[0, 1]",2,"(32, 32)",True
2779,channel,24746.16001919883,0.5,-0.25,turbulent,980b9729adf775f7deea35561e3e3d0b3c6bae272d7246470e6148e5f10615f7,0.0,0.0,0.0,"{'mean': 0.6451612903225806, 'std': 0.31691168593614655, 'min': 0.0, 'max': 0.9989594172736732, 'skewness': -0.6304339420761846, 'kurtosis': -0.882180438157667}",3,1,"[0, 1]",2,"(32, 32)",True
1447,pipe,44469.233093619056,2.5,-0.15,turbulent,456ec9a9058d8831105daad970bbb61037f6dd64baa0f3c31c779e17a401c918,0.0,0.0,0.0,"{'mean': -0.029256356969529614, 'std': 0.9833217427687496, 'min': -3.6484128252147836, 'max': 3.1788536793675353, 'skewness': -0.04588912403417841, 'kurtosis': 0.09801182439059009}",3,1,"[0, 2]",2,"(32, 32)",True
2283,channel,2892.857142857143,1.0,-0.2,turbulent,75ba35cbf7a57d4d35f2f08d179015d9e0a253bd5109fe11e01ddbd63d94a55f,0.0010137557983398438,0.0,0.0010137557983398438,"{'mean': -0.029256356969529614, 'std': 0.9833217427687496, 'min': -3.6484128252147836, 'max': 3.1788536793675353, 'skewness': -0.04588912403417841, 'kurtosis': 0.09801182439059009}",3,1,"[0, 2]",2,"(32, 32)",True
1101,pipe,9687.79411023482,0.5,-0.1,turbulent,10b5bf027be87f67904c3ebadd50392f5b9c3bc3688478ab09520615647b21a3,0.0,0.0,0.0,"{'mean': -0.029256356969529614, 'std': 0.9833217427687496, 'min': -3.6484128252147836, 'max': 3.1788536793675353, 'skewness': -0.04588912403417841, 'kurtosis': 0.09801182439059009}",3,1,"[0, 2]",2,"(32, 32)",True
510,pipe,1607.142857142857,1.5,-0.05,transition,c2e0c990a2ebbccfba13848b8875b4b8d338fbe5691bb47c206e4b2febf9ea99,0.0,0.0,0.0,"{'mean': -0.029256356969529614, 'std': 0.9833217427687496, 'min': -3.6484128252147836, 'max': 3.1788536793675353, 'skewness': -0.04588912403417841, 'kurtosis': 0.09801182439059009}",3,1,"[0, 2]",2,"(32, 32)",True
1239,pipe,17409.116166580472,1.5,-0.25,turbulent,c8edb0b9b4dbc82aab6b76c5b01b5b26dd014b22f613b090921d4210c6fa40f8,0.0,0.0,0.0,"{'mean': -0.029256356969529614, 'std': 0.9833217427687496, 'min': -3.6484128252147836, 'max': 3.1788536793675353, 'skewness': -0.04588912403417841, 'kurtosis': 0.09801182439059009}",3,1,"[0, 2]",2,"(32, 32)",True
2549,channel,7663.09432393553,2.5,-0.25,turbulent,658b48d1ce9cdf5bba34bb9f1e419ab772bf89181dbe2c1a6ca1f17201482d9c,0.0,0.0,0.0,"{'mean': -0.029256356969529614, 'std': 0.9833217427687496, 'min': -3.6484128252147836, 'max': 3.1788536793675353, 'skewness': -0.04588912403417841, 'kurtosis': 0.09801182439059009}",3,1,"[0, 2]",2,"(32, 32)",True
1192,pipe,13770.69926991083,2.0,-0.15,turbulent,903b739af1c4f74408aeb696c5132d89d02455247ca8edd180b1c0da1c9a7cb7,0.0,0.0,0.0,"{'mean': -0.029256356969529614, 'std': 0.9833217427687496, 'min': -3.6484128252147836, 'max': 3.1788536793675353, 'skewness': -0.04588912403417841, 'kurtosis': 0.09801182439059009}",3,1,"[0, 2]",2,"(32, 32)",True
1099,pipe,8616.175489020434,2.5,-0.25,turbulent,e1b94411b80acc05f62edaf461e246ad4333c155d5e30cf5182b53a7f6643706,0.0,0.0,0.0,"{'mean': 0.6451612903225806, 'std': 0.31691168593614655, 'min': 0.0, 'max': 0.9989594172736732, 'skewness': -0.6304339420761846, 'kurtosis': -0.882180438157667}",3,1,"[0, 1]",2,"(32, 32)",True
2901,channel,44469.233093619056,0.5,-0.1,turbulent,06897bd332fd127aa91b6c58c45867bb4773c8498ff0cb6f0ec0b18484528bfb,0.0,0.0,0.0,"{'mean': 0.6451612903225806, 'std': 0.31691168593614655, 'min': 0.0, 'max': 0.9989594172736732, 'skewness': -0.6304339420761846, 'kurtosis': -0.882180438157667}",3,1,"[0, 1]",2,"(32, 32)",True
2908,channel,44469.233093619056,1.0,-0.2,turbulent,32e154429cca0379a88c69ff4bde53be64ae2d2ae27f4b139163a20aa4103b02,0.0,0.0,0.0,"{'mean': -0.029256356969529614, 'std': 0.9833217427687496, 'min': -3.6484128252147836, 'max': 3.1788536793675353, 'skewness': -0.04588912403417841, 'kurtosis': 0.09801182439059009}",3,1,"[0, 2]",2,"(32, 32)",True
3787,cavity,3000.0,1.5,-0.15,turbulent,1ef3883d059de0c7e752b5f368ed4ff176d955900318d9ec83b5d6eea440517f,0.0,0.0,0.0,"{'mean': -0.029256356969529614, 'std': 0.9833217427687496, 'min': -3.6484128252147836, 'max': 3.1788536793675353, 'skewness': -0.04588912403417841, 'kurtosis': 0.09801182439059009}",3,1,"[0, 2]",2,"(32, 32)",True
1027,pipe,6815.438554189565,0.5,-0.15,turbulent,adab7e02aa7c37a83740fef5272ff97afca2c58883675446e79daca605229d48,0.0,0.0,0.0,"{'mean': 0.6451612903225806, 'std': 0.31691168593614655, 'min': 0.0, 'max': 0.9989594172736732, 'skewness': -0.6304339420761846, 'kurtosis': -0.882180438157667}",3,1,"[0, 1]",2,"(32, 32)",True
1070,pipe,7663.09432393553,2.5,-0.05,turbulent,f8d3011f9245f10a344036c194d3f3535f54dfeb53f46b85c79bde5e33d03474,0.0,0.0,0.0,"{'mean': 0.6451612903225806, 'std': 0.31691168593614655, 'min': 0.0, 'max': 0.9989594172736732, 'skewness': -0.6304339420761846, 'kurtosis': -0.882180438157667}",3,1,"[0, 1]",2,"(32, 32)",True
2782,channel,24746.16001919883,1.0,-0.15,turbulent,5f83dac1562428f285706ab2343555bec0cbd22d9a4852c3256fbbaa432105bb,0.0,0.0,0.0,"{'mean': -0.029256356969529614, 'std': 0.9833217427687496, 'min': -3.6484128252147836, 'max': 3.1788536793675353, 'skewness': -0.04588912403417841, 'kurtosis': 0.09801182439059009}",3,1,"[0, 2]",2,"(32, 32)",True
3770,cavity,2892.857142857143,2.5,-0.05,turbulent,13367df7d3bc6a297cf01f311d89ad5b576575d206bcae5b89876ffc12cf32c3,0.0,0.0,0.0,"{'mean': -0.029256356969529614, 'std': 0.9833217427687496, 'min': -3.6484128252147836, 'max': 3.1788536793675353, 'skewness': -0.04588912403417841, 'kurtosis': 0.09801182439059009}",3,1,"[0, 2]",2,"(32, 32)",True
3132,cavity,558.9473684210526,1.0,-0.15,laminar,57ddd6767b92a11438b5634c22e596f2b0de3fa0d5bc4c193e300cd88cf33510,0.0,0.0,0.0,"{'mean': 0.6451612903225806, 'std': 0.31691168593614655, 'min': 0.0, 'max': 0.9989594172736732, 'skewness': -0.6304339420761846, 'kurtosis': -0.882180438157667}",3,1,"[0, 1]",2,"(32, 32)",True
4202,cavity,19574.338205844306,0.5,-0.15,turbulent,2ea6f87ceebee828db4cde411abf768de1a7c82a24564a98b44aaaf7f30e8760,0.0,0.0,0.0,"{'mean': 0.6451612903225806, 'std': 0.31691168593614655, 'min': 0.0, 'max': 0.9989594172736732, 'skewness': -0.6304339420761846, 'kurtosis': -0.882180438157667}",3,1,"[0, 1]",2,"(32, 32)",True
2592,channel,9687.79411023482,2.0,-0.15,turbulent,c5fb9c845ba9d265c08f554314513dde3b8148953b4d7400a1e3d06fc3561df3,0.0,0.0,0.0,"{'mean': -0.029256356969529614, 'std': 0.9833217427687496, 'min': -3.6484128252147836, 'max': 3.1788536793675353, 'skewness': -0.04588912403417841, 'kurtosis': 0.09801182439059009}",3,1,"[0, 2]",2,"(32, 32)",True
1098,pipe,8616.175489020434,2.5,-0.2,turbulent,080fc292132a3822ffee88799444f1a40a1ea6972f7a1441f8518a0dd1574fd1,0.0,0.0,0.0,"{'mean': -0.029256356969529614, 'std': 0.9833217427687496, 'min': -3.6484128252147836, 'max': 3.1788536793675353, 'skewness': -0.04588912403417841, 'kurtosis': 0.09801182439059009}",3,1,"[0, 2]",2,"(32, 32)",True
1118,pipe,9687.79411023482,2.0,-0.2,turbulent,b697b853e07cbd34166b915988903bacd990cf69ebed9da0b977d6172a341eb0,0.0,0.0,0.0,"{'mean': 0.6451612903225806, 'std': 0.31691168593614655, 'min': 0.0, 'max': 0.9989594172736732, 'skewness': -0.6304339420761846, 'kurtosis': -0.882180438157667}",3,1,"[0, 1]",2,"(32, 32)",True
1631,channel,480.52631578947364,1.0,-0.1,laminar,f38728877bb6a9ec79865cf1cbe0a20d2c79bdd1614c1225ca37a2303fc39c98,0.0,0.0,0.0,"{'mean': 0.6451612903225806, 'std': 0.31691168593614655, 'min': 0.0, 'max': 0.9989594172736732, 'skewness': -0.6304339420761846, 'kurtosis': -0.882180438157667}",3,1,"[0, 1]",2,"(32, 32)",True
4342,cavity,35175.3891372923,2.0,-0.15,turbulent,09a567562542aa57632f3bc534e68c8f3be1b5430d086ff88d2ab396131437e8,0.0,0.0,0.0,"{'mean': -0.029256356969529614, 'std': 0.9833217427687496, 'min': -3.6484128252147836, 'max': 3.1788536793675353, 'skewness': -0.04588912403417841, 'kurtosis': 0.09801182439059009}",3,1,"[0, 2]",2,"(32, 32)",True
1514,channel,88.42105263157895,1.5,-0.25,laminar,be56427c13b8bc4a6e882f34dda49ecd4ea3c233e1dec03ab88dcc015849555e,0.0,0.0,0.0,"{'mean': -0.029256356969529614, 'std': 0.9833217427687496, 'min': -3.6484128252147836, 'max': 3.1788536793675353, 'skewness': -0.04588912403417841, 'kurtosis': 0.09801182439059009}",3,1,"[0, 2]",2,"(32, 32)",True
1086,pipe,8616.175489020434,1.5,-0.1,turbulent,084cc8592467a9a067daf266dd5e5ee4b8a7e15c80f0c0bf3d3ddb4d08456300,0.0,0.0,0.0,"{'mean': -0.029256356969529614, 'std': 0.9833217427687496, 'min': -3.6484128252147836, 'max': 3.1788536793675353, 'skewness': -0.04588912403417841, 'kurtosis': 0.09801182439059009}",3,1,"[0, 2]",2,"(32, 32)",True
3912,cavity,4794.714065698457,1.5,-0.15,turbulent,a78e1de4a71d7799abe7b1b5d7a98702de1941bdea59d78306b38da4fad586b5,0.0,0.0,0.0,"{'mean': -0.029256356969529614, 'std': 0.9833217427687496, 'min': -3.6484128252147836, 'max': 3.1788536793675353, 'skewness': -0.04588912403417841, 'kurtosis': 0.09801182439059009}",3,1,"[0, 2]",2,"(32, 32)",True
3412,cavity,1421.578947368421,1.5,-0.15,laminar,60d3dfaeb56635a67aadc1bb0b37e889db00022438caea70e58a7b30894e62aa,0.0,0.0,0.0,"{'mean': -0.029256356969529614, 'std': 0.9833217427687496, 'min': -3.6484128252147836, 'max': 3.1788536793675353, 'skewness': -0.04588912403417841, 'kurtosis': 0.09801182439059009}",3,1,"[0, 2]",2,"(32, 32)",True
2599,channel,9687.79411023482,2.5,-0.25,turbulent,90b35f1f9991eb65835ac4e0a5fc8b6bd6ca84b725cc0e4b46966012eb353986,0.0,0.0,0.0,"{'mean': -0.029256356969529614, 'std': 0.9833217427687496, 'min': -3.6484128252147836, 'max': 3.1788536793675353, 'skewness': -0.04588912403417841, 'kurtosis': 0.09801182439059009}",3,1,"[0, 2]",2,"(32, 32)",True
2746,channel,19574.338205844306,2.5,-0.1,turbulent,cd01cd2be0c9a156217af843e4dff38cc79edf38f151fc46f8c60ea5dc6a5390,0.0,0.0,0.0,"{'mean': -0.029256356969529614, 'std': 0.9833217427687496, 'min': -3.6484128252147836, 'max': 3.1788536793675353, 'skewness': -0.04588912403417841, 'kurtosis': 0.09801182439059009}",3,1,"[0, 2]",2,"(32, 32)",True
3357,cavity,1264.7368421052631,1.0,-0.15,laminar,8d8f19dc7c232c360647481962a71329b4f2dd0af8cb869fc472f80088b183a2,0.0,0.0,0.0,"{'mean': -0.029256356969529614, 'std': 0.9833217427687496, 'min': -3.6484128252147836, 'max': 3.1788536793675353, 'skewness': -0.04588912403417841, 'kurtosis': 0.09801182439059009}",3,1,"[0, 2]",2,"(32, 32)",True
3050,cavity,323.6842105263158,0.5,-0.05,laminar,bb13d209469fa6c933210f6be227365ad233e645452cfd4ef953d2b4689082b1,0.0,0.0,0.0,"{'mean': 0.6451612903225806, 'std': 0.31691168593614655, 'min': 0.0, 'max': 0.9989594172736732, 'skewness': -0.6304339420761846, 'kurtosis': -0.882180438157667}",3,1,"[0, 1]",2,"(32, 32)",True
2304,channel,3000.0,0.5,-0.25,turbulent,89b02b1bf4497fce6c4c65c8bebee717b0373dac2caf455b98f1204b403ba7fd,0.0,0.0,0.0,"{'mean': -0.029256356969529614, 'std': 0.9833217427687496, 'min': -3.6484128252147836, 'max': 3.1788536793675353, 'skewness': -0.04588912403417841, 'kurtosis': 0.09801182439059009}",3,1,"[0, 2]",2,"(32, 32)",True
3653,cavity,2464.285714285714,0.5,-0.2,transition,2c3920e7370e4f4795f0ef7dc310646f1dbfd971b77c7438134034f7a69af031,0.0,0.0,0.0,"{'mean': -0.029256356969529614, 'std': 0.9833217427687496, 'min': -3.6484128252147836, 'max': 3.1788536793675353, 'skewness': -0.04588912403417841, 'kurtosis': 0.09801182439059009}",3,1,"[0, 2]",2,"(32, 32)",True
4269,cavity,24746.16001919883,2.0,-0.25,turbulent,3f7742678c9fa676664870e21b3c3ee8ca38589f635c43c37346e1d68a7001fc,0.0,0.0,0.0,"{'mean': -0.029256356969529614, 'std': 0.9833217427687496, 'min': -3.6484128252147836, 'max': 3.1788536793675353, 'skewness': -0.04588912403417841, 'kurtosis': 0.09801182439059009}",3,1,"[0, 2]",2,"(32, 32)",True
1895,channel,1264.7368421052631,2.5,-0.05,laminar,5c933459e90420deae6e6f6e52e6bd3ddae958a4e8dd9ef09d96b47f8c19c977,0.0,0.0,0.0,"{'mean': -0.029256356969529614, 'std': 0.9833217427687496, 'min': -3.6484128252147836, 'max': 3.1788536793675353, 'skewness': -0.04588912403417841, 'kurtosis': 0.09801182439059009}",3,1,"[0, 2]",2,"(32, 32)",True
3115,cavity,480.52631578947364,2.0,-0.05,laminar,679f40042283ddd43c6f8aa8f0108b0223c555cbddea62eb8620439ac1e3fbfa,0.0009715557098388672,0.0,0.0009715557098388672,"{'mean': -0.029256356969529614, 'std': 0.9833217427687496, 'min': -3.6484128252147836, 'max': 3.1788536793675353, 'skewness': -0.04588912403417841, 'kurtosis': 0.09801182439059009}",3,1,"[0, 2]",2,"(32, 32)",True
3792,cavity,3000.0,2.0,-0.15,turbulent,55d18e5335c95f7b868cbcabe32add4c9231090f62bd450ce36f9eb72ab29235,0.0,0.0,0.0,"{'mean': 0.6451612903225806, 'std': 0.31691168593614655, 'min': 0.0, 'max': 0.9989594172736732, 'skewness': -0.6304339420761846, 'kurtosis': -0.882180438157667}",3,1,"[0, 1]",2,"(32, 32)",True
1490,channel,10.0,2.0,-0.05,laminar,80a42f1cb25b871eaedaaf39c5e927d7b6c7ee702cd54bd62d93b6050933b8c0,0.0,0.0,0.0,"{'mean': -0.029256356969529614, 'std': 0.9833217427687496, 'min': -3.6484128252147836, 'max': 3.1788536793675353, 'skewness': -0.04588912403417841, 'kurtosis': 0.09801182439059009}",3,1,"[0, 2]",2,"(32, 32)",True
105,pipe,323.6842105263158,1.0,-0.05,laminar,311a500ed01b4e2f17cc72dcd09766e3de8cb9b5a18b8b856a09042f9e01bfbc,0.0,0.0,0.0,"{'mean': -0.029256356969529614, 'std': 0.9833217427687496, 'min': -3.6484128252147836, 'max': 3.1788536793675353, 'skewness': -0.04588912403417841, 'kurtosis': 0.09801182439059009}",3,1,"[0, 2]",2,"(32, 32)",True
1274,pipe,19574.338205844306,2.5,-0.25,turbulent,1d03955622ac71c3ef4e8cb162f555de6801f66839633fba449097d62a00fefa,0.0009987354278564453,0.0,0.0009987354278564453,"{'mean': 0.6451612903225806, 'std': 0.31691168593614655, 'min': 0.0, 'max': 0.9989594172736732, 'skewness': -0.6304339420761846, 'kurtosis': -0.882180438157667}",3,1,"[0, 1]",2,"(32, 32)",True
1831,channel,1107.8947368421052,1.0,-0.1,laminar,7b2f35fa5c5b5f6a1010a01cf02bb5e4678b0f14ddef8c80f5d60360137e78be,0.0,0.0,0.0,"{'mean': -0.029256356969529614, 'std': 0.9833217427687496, 'min': -3.6484128252147836, 'max': 3.1788536793675353, 'skewness': -0.04588912403417841, 'kurtosis': 0.09801182439059009}",3,1,"[0, 2]",2,"(32, 32)",True
3761,cavity,2892.857142857143,1.5,-0.1,turbulent,9ebd66e2aa016e5fada824dd7dc9cc34b939c05965d35a09b830da1be93db3ae,0.0,0.0,0.0,"{'mean': -0.029256356969529614, 'std': 0.9833217427687496, 'min': -3.6484128252147836, 'max': 3.1788536793675353, 'skewness': -0.04588912403417841, 'kurtosis': 0.09801182439059009}",3,1,"[0, 2]",2,"(32, 32)",True
3140,cavity,558.9473684210526,2.0,-0.05,laminar,eab68de47cd1210442c00bfe1a984702a0d6e5ac5569ec3e5214a57ef9f514df,0.0,0.0,0.0,"{'mean': 0.6451612903225806, 'std': 0.31691168593614655, 'min': 0.0, 'max': 0.9989594172736732, 'skewness': -0.6304339420761846, 'kurtosis': -0.882180438157667}",3,1,"[0, 1]",2,"(32, 32)",True
3272,cavity,951.0526315789473,2.5,-0.15,laminar,544d52569371c12f8613ee7453d186c2c347e8d6988d092db7f3131b5b67521b,0.0,0.0,0.0,"{'mean': -0.029256356969529614, 'std': 0.9833217427687496, 'min': -3.6484128252147836, 'max': 3.1788536793675353, 'skewness': -0.04588912403417841, 'kurtosis': 0.09801182439059009}",3,1,"[0, 2]",2,"(32, 32)",True
3727,cavity,2785.714285714286,0.5,-0.15,turbulent,8c248a2daeb26cef7ed2c03ab7f6604779bf89ecebd1ab0e28feb1e9bd25d482,0.0,0.0,0.0,"{'mean': -0.029256356969529614, 'std': 0.9833217427687496, 'min': -3.6484128252147836, 'max': 3.1788536793675353, 'skewness': -0.04588912403417841, 'kurtosis': 0.09801182439059009}",3,1,"[0, 2]",2,"(32, 32)",True
1744,channel,794.2105263157895,2.0,-0.25,laminar,24304772126a12b6f166b5f39549f32173be839e24958c0c665f7a4694eee59c,0.0,0.0,0.0,"{'mean': -0.029256356969529614, 'std': 0.9833217427687496, 'min': -3.6484128252147836, 'max': 3.1788536793675353, 'skewness': -0.04588912403417841, 'kurtosis': 0.09801182439059009}",3,1,"[0, 2]",2,"(32, 32)",True
1997,channel,1607.142857142857,2.5,-0.15,transition,8ffdf56685ba13222cface3efa57a07e6cb1c41b6661b82ca8910328cb0df2ce,0.0,0.0,0.0,"{'mean': -0.029256356969529614, 'std': 0.9833217427687496, 'min': -3.6484128252147836, 'max': 3.1788536793675353, 'skewness': -0.04588912403417841, 'kurtosis': 0.09801182439059009}",3,1,"[0, 2]",2,"(32, 32)",True
2115,channel,2142.857142857143,2.0,-0.05,transition,3465d614a0e23c282f16b5985806d02c4137546e339bda623ac2b89b67c846f5,0.0,0.0,0.0,"{'mean': -0.029256356969529614, 'std': 0.9833217427687496, 'min': -3.6484128252147836, 'max': 3.1788536793675353, 'skewness': -0.04588912403417841, 'kurtosis': 0.09801182439059009}",3,1,"[0, 2]",2,"(32, 32)",True
1063,pipe,7663.09432393553,1.5,-0.2,turbulent,3a7b8153858c55c1525e667ac4898c8a36b1d9ab55ecb860f26c057a127b0868,0.0,0.0,0.0,"{'mean': -0.029256356969529614, 'std': 0.9833217427687496, 'min': -3.6484128252147836, 'max': 3.1788536793675353, 'skewness': -0.04588912403417841, 'kurtosis': 0.09801182439059009}",3,1,"[0, 2]",2,"(32, 32)",True
1550,channel,245.26315789473682,0.5,-0.05,laminar,14b44926a9548c393cb96fba0d1c8840e0aa457f8f4c29a1bbbfa86cba5ace73,0.0009694099426269531,0.0,0.0009694099426269531,"{'mean': -0.029256356969529614, 'std': 0.9833217427687496, 'min': -3.6484128252147836, 'max': 3.1788536793675353, 'skewness': -0.04588912403417841, 'kurtosis': 0.09801182439059009}",3,1,"[0, 2]",2,"(32, 32)",True
3596,cavity,2142.857142857143,2.5,-0.1,transition,fbc727f8b6abd5c0c0b43b59b5b7e8b0e282ee766b3698e0b8b910c9703307c8,0.0,0.0,0.0,"{'mean': -0.029256356969529614, 'std': 0.9833217427687496, 'min': -3.6484128252147836, 'max': 3.1788536793675353, 'skewness': -0.04588912403417841, 'kurtosis': 0.09801182439059009}",3,1,"[0, 2]",2,"(32, 32)",True
1897,channel,1264.7368421052631,2.5,-0.15,laminar,e032ae1889e35ee0f921250de5cc347b424666f0127b343179cc056ab8b1d975,0.0,0.0,0.0,"{'mean': -0.029256356969529614, 'std': 0.9833217427687496, 'min': -3.6484128252147836, 'max': 3.1788536793675353, 'skewness': -0.04588912403417841, 'kurtosis': 0.09801182439059009}",3,1,"[0, 2]",2,"(32, 32)",True
2755,channel,22008.85516131499,1.0,-0.05,turbulent,b3280d315f7521df85cefcc6d50fc2958be68caacb606b66ec6664a697f280ba,0.0,0.0,0.0,"{'mean': -0.029256356969529614, 'std': 0.9833217427687496, 'min': -3.6484128252147836, 'max': 3.1788536793675353, 'skewness': -0.04588912403417841, 'kurtosis': 0.09801182439059009}",3,1,"[0, 2]",2,"(32, 32)",True
261,pipe,794.2105263157895,1.5,-0.1,laminar,71162e5bd79f94394e4bccf353e1998f8a1448da848030f8972da0dae9447181,0.0,0.0,0.0,"{'mean': -0.029256356969529614, 'std': 0.9833217427687496, 'min': -3.6484128252147836, 'max': 3.1788536793675353, 'skewness': -0.04588912403417841, 'kurtosis': 0.09801182439059009}",3,1,"[0, 2]",2,"(32, 32)",True
2077,channel,2035.7142857142858,0.5,-0.15,transition,308cd97c3b8c84f8329a097d02d05ce6bd9b6fdf3273712ac681c6d3b11e9289,0.0010223388671875,0.0,0.0010223388671875,"{'mean': 0.6451612903225806, 'std': 0.31691168593614655, 'min': 0.0, 'max': 0.9989594172736732, 'skewness': -0.6304339420761846, 'kurtosis': -0.882180438157667}",3,1,"[0, 1]",2,"(32, 32)",True
3905,cavity,4794.714065698457,1.0,-0.05,turbulent,81e4b81e9fe420d7c0c3cebadc62641ea71245af09c7fda298791ad5dcab97c9,0.0,0.0,0.0,"{'mean': 0.6451612903225806, 'std': 0.31691168593614655, 'min': 0.0, 'max': 0.9989594172736732, 'skewness': -0.6304339420761846, 'kurtosis': -0.882180438157667}",3,1,"[0, 1]",2,"(32, 32)",True
2296,channel,2892.857142857143,2.5,-0.1,turbulent,43330540f3d421726591d33e1cd06f41fb48e5f3ac59fed14dc833175fcd935f,0.0,0.0,0.0,"{'mean': 0.6451612903225806, 'std': 0.31691168593614655, 'min': 0.0, 'max': 0.9989594172736732, 'skewness': -0.6304339420761846, 'kurtosis': -0.882180438157667}",3,1,"[0, 1]",2,"(32, 32)",True
3175,cavity,715.7894736842105,0.5,-0.05,laminar,b222ed2e547a0f0462447e8b984427d83435301a31907e7ec55c985bb837db48,0.0,0.0,0.0,"{'mean': -0.029256356969529614, 'std': 0.9833217427687496, 'min': -3.6484128252147836, 'max': 3.1788536793675353, 'skewness': -0.04588912403417841, 'kurtosis': 0.09801182439059009}",3,1,"[0, 2]",2,"(32, 32)",True
4061,cavity,9687.79411023482,1.5,-0.1,turbulent,43816588435204d2d14d2abc1f29ced7ad474badc5a321b4a9ff2fa3d3cea1ef,0.0,0.0,0.0,"{'mean': -0.029256356969529614, 'std': 0.9833217427687496, 'min': -3.6484128252147836, 'max': 3.1788536793675353, 'skewness': -0.04588912403417841, 'kurtosis': 0.09801182439059009}",3,1,"[0, 2]",2,"(32, 32)",True
1299,pipe,22008.85516131499,2.5,-0.25,turbulent,8fbe064c79bfa3f2ef8edfb5a771a0f2e870d4f46e151c746f58d346a17ce9e3,0.0,0.0,0.0,"{'mean': -0.029256356969529614, 'std': 0.9833217427687496, 'min': -3.6484128252147836, 'max': 3.1788536793675353, 'skewness': -0.04588912403417841, 'kurtosis': 0.09801182439059009}",3,1,"[0, 2]",2,"(32, 32)",True
2343,channel,3000.0000000000014,2.0,-0.2,turbulent,feaa1458b1608c844e4944af0bbdf6e348cb3beeb5b8ffff9e8deaafe55480e9,0.0,0.0,0.0,"{'mean': -0.029256356969529614, 'std': 0.9833217427687496, 'min': -3.6484128252147836, 'max': 3.1788536793675353, 'skewness': -0.04588912403417841, 'kurtosis': 0.09801182439059009}",3,1,"[0, 2]",2,"(32, 32)",True
3752,cavity,2892.857142857143,0.5,-0.15,turbulent,2dfaffa7a3557395ef5e44a69d2d2d2afa35d69cbb5715b979ad83dad9595c60,0.0,0.0,0.0,"{'mean': -0.029256356969529614, 'std': 0.9833217427687496, 'min': -3.6484128252147836, 'max': 3.1788536793675353, 'skewness': -0.04588912403417841, 'kurtosis': 0.09801182439059009}",3,1,"[0, 2]",2,"(32, 32)",True
3540,cavity,1928.5714285714284,2.0,-0.05,transition,52cdc691216805485a74872a184ba282ed9291dbc19e39f9713b6ea8d23d9373,0.0,0.0,0.0,"{'mean': 0.6451612903225806, 'std': 0.31691168593614655, 'min': 0.0, 'max': 0.9989594172736732, 'skewness': -0.6304339420761846, 'kurtosis': -0.882180438157667}",3,1,"[0, 1]",2,"(32, 32)",True
2118,channel,2142.857142857143,2.0,-0.2,transition,0942ffec10eff45a49505c60c405c7eedd3dd61f435404c29a6c0cae60a1c5e9,0.0,0.0,0.0,"{'mean': -0.029256356969529614, 'std': 0.9833217427687496, 'min': -3.6484128252147836, 'max': 3.1788536793675353, 'skewness': -0.04588912403417841, 'kurtosis': 0.09801182439059009}",3,1,"[0, 2]",2,"(32, 32)",True
150,pipe,480.52631578947364,0.5,-0.05,laminar,33d4fe4ebfbdf547dd82aaa8b7a428a39258932897395081c5428a875de21ab1,0.0,0.0,0.0,"{'mean': 0.6451612903225806, 'std': 0.31691168593614655, 'min': 0.0, 'max': 0.9989594172736732, 'skewness': -0.6304339420761846, 'kurtosis': -0.882180438157667}",3,1,"[0, 1]",2,"(32, 32)",True
1082,pipe,8616.175489020434,1.0,-0.15,turbulent,126fe6a87201b867a88a13478702f56880b681ed9b0473e28b2674e3da96ca16,0.0,0.0,0.0,"{'mean': -0.029256356969529614, 'std': 0.9833217427687496, 'min': -3.6484128252147836, 'max': 3.1788536793675353, 'skewness': -0.04588912403417841, 'kurtosis': 0.09801182439059009}",3,1,"[0, 2]",2,"(32, 32)",True
1784,channel,951.0526315789473,1.0,-0.25,laminar,36b9653251fa93694c915d9cc90d2b6dd756e564f250a432d3891b26c8b0dad2,0.0,0.0,0.0,"{'mean': -0.029256356969529614, 'std': 0.9833217427687496, 'min': -3.6484128252147836, 'max': 3.1788536793675353, 'skewness': -0.04588912403417841, 'kurtosis': 0.09801182439059009}",3,1,"[0, 2]",2,"(32, 32)",True
968,pipe,4794.714065698457,2.0,-0.2,turbulent,a63e31276b79212c644ea74f5fa38209e2ca0f11ccdd469c5132a04453cdfcba,0.0,0.0,0.0,"{'mean': -0.029256356969529614, 'std': 0.9833217427687496, 'min': -3.6484128252147836, 'max': 3.1788536793675353, 'skewness': -0.04588912403417841, 'kurtosis': 0.09801182439059009}",3,1,"[0, 2]",2,"(32, 32)",True
3909,cavity,4794.714065698457,1.0,-0.25,turbulent,403ff13230c03d575f01a94d373fba05f13ffab2c5297386134e400c0364d5fe,0.0,0.0,0.0,"{'mean': -0.029256356969529614, 'std': 0.9833217427687496, 'min': -3.6484128252147836, 'max': 3.1788536793675353, 'skewness': -0.04588912403417841, 'kurtosis': 0.09801182439059009}",3,1,"[0, 2]",2,"(32, 32)",True
1820,channel,1029.4736842105262,2.5,-0.05,laminar,5494e1907f0172660a839080c68ca223b68067cdd216068871f0e218b8b2e105,0.0,0.0,0.0,"{'mean': -0.029256356969529614, 'std': 0.9833217427687496, 'min': -3.6484128252147836, 'max': 3.1788536793675353, 'skewness': -0.04588912403417841, 'kurtosis': 0.09801182439059009}",3,1,"[0, 2]",2,"(32, 32)",True
1716,channel,715.7894736842105,2.0,-0.1,laminar,6926162748a0035adca375b0515265176250add6fd5782ae34d6f93cb951b0fc,0.000990152359008789,0.0,0.000990152359008789,"{'mean': -0.029256356969529614, 'std': 0.9833217427687496, 'min': -3.6484128252147836, 'max': 3.1788536793675353, 'skewness': -0.04588912403417841, 'kurtosis': 0.09801182439059009}",3,1,"[0, 2]",2,"(32, 32)",True
752,pipe,2678.5714285714284,0.5,-0.15,turbulent,b26226a84a0c2bc238a9bee05382f2b11d72804c3bd304f671637913a58a3540,0.0,0.0,0.0,"{'mean': -0.029256356969529614, 'std': 0.9833217427687496, 'min': -3.6484128252147836, 'max': 3.1788536793675353, 'skewness': -0.04588912403417841, 'kurtosis': 0.09801182439059009}",3,1,"[0, 2]",2,"(32, 32)",True
628,pipe,2142.857142857143,0.5,-0.2,transition,1ec42d623eb97510721512ba7ff1785586bcf8d0c7c72986cd010ea1320373b8,0.0,0.0,0.0,"{'mean': -0.029256356969529614, 'std': 0.9833217427687496, 'min': -3.6484128252147836, 'max': 3.1788536793675353, 'skewness': -0.04588912403417841, 'kurtosis': 0.09801182439059009}",3,1,"[0, 2]",2,"(32, 32)",True
2884,channel,39550.25383869249,1.0,-0.25,turbulent,e42843ea7644f10be2d8debdfc736088bf44ce793de088b651f63e57568123a2,0.0,0.0,0.0,"{'mean': -0.029256356969529614, 'std': 0.9833217427687496, 'min': -3.6484128252147836, 'max': 3.1788536793675353, 'skewness': -0.04588912403417841, 'kurtosis': 0.09801182439059009}",3,1,"[0, 2]",2,"(32, 32)",True
308,pipe,951.0526315789473,1.0,-0.2,laminar,3db8ca46f63a2c1e7d73581da7a24bc663b396f49ff16e3841a4e7201cb16409,0.0,0.0,0.0,"{'mean': -0.029256356969529614, 'std': 0.9833217427687496, 'min': -3.6484128252147836, 'max': 3.1788536793675353, 'skewness': -0.04588912403417841, 'kurtosis': 0.09801182439059009}",3,1,"[0, 2]",2,"(32, 32)",True
1088,pipe,8616.175489020434,1.5,-0.2,turbulent,c387882a7eed32404f109d22579952c1689377be5176430d9c85e2564a632807,0.0,0.0,0.0,"{'mean': 0.6451612903225806, 'std': 0.31691168593614655, 'min': 0.0, 'max': 0.9989594172736732, 'skewness': -0.6304339420761846, 'kurtosis': -0.882180438157667}",3,1,"[0, 1]",2,"(32, 32)",True
3913,cavity,4794.714065698457,1.5,-0.2,turbulent,255725b805c89c8370a3d50270ca5296f075e568feb9e9d23a8e92da73468fc2,0.0,0.0010323524475097656,0.0010323524475097656,"{'mean': -0.029256356969529614, 'std': 0.9833217427687496, 'min': -3.6484128252147836, 'max': 3.1788536793675353, 'skewness': -0.04588912403417841, 'kurtosis': 0.09801182439059009}",3,1,"[0, 2]",2,"(32, 32)",True
3448,cavity,1500.0,2.5,-0.2,laminar,81b617ed66c28da806cfbbdca5360352e223c9099325ba5c0fce5cafeb963c77,0.0,0.0,0.0,"{'mean': -0.029256356969529614, 'std': 0.9833217427687496, 'min': -3.6484128252147836, 'max': 3.1788536793675353, 'skewness': -0.04588912403417841, 'kurtosis': 0.09801182439059009}",3,1,"[0, 2]",2,"(32, 32)",True
4212,cavity,19574.338205844306,1.5,-0.15,turbulent,470b1c77cf2870edc7cd9d4175255d8cb10959d4fdb6237a3ee927fbbaa0095c,0.0,0.0,0.0,"{'mean': -0.029256356969529614, 'std': 0.9833217427687496, 'min': -3.6484128252147836, 'max': 3.1788536793675353, 'skewness': -0.04588912403417841, 'kurtosis': 0.09801182439059009}",3,1,"[0, 2]",2,"(32, 32)",True
509,pipe,1607.142857142857,1.0,-0.25,transition,9bf00c24478c97c8d9c78915a9a841438249c8a10554ce9f68c3c939510554dc,0.0,0.0,0.0,"{'mean': -0.029256356969529614, 'std': 0.9833217427687496, 'min': -3.6484128252147836, 'max': 3.1788536793675353, 'skewness': -0.04588912403417841, 'kurtosis': 0.09801182439059009}",3,1,"[0, 2]",2,"(32, 32)",True
705,pipe,2464.285714285714,1.0,-0.05,transition,a41cbd879414d1ce1dd0a10c1ca2cc0d66319066f60c6b6e07293ab3c12e8486,0.0,0.0,0.0,"{'mean': -0.029256356969529614, 'std': 0.9833217427687496, 'min': -3.6484128252147836, 'max': 3.1788536793675353, 'skewness': -0.04588912403417841, 'kurtosis': 0.09801182439059009}",3,1,"[0, 2]",2,"(32, 32)",True
1707,channel,715.7894736842105,1.0,-0.15,laminar,55b1ae5eedc18df1e1d13dca8bbc58097e3c92d5dc427a27990400378daffc39,0.0,0.0,0.0,"{'mean': -0.029256356969529614, 'std': 0.9833217427687496, 'min': -3.6484128252147836, 'max': 3.1788536793675353, 'skewness': -0.04588912403417841, 'kurtosis': 0.09801182439059009}",3,1,"[0, 2]",2,"(32, 32)",True
2406,channel,4264.3451480959675,1.0,-0.1,turbulent,21a3931a63ec4b58763745fba19776716369dbe0e736d40ff3e2215f8128cee2,0.0,0.0,0.0,"{'mean': -0.029256356969529614, 'std': 0.9833217427687496, 'min': -3.6484128252147836, 'max': 3.1788536793675353, 'skewness': -0.04588912403417841, 'kurtosis': 0.09801182439059009}",3,1,"[0, 2]",2,"(32, 32)",True
3661,cavity,2464.285714285714,1.5,-0.1,transition,6e9e833797b8ef70c45dd14deb6a85b96f1d09e4806369111f7863c9f935c3e9,0.0,0.0,0.0,"{'mean': -0.029256356969529614, 'std': 0.9833217427687496, 'min': -3.6484128252147836, 'max': 3.1788536793675353, 'skewness': -0.04588912403417841, 'kurtosis': 0.09801182439059009}",3,1,"[0, 2]",2,"(32, 32)",True
3023,cavity,166.8421052631579,2.5,-0.2,laminar,e5d74d2f61c6f6f8ab0c3d79f0ab3b3ad86121647078908db75799a0916a5c5f,0.0,0.0,0.0,"{'mean': -0.029256356969529614, 'std': 0.9833217427687496, 'min': -3.6484128252147836, 'max': 3.1788536793675353, 'skewness': -0.04588912403417841, 'kurtosis': 0.09801182439059009}",3,1,"[0, 2]",2,"(32, 32)",True
3555,cavity,2035.7142857142858,1.0,-0.05,transition,eda40de9d97fa7cad5a674627f610a6dd4d7a98c9c2a6776ef7d215de027abde,0.0,0.0,0.0,"{'mean': -0.029256356969529614, 'std': 0.9833217427687496, 'min': -3.6484128252147836, 'max': 3.1788536793675353, 'skewness': -0.04588912403417841, 'kurtosis': 0.09801182439059009}",3,1,"[0, 2]",2,"(32, 32)",True
3227,cavity,872.6315789473684,0.5,-0.15,laminar,25bfd94dc3710aec4d78a45b385fd6ac151126d2ab73942bc7481cd9f92766ff,0.0,0.0,0.0,"{'mean': -0.029256356969529614, 'std': 0.9833217427687496, 'min': -3.6484128252147836, 'max': 3.1788536793675353, 'skewness': -0.04588912403417841, 'kurtosis': 0.09801182439059009}",3,1,"[0, 2]",2,"(32, 32)",True
2541,channel,7663.09432393553,2.0,-0.1,turbulent,c437f571da43a627a42c5139469605db0c54de6e9f0f3e4747b63988b1724673,0.0,0.0,0.0,"{'mean': -0.029256356969529614, 'std': 0.9833217427687496, 'min': -3.6484128252147836, 'max': 3.1788536793675353, 'skewness': -0.04588912403417841, 'kurtosis': 0.09801182439059009}",3,1,"[0, 2]",2,"(32, 32)",True
3155,cavity,637.3684210526316,1.0,-0.05,laminar,9f11355d34076d2f723c3e16b8553054ad06ae98770af5356b613ecb0937975d,0.0,0.0,0.0,"{'mean': -0.029256356969529614, 'std': 0.9833217427687496, 'min': -3.6484128252147836, 'max': 3.1788536793675353, 'skewness': -0.04588912403417841, 'kurtosis': 0.09801182439059009}",3,1,"[0, 2]",2,"(32, 32)",True
2742,channel,19574.338205844306,2.0,-0.15,turbulent,2946eeed0584e5cb214f76ae52602978cbd00fe5d99b4e8c260b36592806281f,0.0,0.0,0.0,"{'mean': 0.6451612903225806, 'std': 0.31691168593614655, 'min': 0.0, 'max': 0.9989594172736732, 'skewness': -0.6304339420761846, 'kurtosis': -0.882180438157667}",3,1,"[0, 1]",2,"(32, 32)",True
1942,channel,1421.578947368421,2.0,-0.15,laminar,475236a0ee2a6a310dbb1e1f6a66f637dbbc9816db5cb4b92bf29215d3a3c2f5,0.0,0.0,0.0,"{'mean': -0.029256356969529614, 'std': 0.9833217427687496, 'min': -3.6484128252147836, 'max': 3.1788536793675353, 'skewness': -0.04588912403417841, 'kurtosis': 0.09801182439059009}",3,1,"[0, 2]",2,"(32, 32)",True
13,pipe,10.0,1.5,-0.2,laminar,c9421e2df4237a51fc682fe9c26e6f354e5c8d7996c77e4c7ef66bc43b206fe4,0.0,0.0,0.0,"{'mean': 0.6451612903225806, 'std': 0.31691168593614655, 'min': 0.0, 'max': 0.9989594172736732, 'skewness': -0.6304339420761846, 'kurtosis': -0.882180438157667}",3,1,"[0, 1]",2,"(32, 32)",True
2216,channel,2571.4285714285716,2.0,-0.1,turbulent,b3953a9540e7131c27e08ee808032c077ee1bba6316c8b7b266d80596409cccd,0.0,0.0,0.0,"{'mean': -0.029256356969529614, 'std': 0.9833217427687496, 'min': -3.6484128252147836, 'max': 3.1788536793675353, 'skewness': -0.04588912403417841, 'kurtosis': 0.09801182439059009}",3,1,"[0, 2]",2,"(32, 32)",True
2025,channel,1821.4285714285716,0.5,-0.05,transition,85b625d276ac535d52a14e20ee499ed00702f7737749e73ef6771fea6e404234,0.0,0.0,0.0,"{'mean': -0.029256356969529614, 'std': 0.9833217427687496, 'min': -3.6484128252147836, 'max': 3.1788536793675353, 'skewness': -0.04588912403417841, 'kurtosis': 0.09801182439059009}",3,1,"[0, 2]",2,"(32, 32)",True
1559,channel,245.26315789473682,1.0,-0.25,laminar,da8e7349536ba660c6ef509633d7bf1924564a842d8eba351d2681c1575dba2b,0.0009992122650146484,0.0,0.0009992122650146484,"{'mean': -0.029256356969529614, 'std': 0.9833217427687496, 'min': -3.6484128252147836, 'max': 3.1788536793675353, 'skewness': -0.04588912403417841, 'kurtosis': 0.09801182439059009}",3,1,"[0, 2]",2,"(32, 32)",True
1455,pipe,49999.99999999999,1.0,-0.05,turbulent,b1ae5dee4fa7cc741141ee8756ccfb6f60cba2d4a7b97965902b0ff1ff390487,0.0,0.0,0.0,"{'mean': -0.029256356969529614, 'std': 0.9833217427687496, 'min': -3.6484128252147836, 'max': 3.1788536793675353, 'skewness': -0.04588912403417841, 'kurtosis': 0.09801182439059009}",3,1,"[0, 2]",2,"(32, 32)",True
243,pipe,715.7894736842105,2.0,-0.2,laminar,f5ecc51caa03e1b1b9f89ad1332b77879187895d889d8a84a9f4983143714d59,0.0,0.0,0.0,"{'mean': -0.029256356969529614, 'std': 0.9833217427687496, 'min': -3.6484128252147836, 'max': 3.1788536793675353, 'skewness': -0.04588912403417841, 'kurtosis': 0.09801182439059009}",3,1,"[0, 2]",2,"(32, 32)",True
1763,channel,872.6315789473684,1.5,-0.2,laminar,e5541717b9770e246aeeebd0939fc5cd7e6d11e24456fcbd36c29a80e732fe47,0.0,0.0,0.0,"{'mean': -0.029256356969529614, 'std': 0.9833217427687496, 'min': -3.6484128252147836, 'max': 3.1788536793675353, 'skewness': -0.04588912403417841, 'kurtosis': 0.09801182439059009}",3,1,"[0, 2]",2,"(32, 32)",True
1181,pipe,13770.69926991083,1.0,-0.1,turbulent,bde5eb7f4520e785058a4067dfa7579db1603d8f67d64b340a5e93e1dd80c119,0.0,0.0,0.0,"{'mean': 0.6451612903225806, 'std': 0.31691168593614655, 'min': 0.0, 'max': 0.9989594172736732, 'skewness': -0.6304339420761846, 'kurtosis': -0.882180438157667}",3,1,"[0, 1]",2,"(32, 32)",True
3892,cavity,4264.3451480959675,2.0,-0.15,turbulent,a1587f1bfec2aa6373de9f33eb67b4f25a886289f4a7f475b06cd97f162d26e6,0.0,0.0,0.0,"{'mean': -0.029256356969529614, 'std': 0.9833217427687496, 'min': -3.6484128252147836, 'max': 3.1788536793675353, 'skewness': -0.04588912403417841, 'kurtosis': 0.09801182439059009}",3,1,"[0, 2]",2,"(32, 32)",True
2093,channel,2035.7142857142858,2.0,-0.2,transition,6e900765a277ae60bbbed82ac718b9728b271e39a85fff0a02d02fafe77cfc5f,0.0,0.0,0.0,"{'mean': -0.029256356969529614, 'std': 0.9833217427687496, 'min': -3.6484128252147836, 'max': 3.1788536793675353, 'skewness': -0.04588912403417841, 'kurtosis': 0.09801182439059009}",3,1,"[0, 2]",2,"(32, 32)",True
2309,channel,3000.0,1.0,-0.25,turbulent,7316f3debdedc0ceb6b5c8251ba2575d30fb135f40fac61c0282f6bd9a3e7b7b,0.0,0.0,0.0,"{'mean': 0.6451612903225806, 'std': 0.31691168593614655, 'min': 0.0, 'max': 0.9989594172736732, 'skewness': -0.6304339420761846, 'kurtosis': -0.882180438157667}",3,1,"[0, 1]",2,"(32, 32)",True
4130,cavity,13770.69926991083,1.0,-0.05,turbulent,9260ebff148df5ff571554ab1184c7766707dc0fffb36cf7fc5e6b7edfe1447c,0.0,0.0,0.0,"{'mean': -0.029256356969529614, 'std': 0.9833217427687496, 'min': -3.6484128252147836, 'max': 3.1788536793675353, 'skewness': -0.04588912403417841, 'kurtosis': 0.09801182439059009}",3,1,"[0, 2]",2,"(32, 32)",True
4320,cavity,31284.451574100145,2.5,-0.05,turbulent,447d3fb73af7fbb7829baaf5b2dc365b36a29f43357eb2fd55b2715a8fee7103,0.0,0.0,0.0,"{'mean': 0.6451612903225806, 'std': 0.31691168593614655, 'min': 0.0, 'max': 0.9989594172736732, 'skewness': -0.6304339420761846, 'kurtosis': -0.882180438157667}",3,1,"[0, 1]",2,"(32, 32)",True
3192,cavity,715.7894736842105,2.0,-0.15,laminar,94fe8adacf3a8fe2e77d5802a007452972f164092d00307db2770ff55523f657,0.0,0.0,0.0,"{'mean': -0.029256356969529614, 'std': 0.9833217427687496, 'min': -3.6484128252147836, 'max': 3.1788536793675353, 'skewness': -0.04588912403417841, 'kurtosis': 0.09801182439059009}",3,1,"[0, 2]",2,"(32, 32)",True
2524,channel,6815.438554189565,2.5,-0.25,turbulent,d9a0c9f7d395f05ec5f8d586c77eece115b88ef8c114c6f6ebe2c121253a25ea,0.0,0.0,0.0,"{'mean': -0.029256356969529614, 'std': 0.9833217427687496, 'min': -3.6484128252147836, 'max': 3.1788536793675353, 'skewness': -0.04588912403417841, 'kurtosis': 0.09801182439059009}",3,1,"[0, 2]",2,"(32, 32)",True
350,pipe,1107.8947368421052,0.5,-0.05,laminar,4c1300a2c5eed27300fdf36b67831fe25c3dd14dbfae77ceb1833925a8914df6,0.0010144710540771484,0.0,0.0010144710540771484,"{'mean': -0.029256356969529614, 'std': 0.9833217427687496, 'min': -3.6484128252147836, 'max': 3.1788536793675353, 'skewness': -0.04588912403417841, 'kurtosis': 0.09801182439059009}",3,1,"[0, 2]",2,"(32, 32)",True
4365,cavity,39550.25383869249,2.0,-0.05,turbulent,fae58635bc1532f12c1618f00cf24706976569caff0c63b1ed7cfd633547fa87,0.0,0.0,0.0,"{'mean': -0.029256356969529614, 'std': 0.9833217427687496, 'min': -3.6484128252147836, 'max': 3.1788536793675353, 'skewness': -0.04588912403417841, 'kurtosis': 0.09801182439059009}",3,1,"[0, 2]",2,"(32, 32)",True
794,pipe,2785.714285714286,2.0,-0.25,turbulent,e82cf0920c569b09d388009cfeaaa27629462ff6dc91b103f4657df02bbc621a,0.0,0.0,0.0,"{'mean': -0.029256356969529614, 'std': 0.9833217427687496, 'min': -3.6484128252147836, 'max': 3.1788536793675353, 'skewness': -0.04588912403417841, 'kurtosis': 0.09801182439059009}",3,1,"[0, 2]",2,"(32, 32)",True
462,pipe,1421.578947368421,1.5,-0.15,laminar,4a0a34912147d6807ee8761df3b032a6185e8af09e8419858876c7a109fbdd81,0.0,0.0,0.0,"{'mean': -0.029256356969529614, 'std': 0.9833217427687496, 'min': -3.6484128252147836, 'max': 3.1788536793675353, 'skewness': -0.04588912403417841, 'kurtosis': 0.09801182439059009}",3,1,"[0, 2]",2,"(32, 32)",True
3428,cavity,1500.0,0.5,-0.2,laminar,b9228a0ba328dbc80cbe82352d911dbe515bf02b3ea74f23f1836c19130b61cb,0.0,0.0,0.0,"{'mean': -0.029256356969529614, 'std': 0.9833217427687496, 'min': -3.6484128252147836, 'max': 3.1788536793675353, 'skewness': -0.04588912403417841, 'kurtosis': 0.09801182439059009}",3,1,"[0, 2]",2,"(32, 32)",True
854,pipe,3000.0000000000014,0.5,-0.25,turbulent,3926635bd74b4f86cfa3568d460afe84952544d3f077a71c3700d6b1fbf579d2,0.0,0.0,0.0,"{'mean': -0.029256356969529614, 'std': 0.9833217427687496, 'min': -3.6484128252147836, 'max': 3.1788536793675353, 'skewness': -0.04588912403417841, 'kurtosis': 0.09801182439059009}",3,1,"[0, 2]",2,"(32, 32)",True
11,pipe,10.0,1.5,-0.1,laminar,77a7c33f9d8a58b35593256690cbdcc47622c300b6d8c0b6af1151c5dcc5f7a7,0.0009937286376953125,0.0,0.0009937286376953125,"{'mean': -0.029256356969529614, 'std': 0.9833217427687496, 'min': -3.6484128252147836, 'max': 3.1788536793675353, 'skewness': -0.04588912403417841, 'kurtosis': 0.09801182439059009}",3,1,"[0, 2]",2,"(32, 32)",True
3328,cavity,1186.3157894736842,0.5,-0.2,laminar,d9d1ef10d779bcee7f98593a3d9fb6435520d59384d41293d25edfd5ad4e705d,0.0,0.0,0.0,"{'mean': -0.029256356969529614, 'std': 0.9833217427687496, 'min': -3.6484128252147836, 'max': 3.1788536793675353, 'skewness': -0.04588912403417841, 'kurtosis': 0.09801182439059009}",3,1,"[0, 2]",2,"(32, 32)",True
1446,pipe,44469.233093619056,2.5,-0.1,turbulent,8f357463586bdcb9403b54609a2db231fbd0db7f3c3d98b2bbbb1229fa60b9bd,0.0,0.0,0.0,"{'mean': 0.6451612903225806, 'std': 0.31691168593614655, 'min': 0.0, 'max': 0.9989594172736732, 'skewness': -0.6304339420761846, 'kurtosis': -0.882180438157667}",3,1,"[0, 1]",2,"(32, 32)",True
3208,cavity,794.2105263157895,1.0,-0.2,laminar,2c58a751d987f5235ba8701ac429120768f4d8df32178def823a92c1f8a24c4c,0.0,0.0,0.0,"{'mean': -0.029256356969529614, 'std': 0.9833217427687496, 'min': -3.6484128252147836, 'max': 3.1788536793675353, 'skewness': -0.04588912403417841, 'kurtosis': 0.09801182439059009}",3,1,"[0, 2]",2,"(32, 32)",True
1692,channel,637.3684210526316,2.0,-0.15,laminar,ed97ce8f7cce8d48a64f1a3d0492a83bd843083b4190546d096f12bb8f7c4790,0.0,0.0,0.0,"{'mean': -0.029256356969529614, 'std': 0.9833217427687496, 'min': -3.6484128252147836, 'max': 3.1788536793675353, 'skewness': -0.04588912403417841, 'kurtosis': 0.09801182439059009}",3,1,"[0, 2]",2,"(32, 32)",True
1794,channel,951.0526315789473,2.0,-0.25,laminar,12beedb1c95a3603b6f697ade99dc75dfd87314111a86ed92483bd8a128b0163,0.0,0.0,0.0,"{'mean': -0.029256356969529614, 'std': 0.9833217427687496, 'min': -3.6484128252147836, 'max': 3.1788536793675353, 'skewness': -0.04588912403417841, 'kurtosis': 0.09801182439059009}",3,1,"[0, 2]",2,"(32, 32)",True
3255,cavity,951.0526315789473,1.0,-0.05,laminar,d8c6ae16b7eaf28272bab9e88f049cc48c7bddbfed7b902dcf47fdb27210944e,0.0,0.0,0.0,"{'mean': -0.029256356969529614, 'std': 0.9833217427687496, 'min': -3.6484128252147836, 'max': 3.1788536793675353, 'skewness': -0.04588912403417841, 'kurtosis': 0.09801182439059009}",3,1,"[0, 2]",2,"(32, 32)",True
3923,cavity,4794.714065698457,2.5,-0.2,turbulent,4971066570c0514eefde4ddea9b655240bd6c9e623494e704787c1a324466efa,0.0,0.0,0.0,"{'mean': -0.029256356969529614, 'std': 0.9833217427687496, 'min': -3.6484128252147836, 'max': 3.1788536793675353, 'skewness': -0.04588912403417841, 'kurtosis': 0.09801182439059009}",3,1,"[0, 2]",2,"(32, 32)",True
1080,pipe,8616.175489020434,1.0,-0.05,turbulent,6a5daf00cf5d5e00350a1c2f417d04a1b934b6fe7d5e0f60b918bf7923bfa0d4,0.0,0.0,0.0,"{'mean': 0.6451612903225806, 'std': 0.31691168593614655, 'min': 0.0, 'max': 0.9989594172736732, 'skewness': -0.6304339420761846, 'kurtosis': -0.882180438157667}",3,1,"[0, 1]",2,"(32, 32)",True
3662,cavity,2464.285714285714,1.5,-0.15,transition,8d8fa67b0889aa7501e39dde3c1bb23cf1c0da2417333547f02b09622809920a,0.0,0.0,0.0,"{'mean': 0.6451612903225806, 'std': 0.31691168593614655, 'min': 0.0, 'max': 0.9989594172736732, 'skewness': -0.6304339420761846, 'kurtosis': -0.882180438157667}",3,1,"[0, 1]",2,"(32, 32)",True
719,pipe,2464.285714285714,2.0,-0.25,transition,55a03d40e3a416b146d86ef654814e7ba216a99b4e544e41077bc1e351d10573,0.0,0.0,0.0,"{'mean': -0.029256356969529614, 'std': 0.9833217427687496, 'min': -3.6484128252147836, 'max': 3.1788536793675353, 'skewness': -0.04588912403417841, 'kurtosis': 0.09801182439059009}",3,1,"[0, 2]",2,"(32, 32)",True
60,pipe,166.8421052631579,1.5,-0.05,laminar,66b635f71334b6d63089b20032c03b1d64cbaadb258438780f78acff1c9602ea,0.0,0.0,0.0,"{'mean': 0.6451612903225806, 'std': 0.31691168593614655, 'min': 0.0, 'max': 0.9989594172736732, 'skewness': -0.6304339420761846, 'kurtosis': -0.882180438157667}",3,1,"[0, 1]",2,"(32, 32)",True
4102,cavity,12247.448713915892,0.5,-0.15,turbulent,13fae094169db300c259a052b2ccbf9fb5b158f42934392b4f24824abf661185,0.0,0.0,0.0,"{'mean': -0.029256356969529614, 'std': 0.9833217427687496, 'min': -3.6484128252147836, 'max': 3.1788536793675353, 'skewness': -0.04588912403417841, 'kurtosis': 0.09801182439059009}",3,1,"[0, 2]",2,"(32, 32)",True
2139,channel,2250.0,1.5,-0.25,transition,d14eab48b4bb900b5c9edc12d7008b489ee8efc87773b52f58740563b94c2dad,0.0,0.0,0.0,"{'mean': -0.029256356969529614, 'std': 0.9833217427687496, 'min': -3.6484128252147836, 'max': 3.1788536793675353, 'skewness': -0.04588912403417841, 'kurtosis': 0.09801182439059009}",3,1,"[0, 2]",2,"(32, 32)",True
2419,channel,4264.3451480959675,2.0,-0.25,turbulent,ac4a737b8dc23671686f0943b778fa9cb57ea6380545c99eafb75b477ab7c4fa,0.0,0.0,0.0,"{'mean': -0.029256356969529614, 'std': 0.9833217427687496, 'min': -3.6484128252147836, 'max': 3.1788536793675353, 'skewness': -0.04588912403417841, 'kurtosis': 0.09801182439059009}",3,1,"[0, 2]",2,"(32, 32)",True
4390,cavity,44469.233093619056,2.0,-0.05,turbulent,4471ac7d3bb3dd6a13516826c8e6516a7883f785a31a3a473d8ecbdff672dfaa,0.0,0.0,0.0,"{'mean': 0.6451612903225806, 'std': 0.31691168593614655, 'min': 0.0, 'max': 0.9989594172736732, 'skewness': -0.6304339420761846, 'kurtosis': -0.882180438157667}",3,1,"[0, 1]",2,"(32, 32)",True
1338,pipe,27823.91138509389,1.5,-0.2,turbulent,194bd6d893dcc009bf77799df6c2023e940919c247900a16f8ee3d788dfe1ef7,0.0,0.0,0.0,"{'mean': -0.029256356969529614, 'std': 0.9833217427687496, 'min': -3.6484128252147836, 'max': 3.1788536793675353, 'skewness': -0.04588912403417841, 'kurtosis': 0.09801182439059009}",3,1,"[0, 2]",2,"(32, 32)",True
2237,channel,2678.5714285714284,1.5,-0.15,turbulent,0cb81e646f0c9f6ebb75f3f42507a2f0332bf97707d9e7b65f8421c1a909a1b0,0.0,0.0,0.0,"{'mean': -0.029256356969529614, 'std': 0.9833217427687496, 'min': -3.6484128252147836, 'max': 3.1788536793675353, 'skewness': -0.04588912403417841, 'kurtosis': 0.09801182439059009}",3,1,"[0, 2]",2,"(32, 32)",True
1908,channel,1343.157894736842,1.0,-0.2,laminar,0c1434b7c76ba2f7c56331739b5a4119004207c07117b9f2aa9b978aed98d4ee,0.000982522964477539,0.0,0.000982522964477539,"{'mean': -0.029256356969529614, 'std': 0.9833217427687496, 'min': -3.6484128252147836, 'max': 3.1788536793675353, 'skewness': -0.04588912403417841, 'kurtosis': 0.09801182439059009}",3,1,"[0, 2]",2,"(32, 32)",True
823,pipe,2892.857142857143,2.5,-0.2,turbulent,782f086ce0acbee8cd8f2ded4bfa633839c9a65468da0c1e6684530d3601dd54,0.0,0.0,0.0,"{'mean': -0.029256356969529614, 'std': 0.9833217427687496, 'min': -3.6484128252147836, 'max': 3.1788536793675353, 'skewness': -0.04588912403417841, 'kurtosis': 0.09801182439059009}",3,1,"[0, 2]",2,"(32, 32)",True
1418,pipe,39550.25383869249,2.0,-0.2,turbulent,186f8caa60823055436107cc4eb8be51a5a8f03f7f058d2a420b8e98b4f99d3e,0.0,0.0,0.0,"{'mean': -0.029256356969529614, 'std': 0.9833217427687496, 'min': -3.6484128252147836, 'max': 3.1788536793675353, 'skewness': -0.04588912403417841, 'kurtosis': 0.09801182439059009}",3,1,"[0, 2]",2,"(32, 32)",True
1826,channel,1107.8947368421052,0.5,-0.1,laminar,ec7823b70a9f3e8880a1c6429c99091bf3202fa084d1ca4affcd90e1c0aced58,0.0,0.0,0.0,"{'mean': 0.6451612903225806, 'std': 0.31691168593614655, 'min': 0.0, 'max': 0.9989594172736732, 'skewness': -0.6304339420761846, 'kurtosis': -0.882180438157667}",3,1,"[0, 1]",2,"(32, 32)",True
1221,pipe,15483.400895311179,2.5,-0.1,turbulent,84e35d03bee9b850db01c41a76bd2676bb402cece10f22569f425b7242d2ecba,0.0,0.0,0.0,"{'mean': -0.029256356969529614, 'std': 0.9833217427687496, 'min': -3.6484128252147836, 'max': 3.1788536793675353, 'skewness': -0.04588912403417841, 'kurtosis': 0.09801182439059009}",3,1,"[0, 2]",2,"(32, 32)",True
270,pipe,794.2105263157895,2.5,-0.05,laminar,7a742bc2eeedf47790643f4321102cd70d7431768e3e2eb7315e9eb9dd947796,0.0,0.0,0.0,"{'mean': -0.029256356969529614, 'std': 0.9833217427687496, 'min': -3.6484128252147836, 'max': 3.1788536793675353, 'skewness': -0.04588912403417841, 'kurtosis': 0.09801182439059009}",3,1,"[0, 2]",2,"(32, 32)",True
330,pipe,1029.4736842105262,1.0,-0.05,laminar,8c85ff610124539a235a7e47857bda3603a012c34c99fad064bba9c70aeda00c,0.0,0.0,0.0,"{'mean': 0.6451612903225806, 'std': 0.31691168593614655, 'min': 0.0, 'max': 0.9989594172736732, 'skewness': -0.6304339420761846, 'kurtosis': -0.882180438157667}",3,1,"[0, 1]",2,"(32, 32)",True
1008,pipe,6061.546514029872,1.0,-0.2,turbulent,9fe49cdd3105f79af4360b6f28f887ef1e3c76211fb6b3683df1b4b9fea22873,0.0,0.0,0.0,"{'mean': -0.029256356969529614, 'std': 0.9833217427687496, 'min': -3.6484128252147836, 'max': 3.1788536793675353, 'skewness': -0.04588912403417841, 'kurtosis': 0.09801182439059009}",3,1,"[0, 2]",2,"(32, 32)",True
4373,cavity,39550.25383869249,2.5,-0.2,turbulent,e356e65c899756215b37cc7adb3ac540fdf232ad93514289ec70b84152bab6e0,0.0,0.0,0.0,"{'mean': -0.029256356969529614, 'std': 0.9833217427687496, 'min': -3.6484128252147836, 'max': 3.1788536793675353, 'skewness': -0.04588912403417841, 'kurtosis': 0.09801182439059009}",3,1,"[0, 2]",2,"(32, 32)",True
3587,cavity,2142.857142857143,1.5,-0.15,transition,9a5ee7d1e624f48e69c6e89d146817c20810ee27fcbb5fcff418f4c7b7b1fbe6,0.0,0.0,0.0,"{'mean': -0.029256356969529614, 'std': 0.9833217427687496, 'min': -3.6484128252147836, 'max': 3.1788536793675353, 'skewness': -0.04588912403417841, 'kurtosis': 0.09801182439059009}",3,1,"[0, 2]",2,"(32, 32)",True
3779,cavity,3000.0,0.5,-0.25,turbulent,3ce595e407d5e8659d9d9cba6f5206fba024da30075286f3a4aab1c661a701d0,0.0,0.0,0.0,"{'mean': -0.029256356969529614, 'std': 0.9833217427687496, 'min': -3.6484128252147836, 'max': 3.1788536793675353, 'skewness': -0.04588912403417841, 'kurtosis': 0.09801182439059009}",3,1,"[0, 2]",2,"(32, 32)",True
73,pipe,166.8421052631579,2.5,-0.2,laminar,44de74e6b292537f2f0b28793fd00ce468982881e7ce9f8cf54f83200760a295,0.0,0.0,0.0,"{'mean': -0.029256356969529614, 'std': 0.9833217427687496, 'min': -3.6484128252147836, 'max': 3.1788536793675353, 'skewness': -0.04588912403417841, 'kurtosis': 0.09801182439059009}",3,1,"[0, 2]",2,"(32, 32)",True
3564,cavity,2035.7142857142858,1.5,-0.25,transition,face00c4588b212953b7dc5be52858a33787a026f06c235752b4691b6efeca39,0.0,0.0,0.0,"{'mean': -0.029256356969529614, 'std': 0.9833217427687496, 'min': -3.6484128252147836, 'max': 3.1788536793675353, 'skewness': -0.04588912403417841, 'kurtosis': 0.09801182439059009}",3,1,"[0, 2]",2,"(32, 32)",True
3094,cavity,402.10526315789474,2.0,-0.25,laminar,fb9f9df7239212059df82a0bf2cd99c6be7e411265a18332a40ae1c067db1bb6,0.0,0.0,0.0,"{'mean': -0.029256356969529614, 'std': 0.9833217427687496, 'min': -3.6484128252147836, 'max': 3.1788536793675353, 'skewness': -0.04588912403417841, 'kurtosis': 0.09801182439059009}",3,1,"[0, 2]",2,"(32, 32)",True
3669,cavity,2464.285714285714,2.0,-0.25,transition,cda3240f9ae629c98f14299fa17e477d41e977a222ceae1f61d7b18161d19adf,0.0,0.0,0.0,"{'mean': -0.029256356969529614, 'std': 0.9833217427687496, 'min': -3.6484128252147836, 'max': 3.1788536793675353, 'skewness': -0.04588912403417841, 'kurtosis': 0.09801182439059009}",3,1,"[0, 2]",2,"(32, 32)",True
1046,pipe,6815.438554189565,2.5,-0.1,turbulent,7a890b3c29e5c2e4b9e8f45bf72a8ca9e395bca22510d4910346b08c33ee5b72,0.0,0.0,0.0,"{'mean': -0.029256356969529614, 'std': 0.9833217427687496, 'min': -3.6484128252147836, 'max': 3.1788536793675353, 'skewness': -0.04588912403417841, 'kurtosis': 0.09801182439059009}",3,1,"[0, 2]",2,"(32, 32)",True
2972,cavity,10.0,2.5,-0.15,laminar,68fe8b6b4b4ea98e6aa9677ffa2bccb68ccbda1eb83254923d040c457447ebe9,0.0,0.0,0.0,"{'mean': 0.6451612903225806, 'std': 0.31691168593614655, 'min': 0.0, 'max': 0.9989594172736732, 'skewness': -0.6304339420761846, 'kurtosis': -0.882180438157667}",3,1,"[0, 1]",2,"(32, 32)",True
1121,pipe,9687.79411023482,2.5,-0.1,turbulent,bf2154dc6817dbdc2d28b0e9ed017e7985193fbcbc39757e1747b853bc132a79,0.0,0.0010020732879638672,0.0010020732879638672,"{'mean': -0.029256356969529614, 'std': 0.9833217427687496, 'min': -3.6484128252147836, 'max': 3.1788536793675353, 'skewness': -0.04588912403417841, 'kurtosis': 0.09801182439059009}",3,1,"[0, 2]",2,"(32, 32)",True
3089,cavity,402.10526315789474,1.5,-0.25,laminar,787f2da969c2245f1252002810e292f144fbb93a101f8cb034dffa802ca5fa2b,0.0,0.0,0.0,"{'mean': -0.029256356969529614, 'std': 0.9833217427687496, 'min': -3.6484128252147836, 'max': 3.1788536793675353, 'skewness': -0.04588912403417841, 'kurtosis': 0.09801182439059009}",3,1,"[0, 2]",2,"(32, 32)",True
1962,channel,1500.0,1.5,-0.15,laminar,a8039449593eb0dc4a10940318bb37d5dfdda04881da70c13c0b13b2c79c09d2,0.0,0.0,0.0,"{'mean': -0.029256356969529614, 'std': 0.9833217427687496, 'min': -3.6484128252147836, 'max': 3.1788536793675353, 'skewness': -0.04588912403417841, 'kurtosis': 0.09801182439059009}",3,1,"[0, 2]",2,"(32, 32)",True
3767,cavity,2892.857142857143,2.0,-0.15,turbulent,a818dc712cacf0de93b4e1a67922a26e65bf33a080142bf49563da3e499665d4,0.0,0.0,0.0,"{'mean': -0.029256356969529614, 'std': 0.9833217427687496, 'min': -3.6484128252147836, 'max': 3.1788536793675353, 'skewness': -0.04588912403417841, 'kurtosis': 0.09801182439059009}",3,1,"[0, 2]",2,"(32, 32)",True
2051,channel,1928.5714285714284,0.5,-0.1,transition,91ab9e6a08608ea6ff686e4f77cc222827a7cc11de8c3a53677262ef9d7e1a7e,0.0,0.0,0.0,"{'mean': -0.029256356969529614, 'std': 0.9833217427687496, 'min': -3.6484128252147836, 'max': 3.1788536793675353, 'skewness': -0.04588912403417841, 'kurtosis': 0.09801182439059009}",3,1,"[0, 2]",2,"(32, 32)",True
4380,cavity,44469.233093619056,1.0,-0.05,turbulent,866c2fb19656440c37b63779ff74aca9cab015526a38b7a2cac9c3037be98c43,0.0,0.0,0.0,"{'mean': -0.029256356969529614, 'std': 0.9833217427687496, 'min': -3.6484128252147836, 'max': 3.1788536793675353, 'skewness': -0.04588912403417841, 'kurtosis': 0.09801182439059009}",3,1,"[0, 2]",2,"(32, 32)",True
4146,cavity,13770.69926991083,2.5,-0.1,turbulent,0b4d9c6dd079c61696c224132679ee8cf376ce062141e3cd7109b963ff382ff0,0.0,0.0,0.0,"{'mean': -0.029256356969529614, 'std': 0.9833217427687496, 'min': -3.6484128252147836, 'max': 3.1788536793675353, 'skewness': -0.04588912403417841, 'kurtosis': 0.09801182439059009}",3,1,"[0, 2]",2,"(32, 32)",True
291,pipe,872.6315789473684,2.0,-0.1,laminar,154cfaeca7edc223ac4352401f84c7a57d0709fff55615e64e17ed0969e26142,0.0,0.0,0.0,"{'mean': -0.029256356969529614, 'std': 0.9833217427687496, 'min': -3.6484128252147836, 'max': 3.1788536793675353, 'skewness': -0.04588912403417841, 'kurtosis': 0.09801182439059009}",3,1,"[0, 2]",2,"(32, 32)",True
4022,cavity,7663.09432393553,2.5,-0.15,turbulent,097c551174cfda1fbbc21781a54f2f041e35ecaf8b1e1f05a2300353dd8b7ec1,0.0,0.0,0.0,"{'mean': -0.029256356969529614, 'std': 0.9833217427687496, 'min': -3.6484128252147836, 'max': 3.1788536793675353, 'skewness': -0.04588912403417841, 'kurtosis': 0.09801182439059009}",3,1,"[0, 2]",2,"(32, 32)",True
45,pipe,88.42105263157895,2.5,-0.05,laminar,5f83cf2f533ee3f43d2052726a55ebd73ce343abd3e7466b5c66478f8803ca7a,0.0,0.0,0.0,"{'mean': -0.029256356969529614, 'std': 0.9833217427687496, 'min': -3.6484128252147836, 'max': 3.1788536793675353, 'skewness': -0.04588912403417841, 'kurtosis': 0.09801182439059009}",3,1,"[0, 2]",2,"(32, 32)",True
1635,channel,480.52631578947364,1.5,-0.05,laminar,1aeb8a97996cb4e524b04c90d2d9ea786e6f573836aceaa5bd0e8dad56061728,0.0,0.0,0.0,"{'mean': -0.029256356969529614, 'std': 0.9833217427687496, 'min': -3.6484128252147836, 'max': 3.1788536793675353, 'skewness': -0.04588912403417841, 'kurtosis': 0.09801182439059009}",3,1,"[0, 2]",2,"(32, 32)",True
753,pipe,2678.5714285714284,0.5,-0.2,turbulent,cf21a34d96f5723a0fadab07648be08f104ce0fe11bdd7146ee583268e56709f,0.0,0.0,0.0,"{'mean': -0.029256356969529614, 'std': 0.9833217427687496, 'min': -3.6484128252147836, 'max': 3.1788536793675353, 'skewness': -0.04588912403417841, 'kurtosis': 0.09801182439059009}",3,1,"[0, 2]",2,"(32, 32)",True
3122,cavity,480.52631578947364,2.5,-0.15,laminar,1ca5e1d8444e1ee2fd7cec470b119e610657f6681d8d9f54d60b04b449f79dda,0.0,0.0,0.0,"{'mean': -0.029256356969529614, 'std': 0.9833217427687496, 'min': -3.6484128252147836, 'max': 3.1788536793675353, 'skewness': -0.04588912403417841, 'kurtosis': 0.09801182439059009}",3,1,"[0, 2]",2,"(32, 32)",True
3469,cavity,1607.142857142857,2.0,-0.25,transition,91055ff16a1f8f551f69fe65240e00b9d4bd2a1dcd2ba84b6794924b90bba51b,0.0,0.0,0.0,"{'mean': -0.029256356969529614, 'std': 0.9833217427687496, 'min': -3.6484128252147836, 'max': 3.1788536793675353, 'skewness': -0.04588912403417841, 'kurtosis': 0.09801182439059009}",3,1,"[0, 2]",2,"(32, 32)",True
3562,cavity,2035.7142857142858,1.5,-0.15,transition,b2b793a222e90b702a158dbd3f5cf6716cc7913f69390a8b22e2689a04011a6a,0.0,0.0,0.0,"{'mean': -0.029256356969529614, 'std': 0.9833217427687496, 'min': -3.6484128252147836, 'max': 3.1788536793675353, 'skewness': -0.04588912403417841, 'kurtosis': 0.09801182439059009}",3,1,"[0, 2]",2,"(32, 32)",True
2962,cavity,10.0,1.5,-0.15,laminar,a1b7e3f65aec9cdbd4e87682474d692b9d74f68672cef66e10c4f48cb0ab5e59,0.0,0.0,0.0,"{'mean': -0.029256356969529614, 'std': 0.9833217427687496, 'min': -3.6484128252147836, 'max': 3.1788536793675353, 'skewness': -0.04588912403417841, 'kurtosis': 0.09801182439059009}",3,1,"[0, 2]",2,"(32, 32)",True
3625,cavity,2357.142857142857,0.5,-0.05,transition,43bea5ecae5463624ab205ca5fb8038f41ceb624cf772415dfdcaa285a141f7c,0.0,0.0009999275207519531,0.0009999275207519531,"{'mean': -0.029256356969529614, 'std': 0.9833217427687496, 'min': -3.6484128252147836, 'max': 3.1788536793675353, 'skewness': -0.04588912403417841, 'kurtosis': 0.09801182439059009}",3,1,"[0, 2]",2,"(32, 32)",True
1151,pipe,12247.448713915892,0.5,-0.1,turbulent,dc7e68c0d5534f27d415a7c9a26e374a0786e2301d4b566c38eed1507cfaecfe,0.0,0.0,0.0,"{'mean': 0.6451612903225806, 'std': 0.31691168593614655, 'min': 0.0, 'max': 0.9989594172736732, 'skewness': -0.6304339420761846, 'kurtosis': -0.882180438157667}",3,1,"[0, 1]",2,"(32, 32)",True
839,pipe,3000.0,1.5,-0.25,turbulent,14d55319676a80d1e26d997db5fa5c85f4d195eff33095cbf2e58e14ffaf3071,0.0,0.0,0.0,"{'mean': -0.029256356969529614, 'std': 0.9833217427687496, 'min': -3.6484128252147836, 'max': 3.1788536793675353, 'skewness': -0.04588912403417841, 'kurtosis': 0.09801182439059009}",3,1,"[0, 2]",2,"(32, 32)",True
1383,pipe,35175.3891372923,1.0,-0.2,turbulent,acd560b18444160dc9cfb0bbd1270ef2f625dc880b82bbaf6323f97968bbcefb,0.0,0.0,0.0,"{'mean': -0.029256356969529614, 'std': 0.9833217427687496, 'min': -3.6484128252147836, 'max': 3.1788536793675353, 'skewness': -0.04588912403417841, 'kurtosis': 0.09801182439059009}",3,1,"[0, 2]",2,"(32, 32)",True
1366,pipe,31284.451574100145,2.0,-0.1,turbulent,2ae0c63a29bfe8a80542e86048581d2776011069623f0549952474ceaaf3ca04,0.0,0.0,0.0,"{'mean': -0.029256356969529614, 'std': 0.9833217427687496, 'min': -3.6484128252147836, 'max': 3.1788536793675353, 'skewness': -0.04588912403417841, 'kurtosis': 0.09801182439059009}",3,1,"[0, 2]",2,"(32, 32)",True
2229,channel,2678.5714285714284,0.5,-0.25,turbulent,543299699be27297a424b75c2833f4d104763fdf8978a7cc48dc7d3c2666a637,0.0,0.0,0.0,"{'mean': 0.6451612903225806, 'std': 0.31691168593614655, 'min': 0.0, 'max': 0.9989594172736732, 'skewness': -0.6304339420761846, 'kurtosis': -0.882180438157667}",3,1,"[0, 1]",2,"(32, 32)",True
2134,channel,2250.0,1.0,-0.25,transition,95171dbc404fe5210013695938b2b04cb848ef951cc80fda5fd0bd850fbff33f,0.0,0.0,0.0,"{'mean': 0.6451612903225806, 'std': 0.31691168593614655, 'min': 0.0, 'max': 0.9989594172736732, 'skewness': -0.6304339420761846, 'kurtosis': -0.882180438157667}",3,1,"[0, 1]",2,"(32, 32)",True
382,pipe,1186.3157894736842,1.0,-0.15,laminar,c75d35d0cfbda661a27ab8d61006c291f343734047ffc5f104d05b24bd554bd7,0.0,0.0,0.0,"{'mean': -0.029256356969529614, 'std': 0.9833217427687496, 'min': -3.6484128252147836, 'max': 3.1788536793675353, 'skewness': -0.04588912403417841, 'kurtosis': 0.09801182439059009}",3,1,"[0, 2]",2,"(32, 32)",True
2420,channel,4264.3451480959675,2.5,-0.05,turbulent,a2d76e8cc56f58d1994ddb58f34ee6009763c23ab7799572a54ee629a8e08993,0.0,0.0,0.0,"{'mean': -0.029256356969529614, 'std': 0.9833217427687496, 'min': -3.6484128252147836, 'max': 3.1788536793675353, 'skewness': -0.04588912403417841, 'kurtosis': 0.09801182439059009}",3,1,"[0, 2]",2,"(32, 32)",True
4215,cavity,19574.338205844306,2.0,-0.05,turbulent,1d2b0c5aa878bdec849e57347d5d8497b7491ceeb8daebd2c85efa79a45f8afe,0.0,0.0,0.0,"{'mean': -0.029256356969529614, 'std': 0.9833217427687496, 'min': -3.6484128252147836, 'max': 3.1788536793675353, 'skewness': -0.04588912403417841, 'kurtosis': 0.09801182439059009}",3,1,"[0, 2]",2,"(32, 32)",True
2166,channel,2357.142857142857,2.0,-0.1,transition,8667664118f756379dbcb4114f5a1a0e642e3843b8bdd8a283d0dd7751cfde02,0.0,0.0,0.0,"{'mean': -0.029256356969529614, 'std': 0.9833217427687496, 'min': -3.6484128252147836, 'max': 3.1788536793675353, 'skewness': -0.04588912403417841, 'kurtosis': 0.09801182439059009}",3,1,"[0, 2]",2,"(32, 32)",True
3844,cavity,3373.118661259842,2.0,-0.25,turbulent,88e3030b1fd23e250dcd3b18edd16f28e76bdf6a6aaee8c47082965e489eb386,0.0,0.0,0.0,"{'mean': 0.6451612903225806, 'std': 0.31691168593614655, 'min': 0.0, 'max': 0.9989594172736732, 'skewness': -0.6304339420761846, 'kurtosis': -0.882180438157667}",3,1,"[0, 1]",2,"(32, 32)",True
3519,cavity,1821.4285714285716,2.0,-0.25,transition,d7e47653465f9c0a90f9da04e968ae04927f1e0fce42c9c9382ce4b67c3674ac,0.0,0.0,0.0,"{'mean': -0.029256356969529614, 'std': 0.9833217427687496, 'min': -3.6484128252147836, 'max': 3.1788536793675353, 'skewness': -0.04588912403417841, 'kurtosis': 0.09801182439059009}",3,1,"[0, 2]",2,"(32, 32)",True
1302,pipe,24746.16001919883,0.5,-0.15,turbulent,1519e06c6c5f5f4db8396b64158889eab712ed754c5536c98e3ff22cadbb2c19,0.0,0.0,0.0,"{'mean': 0.6451612903225806, 'std': 0.31691168593614655, 'min': 0.0, 'max': 0.9989594172736732, 'skewness': -0.6304339420761846, 'kurtosis': -0.882180438157667}",3,1,"[0, 1]",2,"(32, 32)",True
552,pipe,1821.4285714285716,0.5,-0.15,transition,48af21e8945e107b06faddc2212926874c6f9db809f46c8c24416eca86f95be3,0.0,0.0,0.0,"{'mean': -0.029256356969529614, 'std': 0.9833217427687496, 'min': -3.6484128252147836, 'max': 3.1788536793675353, 'skewness': -0.04588912403417841, 'kurtosis': 0.09801182439059009}",3,1,"[0, 2]",2,"(32, 32)",True
3437,cavity,1500.0,1.5,-0.15,laminar,9f481c02e19c5402c368e0bd3313a0cf2c5e3618b105d0791627a58c494d63c3,0.0,0.0,0.0,"{'mean': 0.6451612903225806, 'std': 0.31691168593614655, 'min': 0.0, 'max': 0.9989594172736732, 'skewness': -0.6304339420761846, 'kurtosis': -0.882180438157667}",3,1,"[0, 1]",2,"(32, 32)",True
2388,channel,3792.643167646458,1.5,-0.2,turbulent,7a26a83878d99cd2185f345f1ff03f009f00a593333a4fbecc80ef8df672cb1d,0.0009996891021728516,0.0,0.0009996891021728516,"{'mean': -0.029256356969529614, 'std': 0.9833217427687496, 'min': -3.6484128252147836, 'max': 3.1788536793675353, 'skewness': -0.04588912403417841, 'kurtosis': 0.09801182439059009}",3,1,"[0, 2]",2,"(32, 32)",True
985,pipe,5391.046496804163,1.5,-0.05,turbulent,2a55bbabcf46127eaf43f5be21d20382eb2cd17f87efb70a069d390bd2cfdc48,0.0,0.0,0.0,"{'mean': 0.6451612903225806, 'std': 0.31691168593614655, 'min': 0.0, 'max': 0.9989594172736732, 'skewness': -0.6304339420761846, 'kurtosis': -0.882180438157667}",3,1,"[0, 1]",2,"(32, 32)",True
1693,channel,637.3684210526316,2.0,-0.2,laminar,0d31bfa9c9540aff90264f74bfa72b644c1cad5d527fe4029db2bb6692e7c0fb,0.0,0.0005037784576416016,0.0005037784576416016,"{'mean': -0.029256356969529614, 'std': 0.9833217427687496, 'min': -3.6484128252147836, 'max': 3.1788536793675353, 'skewness': -0.04588912403417841, 'kurtosis': 0.09801182439059009}",3,1,"[0, 2]",2,"(32, 32)",True
4277,cavity,27823.91138509389,0.5,-0.15,turbulent,ca35e17b66959814f2e40bd02cdf62e201462ad9182c7c6c5505e50ad2299e1f,0.0,0.0,0.0,"{'mean': 0.6451612903225806, 'std': 0.31691168593614655, 'min': 0.0, 'max': 0.9989594172736732, 'skewness': -0.6304339420761846, 'kurtosis': -0.882180438157667}",3,1,"[0, 1]",2,"(32, 32)",True
3183,cavity,715.7894736842105,1.0,-0.2,laminar,862f9c825f86a366e7f634b7b5e7aa90672ec068a09421de34e4074488ec14ef,0.0,0.0,0.0,"{'mean': -0.029256356969529614, 'std': 0.9833217427687496, 'min': -3.6484128252147836, 'max': 3.1788536793675353, 'skewness': -0.04588912403417841, 'kurtosis': 0.09801182439059009}",3,1,"[0, 2]",2,"(32, 32)",True
3816,cavity,3000.0000000000014,2.0,-0.1,turbulent,232f4d361a7ac23f8549a2f08dc040229a5ec50294e973b09d106784d70349a5,0.0,0.0,0.0,"{'mean': -0.029256356969529614, 'std': 0.9833217427687496, 'min': -3.6484128252147836, 'max': 3.1788536793675353, 'skewness': -0.04588912403417841, 'kurtosis': 0.09801182439059009}",3,1,"[0, 2]",2,"(32, 32)",True
816,pipe,2892.857142857143,2.0,-0.1,turbulent,30939f58ae6b0080ff656a8938acb560553fa9bd3db39286eb636b22d1ecf0f9,0.0,0.0,0.0,"{'mean': 0.6451612903225806, 'std': 0.31691168593614655, 'min': 0.0, 'max': 0.9989594172736732, 'skewness': -0.6304339420761846, 'kurtosis': -0.882180438157667}",3,1,"[0, 1]",2,"(32, 32)",True
3032,cavity,245.26315789473682,1.0,-0.15,laminar,c0ac76d513c295b02c02a814553e91e00faf7e385d8a424528fa607411b8a263,0.0,0.0,0.0,"{'mean': -0.029256356969529614, 'std': 0.9833217427687496, 'min': -3.6484128252147836, 'max': 3.1788536793675353, 'skewness': -0.04588912403417841, 'kurtosis': 0.09801182439059009}",3,1,"[0, 2]",2,"(32, 32)",True
2807,channel,27823.91138509389,1.0,-0.15,turbulent,032c7ba6bad764a4e4efec2b9577ab5765f4b7fa17baf53b52ae07047ec31b18,0.0,0.0,0.0,"{'mean': 0.6451612903225806, 'std': 0.31691168593614655, 'min': 0.0, 'max': 0.9989594172736732, 'skewness': -0.6304339420761846, 'kurtosis': -0.882180438157667}",3,1,"[0, 1]",2,"(32, 32)",True
3967,cavity,6061.546514029872,2.0,-0.15,turbulent,1578749f8b37d7ef7e54f45b8cde9286a5f3c146c807701e4aecc6fd9b97d4a7,0.0,0.0,0.0,"{'mean': 0.6451612903225806, 'std': 0.31691168593614655, 'min': 0.0, 'max': 0.9989594172736732, 'skewness': -0.6304339420761846, 'kurtosis': -0.882180438157667}",3,1,"[0, 1]",2,"(32, 32)",True
3681,cavity,2571.4285714285716,1.0,-0.1,turbulent,ea42d8e9488681c8dfc85b68d8cfbb295736f4b909cd0323286bf73af909ada8,0.0,0.0,0.0,"{'mean': -0.029256356969529614, 'std': 0.9833217427687496, 'min': -3.6484128252147836, 'max': 3.1788536793675353, 'skewness': -0.04588912403417841, 'kurtosis': 0.09801182439059009}",3,1,"[0, 2]",2,"(32, 32)",True
2366,channel,3373.118661259842,2.0,-0.1,turbulent,f5c53075171d2bcc0acd6adc17b819b0d7a4da0bce7f0ab01c3e354f92410cfb,0.0,0.0,0.0,"{'mean': -0.029256356969529614, 'std': 0.9833217427687496, 'min': -3.6484128252147836, 'max': 3.1788536793675353, 'skewness': -0.04588912403417841, 'kurtosis': 0.09801182439059009}",3,1,"[0, 2]",2,"(32, 32)",True
1228,pipe,17409.116166580472,0.5,-0.2,turbulent,0c9877c8387dc5ae3c25769f034ce00d93dee4ecca11c58cb2471698fbf08e38,0.0,0.0,0.0,"{'mean': 0.6451612903225806, 'std': 0.31691168593614655, 'min': 0.0, 'max': 0.9989594172736732, 'skewness': -0.6304339420761846, 'kurtosis': -0.882180438157667}",3,1,"[0, 1]",2,"(32, 32)",True
834,pipe,3000.0,1.0,-0.25,turbulent,8ef7779ecfb642bbc88023f732274fb3897324881ea7fdca92a8da20fdb88fe8,0.0,0.0,0.0,"{'mean': -0.029256356969529614, 'std': 0.9833217427687496, 'min': -3.6484128252147836, 'max': 3.1788536793675353, 'skewness': -0.04588912403417841, 'kurtosis': 0.09801182439059009}",3,1,"[0, 2]",2,"(32, 32)",True
1334,pipe,27823.91138509389,1.0,-0.25,turbulent,0a370c57e05d185f407e5a0adfd7b8db02385aadff7d59ce82d7e457ec1a8226,0.0,0.0,0.0,"{'mean': -0.029256356969529614, 'std': 0.9833217427687496, 'min': -3.6484128252147836, 'max': 3.1788536793675353, 'skewness': -0.04588912403417841, 'kurtosis': 0.09801182439059009}",3,1,"[0, 2]",2,"(32, 32)",True
2147,channel,2250.0,2.5,-0.15,transition,2c07a76e9b7a842a6a05a7a2bed03e40be664bbfcec06ae144508e6732e3ae4b,0.0,0.0,0.0,"{'mean': -0.029256356969529614, 'std': 0.9833217427687496, 'min': -3.6484128252147836, 'max': 3.1788536793675353, 'skewness': -0.04588912403417841, 'kurtosis': 0.09801182439059009}",3,1,"[0, 2]",2,"(32, 32)",True
4340,cavity,35175.3891372923,2.0,-0.05,turbulent,e3e2093b65e34e7eb9f1bdd2ab59d6acec56fb78e31a70d3b0c8217460d1704d,0.0,0.0,0.0,"{'mean': -0.029256356969529614, 'std': 0.9833217427687496, 'min': -3.6484128252147836, 'max': 3.1788536793675353, 'skewness': -0.04588912403417841, 'kurtosis': 0.09801182439059009}",3,1,"[0, 2]",2,"(32, 32)",True
4005,cavity,7663.09432393553,1.0,-0.05,turbulent,c2255eeaf77fbd725e432606b4a538dee6f813ed051666c26976ff58876ff0fc,0.0,0.0,0.0,"{'mean': 0.6451612903225806, 'std': 0.31691168593614655, 'min': 0.0, 'max': 0.9989594172736732, 'skewness': -0.6304339420761846, 'kurtosis': -0.882180438157667}",3,1,"[0, 1]",2,"(32, 32)",True
3042,cavity,245.26315789473682,2.0,-0.15,laminar,b6c58067e6a9ef0984c72a831bb4075204e2d74ccf65d195065a8b763777f371,0.0,0.0,0.0,"{'mean': -0.029256356969529614, 'std': 0.9833217427687496, 'min': -3.6484128252147836, 'max': 3.1788536793675353, 'skewness': -0.04588912403417841, 'kurtosis': 0.09801182439059009}",3,1,"[0, 2]",2,"(32, 32)",True
1666,channel,558.9473684210526,2.0,-0.1,laminar,8bd000678ba029005fd8f702743d3ef3dfe695601673407bd73fc29b4b002900,0.0,0.0,0.0,"{'mean': -0.029256356969529614, 'std': 0.9833217427687496, 'min': -3.6484128252147836, 'max': 3.1788536793675353, 'skewness': -0.04588912403417841, 'kurtosis': 0.09801182439059009}",3,1,"[0, 2]",2,"(32, 32)",True
