{
    "entropy": [
        0.9999740313334506,
        0.9983373765218819,
        0.9902716614103877,
        0.9679505356936393,
        0.9393127137322361,
        0.890851296603444,
        0.8297494277867028,
        0.7619892744665404,
        0.6461380758647463,
        0.5789769306918972,
        0.47843386545963823,
        0.39151926988152996,
        0.3194539658094462,
        0.24229218908241482,
        0.1943918578315762,
        0.13005884617909685,
        0.08735191991631619,
        0.05291508034484766,
        0.037622360322278434,
        0.02946405184492225,
        0.02946405184492225,
        0.020814071335501033,
        0.011407757737461138,
        0.011407757737461138,
        0.011407757737461138,
        -0.0,
        -0.0,
        -0.0,
        -0.0,
        -0.0,
        -0.0,
        -0.0,
        -0.0,
        -0.0,
        -0.0,
        -0.0,
        -0.0,
        -0.0,
        -0.0,
        -0.0,
        -0.0,
        -0.0,
        -0.0,
        -0.0,
        -0.0,
        -0.0,
        -0.0,
        -0.0,
        -0.0,
        -0.0
    ],
    "coherence": [
        0.006000000000000005,
        0.04800000000000004,
        0.11600000000000005,
        0.20999999999999996,
        0.28800000000000003,
        0.38399999999999995,
        0.476,
        0.558,
        0.6699999999999999,
        0.724,
        0.794,
        0.8460000000000001,
        0.8839999999999999,
        0.9199999999999999,
        0.94,
        0.964,
        0.978,
        0.988,
        0.992,
        0.994,
        0.994,
        0.996,
        0.998,
        0.998,
        0.998,
        1.0,
        1.0,
        1.0,
        1.0,
        1.0,
        1.0,
        1.0,
        1.0,
        1.0,
        1.0,
        1.0,
        1.0,
        1.0,
        1.0,
        1.0,
        1.0,
        1.0,
        1.0,
        1.0,
        1.0,
        1.0,
        1.0,
        1.0,
        1.0,
        1.0
    ],
    "stability": [
        0.503,
        0.524,
        0.558,
        0.605,
        0.644,
        0.692,
        0.738,
        0.779,
        0.835,
        0.862,
        0.897,
        0.923,
        0.942,
        0.96,
        0.97,
        0.982,
        0.989,
        0.994,
        0.996,
        0.997,
        0.997,
        0.998,
        0.999,
        0.999,
        0.999,
        1.0,
        1.0,
        1.0,
        1.0,
        1.0,
        1.0,
        1.0,
        1.0,
        1.0,
        1.0,
        1.0,
        1.0,
        1.0,
        1.0,
        1.0,
        1.0,
        1.0,
        1.0,
        1.0,
        1.0,
        1.0,
        1.0,
        1.0,
        1.0,
        1.0
    ],
    "final_stability": 1.0,
    "max_stability_rate": 0.05599999999999994,
    "pressures": [
        0.05,
        0.06938775510204082,
        0.08877551020408164,
        0.10816326530612246,
        0.12755102040816327,
        0.14693877551020407,
        0.1663265306122449,
        0.18571428571428572,
        0.20510204081632655,
        0.22448979591836737,
        0.24387755102040815,
        0.26326530612244897,
        0.2826530612244898,
        0.3020408163265306,
        0.3214285714285714,
        0.3408163265306122,
        0.36020408163265305,
        0.3795918367346939,
        0.3989795918367347,
        0.4183673469387755,
        0.4377551020408163,
        0.45714285714285713,
        0.47653061224489796,
        0.4959183673469388,
        0.5153061224489797,
        0.5346938775510204,
        0.5540816326530613,
        0.573469387755102,
        0.5928571428571429,
        0.6122448979591837,
        0.6316326530612245,
        0.6510204081632653,
        0.6704081632653062,
        0.689795918367347,
        0.7091836734693878,
        0.7285714285714286,
        0.7479591836734695,
        0.7673469387755103,
        0.786734693877551,
        0.8061224489795918,
        0.8255102040816327,
        0.8448979591836735,
        0.8642857142857143,
        0.8836734693877552,
        0.903061224489796,
        0.9224489795918368,
        0.9418367346938776,
        0.9612244897959185,
        0.9806122448979593,
        1.0
    ],
    "mse_vs_quantum": 0.7020565341738311,
    "r2_vs_quantum": -9.517494280101426,
    "step_below_coherence_0.1": 0,
    "control_entropy": [
        0.9999740313334506,
        0.9983373765218819,
        0.9944066525627802,
        0.9870084402431714,
        0.9795438195294627,
        0.9654418524099558,
        0.9566172292852868,
        0.9418499821369986,
        0.9228919718923305,
        0.9043814577244937,
        0.8861256474645222,
        0.8687212463394045,
        0.8527113370324146,
        0.8297494277867028,
        0.8016291015856118,
        0.7814814932386422,
        0.7564987103663676,
        0.7395669234392042,
        0.7199235808145241,
        0.6993748439640959,
        0.6800770457282799,
        0.6461380758647463,
        0.6319118609672982,
        0.6073321363584707,
        0.5763278347550568,
        0.5601743246989673,
        0.5293608652873644,
        0.5118645037875602,
        0.5029249112475598,
        0.4753035717834445,
        0.4496822131225001,
        0.4297586093037604,
        0.41955649623854696,
        0.4056929882938097,
        0.39509256051498204,
        0.3806766127065658,
        0.37702062682797877,
        0.3546271671967254,
        0.3392404417949342,
        0.3194539658094462,
        0.2948328193632007,
        0.28213374645204603,
        0.2778395739583094,
        0.2735138277070635,
        0.26915586965420646,
        0.25588191564677043,
        0.23768828956288524,
        0.23768828956288524,
        0.23304589256445052,
        0.218877726539011
    ],
    "control_coherence": [
        0.006000000000000005,
        0.04800000000000004,
        0.08800000000000002,
        0.13399999999999995,
        0.16799999999999998,
        0.21799999999999997,
        0.244,
        0.28200000000000003,
        0.324,
        0.36000000000000004,
        0.39199999999999996,
        0.42,
        0.44399999999999995,
        0.476,
        0.512,
        0.536,
        0.5640000000000001,
        0.5820000000000001,
        0.6020000000000001,
        0.6220000000000001,
        0.6399999999999999,
        0.6699999999999999,
        0.6819999999999999,
        0.702,
        0.726,
        0.738,
        0.76,
        0.772,
        0.778,
        0.796,
        0.812,
        0.8240000000000001,
        0.8300000000000001,
        0.8380000000000001,
        0.8440000000000001,
        0.8520000000000001,
        0.8540000000000001,
        0.8660000000000001,
        0.8740000000000001,
        0.8839999999999999,
        0.8959999999999999,
        0.9019999999999999,
        0.9039999999999999,
        0.9059999999999999,
        0.9079999999999999,
        0.9139999999999999,
        0.9219999999999999,
        0.9219999999999999,
        0.9239999999999999,
        0.9299999999999999
    ],
    "control_stability": [
        0.503,
        0.524,
        0.544,
        0.567,
        0.584,
        0.609,
        0.622,
        0.641,
        0.662,
        0.68,
        0.696,
        0.71,
        0.722,
        0.738,
        0.756,
        0.768,
        0.782,
        0.791,
        0.801,
        0.811,
        0.82,
        0.835,
        0.841,
        0.851,
        0.863,
        0.869,
        0.88,
        0.886,
        0.889,
        0.898,
        0.906,
        0.912,
        0.915,
        0.919,
        0.922,
        0.926,
        0.927,
        0.933,
        0.937,
        0.942,
        0.948,
        0.951,
        0.952,
        0.953,
        0.954,
        0.957,
        0.961,
        0.961,
        0.962,
        0.965
    ],
    "control_mse_vs_quantum": 0.4599014793180603,
    "control_r2_vs_quantum": -5.889774459303339,