{
  "0": {
    "t_stat": 0.9308592560085927,
    "p_value": 0.3643596363270114
  },
  "1": {
    "t_stat": 1.8616332949649486,
    "p_value": 0.08040039559153148
  },
  "2": {
    "t_stat": 0.1975499091202396,
    "p_value": 0.8463562562694708
  },
  "3": {
    "t_stat": -1.6052523649874384,
    "p_value": 0.12586340626207365
  }
}