{
  "0": {
    "t_stat": -0.030637369903678057,
    "p_value": 0.9759135808876038
  },
  "1": {
    "t_stat": -1.6300646716485847,
    "p_value": 0.12338665246654153
  },
  "2": {
    "t_stat": -1.4284859661089766,
    "p_value": 0.17336360412433627
  },
  "3": {
    "t_stat": 1.463574770544644,
    "p_value": 0.16639221181895344
  },
  "4": {
    "t_stat": -1.2464626123222304,
    "p_value": 0.228623846650445
  },
  "5": {
    "t_stat": 0.5481226465355062,
    "p_value": 0.5926724919958846
  }
}