{
  "0": {
    "t_stat": -0.5696661101267473,
    "p_value": 0.5762339369509976
  },
  "1": {
    "t_stat": 0.9454721066152667,
    "p_value": 0.3574166836858996
  },
  "2": {
    "t_stat": -0.7382867240776714,
    "p_value": 0.4735136204055691
  },
  "3": {
    "t_stat": -0.6323820676988812,
    "p_value": 0.5350922954882624
  }
}